date,window,industry,rank,ret,rel,members
2026-08-02,1W,Oilfield Services/Equipment,1,16.735044711686704,13.989524083606051,2
2026-08-02,1W,Electronics Distributors,2,13.060876152180825,10.31535552410017,4
2026-08-02,1W,Oil & Gas Production,3,9.338443520698506,6.592922892617854,3
2026-08-02,1W,Information Technology Services,4,8.399269570607345,5.6537489425266925,30
2026-08-02,1W,Automotive Aftermarket,5,7.783280609546682,5.03775998146603,7
2026-08-02,1W,Railroads,6,7.741268064278863,4.995747436198211,2
2026-08-02,1W,Data Processing Services,7,7.482159238861224,4.736638610780572,3
2026-08-02,1W,Broadcasting,8,7.264064379096756,4.518543751016104,3
2026-08-02,1W,Motor Vehicles,9,6.2686811275180965,3.523160499437444,16
2026-08-02,1W,Electronic Components,10,6.157288129111732,3.41176750103108,5
2026-08-02,1W,Biotechnology,11,5.726132487963356,2.9806118598827034,4
2026-08-02,1W,Trucks/Construction/Farm Machinery,12,5.595174003987621,2.8496533759069687,19
2026-08-02,1W,Finance/Rental/Leasing,13,5.482225759210535,2.7367051311298827,53
2026-08-02,1W,Air Freight/Couriers,14,5.2973117216662216,2.551791093585569,9
2026-08-02,1W,Beverages: Alcoholic,15,5.149735514211004,2.404214886130352,9
2026-08-02,1W,Packaged Software,16,4.84531537248427,2.099794744403618,35
2026-08-02,1W,Restaurants,17,4.76080119597019,2.015280567889538,7
2026-08-02,1W,Medical/Nursing Services,18,4.690456174485464,1.944935546404812,12
2026-08-02,1W,Movies/Entertainment,19,4.503944404093421,1.7584237760127683,7
2026-08-02,1W,Financial Conglomerates,20,4.421582412878371,1.676061784797719,7
2026-08-02,1W,Food: Major Diversified,21,4.12439555619571,1.3788749281150574,5
2026-08-02,1W,Marine Shipping,22,4.061356010193549,1.3158353821128967,3
2026-08-02,1W,Electronic Production Equipment,23,3.868532014566032,1.1230113864853792,9
2026-08-02,1W,Trucking,24,3.7857570612770406,1.0402364331963885,3
2026-08-02,1W,Pharmaceuticals: Other,25,3.519321020392599,0.7738003923119465,6
2026-08-02,1W,Gas Distributors,26,3.4140289577315803,0.668508329650928,6
2026-08-02,1W,Internet Software/Services,27,3.3563140949006702,0.6107934668200179,13
2026-08-02,1W,Life/Health Insurance,28,3.3273356310168647,0.5818150029362124,8
2026-08-02,1W,Steel,29,3.323338895716564,0.5778182676359118,46
2026-08-02,1W,Real Estate Development,30,3.2672217039741014,0.521701075893449,32
2026-08-02,1W,Pharmaceuticals: Major,31,3.158535223957763,0.4130145958771107,77
2026-08-02,1W,Miscellaneous Commercial Services,32,3.0427306820391853,0.2972100539585329,33
2026-08-02,1W,Internet Retail,33,2.864085630112442,0.1185650020317896,4
2026-08-02,1W,Electronics/Appliance Stores,34,2.77738616455386,0.0318655364732078,2
2026-08-02,1W,Publishing: Newspapers,35,2.647820486478798,-0.0977001416018543,2
2026-08-02,1W,Personnel Services,36,2.59916069450275,-0.1463599335779024,2
2026-08-02,1W,Other Metals/Minerals,37,2.583950636034056,-0.1615699920465965,15
2026-08-02,1W,Investment Managers,38,2.527697731185224,-0.2178228968954285,13
2026-08-02,1W,Auto Parts: OEM,39,2.444033622323501,-0.3014870057571515,51
2026-08-02,1W,Regional Banks,40,2.318101991956853,-0.4274186361237992,20
2026-08-02,1W,Electronic Equipment/Instruments,41,2.2717844305994905,-0.4737361974811618,8
2026-08-02,1W,Chemicals: Agricultural,42,2.247800202530331,-0.4977204255503213,24
2026-08-02,1W,Hospital/Nursing Management,43,2.242401723245288,-0.5031189048353641,17
2026-08-02,1W,Apparel/Footwear,44,2.1028439646690447,-0.6426766634116077,15
2026-08-02,1W,Specialty Stores,45,1.9933341739740995,-0.7521864541065528,11
2026-08-02,1W,Industrial Specialties,46,1.984760151923032,-0.7607604761576201,25
2026-08-02,1W,Food: Specialty/Candy,47,1.940588673243485,-0.8049319548371674,19
2026-08-02,1W,Aluminum,48,1.9176342719625084,-0.827886356118144,4
2026-08-02,1W,Chemicals: Major Diversified,49,1.8884244272906543,-0.857096200789998,11
2026-08-02,1W,Hotels/Resorts/Cruise lines,50,1.859722634398347,-0.8857979936823053,11
2026-08-02,1W,Wireless Telecommunications,51,1.8472039656555328,-0.8983166624251195,3
2026-08-02,1W,Containers/Packaging,52,1.8354087825400875,-0.9101118455405648,10
2026-08-02,1W,Industrial Machinery,53,1.7989468444958503,-0.946573783584802,55
2026-08-02,1W,Investment Banks/Brokers,54,1.7012422421927589,-1.0442783858878937,21
2026-08-02,1W,Homebuilding,55,1.577537090234723,-1.1679835378459291,4
2026-08-02,1W,Major Banks,56,1.5449134988780544,-1.200607129202598,22
2026-08-02,1W,Medical Specialties,57,1.5352238615320992,-1.2102967665485531,5
2026-08-02,1W,Metal Fabrication,58,1.531915824254877,-1.2136048038257754,26
2026-08-02,1W,Office Equipment/Supplies,59,1.5298804448788714,-1.215640183201781,6
2026-08-02,1W,Home Furnishings,60,1.5241630828853292,-1.2213575451953231,6
2026-08-02,1W,Engineering & Construction,61,1.2625853155747533,-1.482935312505899,54
2026-08-02,1W,Telecommunications Equipment,62,1.2589956184531967,-1.4865250096274556,7
2026-08-02,1W,Other Consumer Services,63,1.1004371294488615,-1.6450834986317906,5
2026-08-02,1W,Electrical Products,64,0.9943662330358366,-1.7511543950448156,52
2026-08-02,1W,Chemicals: Specialty,65,0.9286603326772064,-1.8168602954034456,48
2026-08-02,1W,Pulp & Paper,66,0.9238355537408528,-1.8216850743398,4
2026-08-02,1W,Agricultural Commodities/Milling,67,0.8366290353175584,-1.9088915927630936,22
2026-08-02,1W,Coal,68,0.8228588152725094,-1.922661812808143,4
2026-08-02,1W,Oil Refining/Marketing,69,0.720806920593929,-2.024713707486723,10
2026-08-02,1W,Apparel/Footwear Retail,70,0.6425654927978566,-2.102955135282796,12
2026-08-02,1W,Tobacco,71,0.6108330495741234,-2.134687578506529,3
2026-08-02,1W,Real Estate Investment Trusts,72,0.6090696957587296,-2.1364509323219227,7
2026-08-02,1W,Other Transportation,73,0.6074518514285583,-2.1380687766520943,4
2026-08-02,1W,Miscellaneous Manufacturing,74,0.5935921510841239,-2.1519284769965283,13
2026-08-02,1W,Building Products,75,0.5199920205865142,-2.2255286074941383,12
2026-08-02,1W,Aerospace & Defense,76,0.4794048322981666,-2.266115795782486,9
2026-08-02,1W,Financial Publishing/Services,77,0.4381524171745633,-2.307368210906089,2
2026-08-02,1W,Household/Personal Care,78,0.3928276294097528,-2.3526929986708995,11
2026-08-02,1W,Construction Materials,79,0.2983954487882794,-2.4471251792923727,19
2026-08-02,1W,Specialty Insurance,80,0.2981595052693667,-2.447361122811285,2
2026-08-02,1W,Industrial Conglomerates,81,0.0972366051676353,-2.648284022913017,3
2026-08-02,1W,Electric Utilities,82,0.0372516604146549,-2.708268967665997,24
2026-08-02,1W,Multi-Line Insurance,83,-0.0469931899023231,-2.792513817982976,5
2026-08-02,1W,Food: Meat/Fish/Dairy,84,-0.0992360757203122,-2.8447567038009645,6
2026-08-02,1W,Textiles,85,-0.1776908914843531,-2.923211519565005,24
2026-08-02,1W,Electronics/Appliances,86,-0.2133235981736317,-2.958844226254284,9
2026-08-02,1W,Semiconductors,87,-0.4746529045530958,-3.220173532633748,9
2026-08-02,1W,Wholesale Distributors,88,-0.7927874974193784,-3.5383081255000306,16
2026-08-02,1W,Other Consumer Specialties,89,-0.9044395890942452,-3.6499602171748977,16
2026-08-02,1W,Investment Trusts/Mutual Funds,90,-1.4643603857304748,-4.209881013811128,4
2026-08-02,1W,Major Telecommunications,91,-1.6502010551615078,-4.39572168324216,6
2026-08-02,1W,Forest Products,92,-2.229058744676869,-4.974579372757521,2
2026-08-02,1W,Alternative Power Generation,93,-2.2351276161109377,-4.98064824419159,10
2026-08-02,1W,Integrated Oil,94,-2.9184564885818123,-5.663977116662465,3
2026-08-03,1W,Oilfield Services/Equipment,1,15.951281991671332,13.005564279647762,3
2026-08-03,1W,Electronics Distributors,2,13.151253416157031,10.205535704133462,4
2026-08-03,1W,Railroads,3,9.254246927853508,6.308529215829937,2
2026-08-03,1W,Data Processing Services,4,8.738192146305618,5.792474434282047,3
2026-08-03,1W,Information Technology Services,5,8.0145055656972,5.06878785367363,30
2026-08-03,1W,Automotive Aftermarket,6,7.627484957981458,4.681767245957888,8
2026-08-03,1W,Restaurants,7,7.50062163207843,4.55490392005486,7
2026-08-03,1W,Motor Vehicles,8,7.349294107289697,4.403576395266127,16
2026-08-03,1W,Electronic Components,9,6.72843751267261,3.7827198006490392,5
2026-08-03,1W,Internet Software/Services,10,6.31305739130979,3.367339679286219,13
2026-08-03,1W,Trucks/Construction/Farm Machinery,11,6.151085424237095,3.205367712213524,19
2026-08-03,1W,Oil & Gas Production,12,6.013806337761753,3.068088625738183,3
2026-08-03,1W,Packaged Software,13,5.747289345693329,2.801571633669759,37
2026-08-03,1W,Air Freight/Couriers,14,5.56179146350037,2.6160737514767995,9
2026-08-03,1W,Financial Conglomerates,15,5.545135574138723,2.599417862115153,8
2026-08-03,1W,Finance/Rental/Leasing,16,5.528248331506205,2.5825306194826347,55
2026-08-03,1W,Biotechnology,17,5.158539878108024,2.2128221660844534,4
2026-08-03,1W,Personnel Services,18,4.788499626734918,1.842781914711348,2
2026-08-03,1W,Life/Health Insurance,19,4.465320854030843,1.5196031420072722,8
2026-08-03,1W,Airlines,20,4.460512242130954,1.5147945301073835,2
2026-08-03,1W,Miscellaneous Commercial Services,21,4.354425995956063,1.408708283932493,34
2026-08-03,1W,Financial Publishing/Services,22,3.903783121932538,0.9580654099089676,2
2026-08-03,1W,Food: Major Diversified,23,3.8859827816120895,0.9402650695885192,5
2026-08-03,1W,Steel,24,3.585606381530736,0.6398886695071648,49
2026-08-03,1W,Electronic Production Equipment,25,3.543591565357469,0.5978738533338981,10
2026-08-03,1W,Beverages: Alcoholic,26,3.3942082590861378,0.4484905470625673,9
2026-08-03,1W,Auto Parts: OEM,27,3.374053037047273,0.4283353250237027,52
2026-08-03,1W,Multi-Line Insurance,28,3.3699964961804354,0.4242787841568649,5
2026-08-03,1W,Pharmaceuticals: Major,29,3.2351927215386898,0.2894750095151193,79
2026-08-03,1W,Medical/Nursing Services,30,3.1914878363338843,0.2457701243103138,10
2026-08-03,1W,Electronic Equipment/Instruments,31,2.9146167694642995,-0.0311009425592709,8
2026-08-03,1W,Gas Distributors,32,2.857430577370464,-0.0882871346531066,6
2026-08-03,1W,Real Estate Development,33,2.848483572045231,-0.0972341399783394,35
2026-08-03,1W,Movies/Entertainment,34,2.473465943227641,-0.4722517687959295,7
2026-08-03,1W,Food: Specialty/Candy,35,2.4674537030987054,-0.4782640089248651,19
2026-08-03,1W,Apparel/Footwear Retail,36,2.4080494831353656,-0.5376682288882049,12
2026-08-03,1W,Telecommunications Equipment,37,2.395033247942526,-0.5506844640810447,7
2026-08-03,1W,Other Consumer Services,38,2.3617065095945056,-0.5840112024290649,5
2026-08-03,1W,Specialty Stores,39,2.3546528337417696,-0.5910648782818009,11
2026-08-03,1W,Agricultural Commodities/Milling,40,2.27327054911956,-0.6724471629040112,24
2026-08-03,1W,Other Metals/Minerals,41,2.247736252087668,-0.6979814599359027,15
2026-08-03,1W,Marine Shipping,42,2.1612241365085447,-0.7844935755150257,3
2026-08-03,1W,Construction Materials,43,2.073039562446336,-0.8726781495772347,21
2026-08-03,1W,Industrial Specialties,44,2.051728507157508,-0.8939892048660623,25
2026-08-03,1W,Internet Retail,45,2.008220863442878,-0.9374968485806918,4
2026-08-03,1W,Metal Fabrication,46,1.963826039114301,-0.9818916729092696,28
2026-08-03,1W,Homebuilding,47,1.9114404910518883,-1.034277220971682,4
2026-08-03,1W,Chemicals: Agricultural,48,1.889549015267831,-1.0561686967557395,26
2026-08-03,1W,Engineering & Construction,49,1.8775467987592585,-1.068170913264312,55
2026-08-03,1W,Pharmaceuticals: Other,50,1.8433819981859427,-1.1023357138376275,5
2026-08-03,1W,Chemicals: Major Diversified,51,1.8374656478834728,-1.108252064140097,12
2026-08-03,1W,Wireless Telecommunications,52,1.8027657307144465,-1.1429519813091242,3
2026-08-03,1W,Hotels/Resorts/Cruise lines,53,1.7944608206273729,-1.1512568913961978,16
2026-08-03,1W,Wholesale Distributors,54,1.6924854510901512,-1.2532322609334192,16
2026-08-03,1W,Aluminum,55,1.5984379454224056,-1.3472797666011649,4
2026-08-03,1W,Major Banks,56,1.5583127809341668,-1.3874049310894037,22
2026-08-03,1W,Electronics/Appliances,57,1.5359833727154382,-1.4097343393081323,9
2026-08-03,1W,Chemicals: Specialty,58,1.5276493898969916,-1.4180683221265789,51
2026-08-03,1W,Oil Refining/Marketing,59,1.444428943913544,-1.5012887681100264,10
2026-08-03,1W,Industrial Machinery,60,1.247529308934699,-1.6981884030888714,57
2026-08-03,1W,Regional Banks,61,1.2006566757620325,-1.745061036261538,19
2026-08-03,1W,Electronics/Appliance Stores,62,1.1670449780626244,-1.778672733960946,2
2026-08-03,1W,Medical Specialties,63,1.0512552602625804,-1.89446245176099,5
2026-08-03,1W,Miscellaneous Manufacturing,64,0.9947920574907244,-1.950925654532846,13
2026-08-03,1W,Home Furnishings,65,0.913408467590795,-2.0323092444327755,7
2026-08-03,1W,Food: Meat/Fish/Dairy,66,0.8507403547929326,-2.094977357230638,6
2026-08-03,1W,Hospital/Nursing Management,67,0.825544628050307,-2.120173083973264,16
2026-08-03,1W,Investment Managers,68,0.7723542488116888,-2.173363463211881,13
2026-08-03,1W,Aerospace & Defense,69,0.7275746188054983,-2.218143093218072,9
2026-08-03,1W,Containers/Packaging,70,0.726822479614473,-2.2188952324090976,11
2026-08-03,1W,Real Estate Investment Trusts,71,0.6551424490656295,-2.290575262957941,7
2026-08-03,1W,Electrical Products,72,0.649087906220459,-2.296629805803112,53
2026-08-03,1W,Textiles,73,0.6225311118230369,-2.323186600200533,26
2026-08-03,1W,Household/Personal Care,74,0.5910865527811462,-2.354631159242424,12
2026-08-03,1W,Apparel/Footwear,75,0.5846521475948264,-2.361065564428744,18
2026-08-03,1W,Trucking,76,0.2785602157594454,-2.667157496264125,3
2026-08-03,1W,Integrated Oil,77,0.2695070431150618,-2.676210668908509,4
2026-08-03,1W,Specialty Insurance,78,0.2020514297876216,-2.743666282235949,2
2026-08-03,1W,Major Telecommunications,79,-0.003961999454547,-2.949679711478117,5
2026-08-03,1W,Other Transportation,80,-0.2441999376175091,-3.1899176496410795,4
2026-08-03,1W,Investment Banks/Brokers,81,-0.3017982585757162,-3.247515970599286,22
2026-08-03,1W,Electric Utilities,82,-0.3789023830825802,-3.324620095106151,24
2026-08-03,1W,Tobacco,83,-0.5618244715051199,-3.5075421835286904,3
2026-08-03,1W,Forest Products,84,-0.5967243686428697,-3.54244208066644,4
2026-08-03,1W,Publishing: Newspapers,85,-0.7097050334986943,-3.655422745522265,2
2026-08-03,1W,Office Equipment/Supplies,86,-0.9586816925961144,-3.904399404619685,5
2026-08-03,1W,Coal,87,-1.0889368501710226,-4.034654562194593,4
2026-08-03,1W,Other Consumer Specialties,88,-1.1350348149929823,-4.080752527016553,17
2026-08-03,1W,Broadcasting,89,-1.309313014884088,-4.255030726907659,3
2026-08-03,1W,Industrial Conglomerates,90,-1.4066599576573893,-4.35237766968096,4
2026-08-03,1W,Building Products,91,-1.4592323078379654,-4.404950019861536,12
2026-08-03,1W,Investment Trusts/Mutual Funds,92,-1.89371809249263,-4.8394358045162,3
2026-08-03,1W,Semiconductors,93,-1.9005942252390589,-4.846311937262629,10
2026-08-03,1W,Pulp & Paper,94,-2.003214922408161,-4.948932634431731,4
2026-08-03,1W,Alternative Power Generation,95,-2.533476405629843,-5.479194117653414,10
2026-08-04,1W,Oilfield Services/Equipment,1,15.219272689882091,13.095700996806922,2
2026-08-04,1W,Electronics Distributors,2,10.202535748925408,8.07896405585024,4
2026-08-04,1W,Restaurants,3,8.507315756412483,6.383744063337313,7
2026-08-04,1W,Automotive Aftermarket,4,7.798369497566723,5.674797804491553,8
2026-08-04,1W,Oil & Gas Production,5,7.6602266486798865,5.536654955604717,2
2026-08-04,1W,Electronic Components,6,7.423495921804804,5.299924228729634,5
2026-08-04,1W,Motor Vehicles,7,6.687439917142593,4.563868224067424,16
2026-08-04,1W,Electronic Production Equipment,8,5.759551906810621,3.635980213735452,9
2026-08-04,1W,Internet Retail,9,5.668059947458076,3.544488254382906,4
2026-08-04,1W,Information Technology Services,10,5.555987838965684,3.432416145890514,30
2026-08-04,1W,Financial Conglomerates,11,5.359433004696358,3.2358613116211883,8
2026-08-04,1W,Biotechnology,12,5.292944140446298,3.169372447371128,4
2026-08-04,1W,Financial Publishing/Services,13,5.103872717333887,2.9803010242587167,2
2026-08-04,1W,Telecommunications Equipment,14,4.694041685209816,2.5704699921346466,7
2026-08-04,1W,Air Freight/Couriers,15,4.457171768247329,2.333600075172159,8
2026-08-04,1W,Packaged Software,16,4.420187586137886,2.2966158930627163,36
2026-08-04,1W,Data Processing Services,17,4.225982774864493,2.102411081789323,3
2026-08-04,1W,Other Metals/Minerals,18,4.149049694830612,2.0254780017554426,15
2026-08-04,1W,Trucks/Construction/Farm Machinery,19,4.133723228994765,2.0101515359195954,19
2026-08-04,1W,Electronic Equipment/Instruments,20,3.966893079066213,1.843321385991043,8
2026-08-04,1W,Steel,21,3.696833571425967,1.573261878350797,48
2026-08-04,1W,Movies/Entertainment,22,3.628049626879697,1.504477933804527,7
2026-08-04,1W,Apparel/Footwear Retail,23,3.618705674728578,1.4951339816534084,12
2026-08-04,1W,Miscellaneous Commercial Services,24,3.6097745883138863,1.4862028952387163,33
2026-08-04,1W,Electronics/Appliance Stores,25,3.600179299765838,1.4766076066906684,2
2026-08-04,1W,Finance/Rental/Leasing,26,3.570159572722742,1.4465878796475722,55
2026-08-04,1W,Aluminum,27,3.4043998465632592,1.2808281534880894,4
2026-08-04,1W,Marine Shipping,28,3.404132456868932,1.280560763793762,3
2026-08-04,1W,Beverages: Alcoholic,29,3.248438608091921,1.1248669150167512,9
2026-08-04,1W,Food: Meat/Fish/Dairy,30,2.982566786025095,0.8589950929499253,6
2026-08-04,1W,Personnel Services,31,2.887682589303619,0.7641108962284493,2
2026-08-04,1W,Medical/Nursing Services,32,2.861724299390476,0.7381526063153063,12
2026-08-04,1W,Internet Software/Services,33,2.6207103306598856,0.4971386375847157,13
2026-08-04,1W,Auto Parts: OEM,34,2.597364750639056,0.4737930575638858,51
2026-08-04,1W,Other Consumer Services,35,2.3317436695438944,0.2081719764687246,5
2026-08-04,1W,Gas Distributors,36,2.2660481907851646,0.1424764977099948,6
2026-08-04,1W,Engineering & Construction,37,2.1956614847551394,0.0720897916799696,51
2026-08-04,1W,Electrical Products,38,2.1138586293852963,-0.0097130636898734,51
2026-08-04,1W,Multi-Line Insurance,39,2.08196466539745,-0.0416070276777196,5
2026-08-04,1W,Agricultural Commodities/Milling,40,2.0018874433083886,-0.1216842497667811,24
2026-08-04,1W,Chemicals: Specialty,41,1.987727688702888,-0.1358440043722821,49
2026-08-04,1W,Miscellaneous,42,1.984817030976515,-0.1387546620986548,2
2026-08-04,1W,Wholesale Distributors,43,1.9084249863260447,-0.2151467067491244,16
2026-08-04,1W,Major Banks,44,1.8918492718355688,-0.2317224212396009,22
2026-08-04,1W,Oil Refining/Marketing,45,1.8851115460653989,-0.2384601470097709,10
2026-08-04,1W,Specialty Stores,46,1.869491482329536,-0.2540802107456343,11
2026-08-04,1W,Tobacco,47,1.8400899939782007,-0.2834816990969684,3
2026-08-04,1W,Pharmaceuticals: Major,48,1.7364543963190833,-0.3871172967560865,80
2026-08-04,1W,Trucking,49,1.7150244679850166,-0.4085472250901532,3
2026-08-04,1W,Miscellaneous Manufacturing,50,1.6592368207311103,-0.4643348723440594,12
2026-08-04,1W,Wireless Telecommunications,51,1.54990225027868,-0.5736694427964899,3
2026-08-04,1W,Textiles,52,1.526821762090533,-0.5967499309846365,31
2026-08-04,1W,Industrial Machinery,53,1.5009437140499309,-0.6226279790252389,52
2026-08-04,1W,Food: Specialty/Candy,54,1.3274824115904258,-0.796089281484744,18
2026-08-04,1W,Chemicals: Major Diversified,55,1.304590387871475,-0.8189813052036947,13
2026-08-04,1W,Food: Major Diversified,56,1.2898271709479807,-0.8337445221271891,5
2026-08-04,1W,Electronics/Appliances,57,1.2721027916223044,-0.8514689014528654,9
2026-08-04,1W,Major Telecommunications,58,1.2175137754716838,-0.906057917603486,5
2026-08-04,1W,Life/Health Insurance,59,1.0971236510433622,-1.0264480420318076,8
2026-08-04,1W,Pharmaceuticals: Other,60,0.8077614861588055,-1.3158102069163644,5
2026-08-04,1W,Publishing: Newspapers,61,0.8052443844081867,-1.318327308666983,2
2026-08-04,1W,Metal Fabrication,62,0.7832384511513485,-1.3403332419238212,27
2026-08-04,1W,Investment Banks/Brokers,63,0.7088768207519542,-1.4146948723232156,22
2026-08-04,1W,Industrial Specialties,64,0.707591843484927,-1.4159798495902427,25
2026-08-04,1W,Forest Products,65,0.6793602680163234,-1.4442114250588465,5
2026-08-04,1W,Apparel/Footwear,66,0.6784495983972046,-1.445122094677965,18
2026-08-04,1W,Hotels/Resorts/Cruise lines,67,0.6260620379025661,-1.4975096551726037,15
2026-08-04,1W,Construction Materials,68,0.586305951890529,-1.5372657411846409,17
2026-08-04,1W,Medical Specialties,69,0.5783887662649809,-1.5451829268101889,5
2026-08-04,1W,Aerospace & Defense,70,0.5660338792635029,-1.557537813811667,9
2026-08-04,1W,Railroads,71,0.529137363383257,-1.5944343296919128,2
2026-08-04,1W,Cable/Satellite TV,72,0.467664602839028,-1.6559070902361417,2
2026-08-04,1W,Homebuilding,73,0.4472255100682643,-1.6763461830069055,4
2026-08-04,1W,Regional Banks,74,0.4284659968899155,-1.6951056961852542,19
2026-08-04,1W,Integrated Oil,75,0.0105063742413042,-2.1130653188338657,4
2026-08-04,1W,Real Estate Investment Trusts,76,0.0095806591168528,-2.113991033958317,7
2026-08-04,1W,Investment Trusts/Mutual Funds,77,-0.1138291159256946,-2.237400809000865,5
2026-08-04,1W,Home Furnishings,78,-0.2233063217108855,-2.346878014786056,7
2026-08-04,1W,Chemicals: Agricultural,79,-0.242693296623572,-2.3662649896987418,25
2026-08-04,1W,Hospital/Nursing Management,80,-0.2643763429296315,-2.387948036004801,17
2026-08-04,1W,Consumer Sundries,81,-0.4644030013306621,-2.587974694405832,2
2026-08-04,1W,Investment Managers,82,-0.6339132044644298,-2.7574848975396,12
2026-08-04,1W,Other Transportation,83,-0.7166532483599344,-2.840224941435104,4
2026-08-04,1W,Containers/Packaging,84,-0.896055576739756,-3.019627269814926,11
2026-08-04,1W,Broadcasting,85,-1.1440056789613289,-3.2675773720364987,3
2026-08-04,1W,Electric Utilities,86,-1.156137374500793,-3.279709067575963,23
2026-08-04,1W,Building Products,87,-1.1591972587395123,-3.282768951814682,12
2026-08-04,1W,Real Estate Development,88,-1.2603617419271869,-3.3839334350023567,35
2026-08-04,1W,Semiconductors,89,-1.262560388273981,-3.386132081349152,10
2026-08-04,1W,Specialty Insurance,90,-1.352649357608142,-3.476221050683312,2
2026-08-04,1W,Alternative Power Generation,91,-1.6341536286436542,-3.757725321718824,10
2026-08-04,1W,Household/Personal Care,92,-1.9750432396251472,-4.0986149327003165,12
2026-08-04,1W,Industrial Conglomerates,93,-2.012229258240021,-4.135800951315191,4
2026-08-04,1W,Office Equipment/Supplies,94,-2.8013830403532145,-4.924954733428384,6
2026-08-04,1W,Other Consumer Specialties,95,-3.468131231910936,-5.591702924986105,16
2026-08-04,1W,Coal,96,-3.846667301830432,-5.970238994905602,4
2026-08-04,1W,Pulp & Paper,97,-4.989820746743408,-7.113392439818577,3
2026-08-05,1W,Oilfield Services/Equipment,1,15.357542607826014,13.108642948157096,2
2026-08-05,1W,Restaurants,2,12.19620465575243,9.947304996083512,7
2026-08-05,1W,Electronics Distributors,3,11.20191723477334,8.953017575104422,4
2026-08-05,1W,Automotive Aftermarket,4,8.44528273595473,6.196383076285812,8
2026-08-05,1W,Other Metals/Minerals,5,8.398575310775168,6.14967565110625,15
2026-08-05,1W,Electronics/Appliance Stores,6,8.363574176890603,6.114674517221685,2
2026-08-05,1W,Electronic Components,7,7.998356735484649,5.749457075815731,5
2026-08-05,1W,Telecommunications Equipment,8,7.593548873590924,5.344649213922006,7
2026-08-05,1W,Oil & Gas Production,9,7.171342284047796,4.922442624378878,2
2026-08-05,1W,Multi-Line Insurance,10,6.8068200290970085,4.55792036942809,5
2026-08-05,1W,Electronic Production Equipment,11,6.396519423414195,4.1476197637452765,9
2026-08-05,1W,Biotechnology,12,6.311991105463396,4.063091445794478,4
2026-08-05,1W,Motor Vehicles,13,6.261697335399212,4.012797675730294,16
2026-08-05,1W,Financial Publishing/Services,14,6.256547619047613,4.007647959378694,2
2026-08-05,1W,Aluminum,15,6.041295524447413,3.792395864778495,4
2026-08-05,1W,Internet Retail,16,5.970270191010358,3.72137053134144,4
2026-08-05,1W,Electronic Equipment/Instruments,17,5.776360153235567,3.5274604935666485,8
2026-08-05,1W,Auto Parts: OEM,18,5.2721709651746655,3.023271305505747,51
2026-08-05,1W,Trucks/Construction/Farm Machinery,19,5.013475687784029,2.764576028115111,19
2026-08-05,1W,Financial Conglomerates,20,4.894369362153503,2.645469702484585,8
2026-08-05,1W,Steel,21,4.74426352748548,2.495363867816562,50
2026-08-05,1W,Other Consumer Services,22,4.735182855123942,2.486283195455024,5
2026-08-05,1W,Electrical Products,23,4.642475743217447,2.3935760835485285,52
2026-08-05,1W,Tobacco,24,4.383645563996382,2.134745904327464,3
2026-08-05,1W,Electronics/Appliances,25,4.301794831809173,2.0528951721402544,9
2026-08-05,1W,Wholesale Distributors,26,4.29955709622635,2.050657436557432,15
2026-08-05,1W,Finance/Rental/Leasing,27,4.11200840547671,1.863108745807792,55
2026-08-05,1W,Data Processing Services,28,4.0250943091080345,1.776194649439116,3
2026-08-05,1W,Miscellaneous Commercial Services,29,3.98191682212616,1.7330171624572417,32
2026-08-05,1W,Integrated Oil,30,3.9100514426213246,1.6611517829524065,4
2026-08-05,1W,Medical Specialties,31,3.7506482537431256,1.5017485940742072,5
2026-08-05,1W,Forest Products,32,3.291669048198836,1.0427693885299174,4
2026-08-05,1W,Movies/Entertainment,33,3.182484939471822,0.9335852798029044,8
2026-08-05,1W,Apparel/Footwear Retail,34,3.001764485473529,0.7528648258046111,12
2026-08-05,1W,Agricultural Commodities/Milling,35,2.976921381607904,0.7280217219389855,23
2026-08-05,1W,Aerospace & Defense,36,2.972829021396977,0.7239293617280591,9
2026-08-05,1W,Medical/Nursing Services,37,2.9664674848665173,0.717567825197599,10
2026-08-05,1W,Engineering & Construction,38,2.922721399288313,0.6738217396193948,52
2026-08-05,1W,Chemicals: Major Diversified,39,2.917935439419864,0.6690357797509456,11
2026-08-05,1W,Metal Fabrication,40,2.882897904731424,0.6339982450625055,26
2026-08-05,1W,Industrial Machinery,41,2.876130260287928,0.6272306006190096,53
2026-08-05,1W,Marine Shipping,42,2.7436765438607744,0.494776884191856,3
2026-08-05,1W,Homebuilding,43,2.673554358261175,0.4246546985922568,4
2026-08-05,1W,Packaged Software,44,2.6546056322099623,0.4057059725410439,35
2026-08-05,1W,Apparel/Footwear,45,2.6057409922781765,0.3568413326092581,18
2026-08-05,1W,Textiles,46,2.5445746023809805,0.2956749427120622,28
2026-08-05,1W,Chemicals: Specialty,47,2.540328156627608,0.2914284969586895,47
2026-08-05,1W,Home Furnishings,48,2.539838374314389,0.2909387146454705,7
2026-08-05,1W,Trucking,49,2.135822804997961,-0.1130768546709575,3
2026-08-05,1W,Industrial Specialties,50,2.023609264402848,-0.2252903952660707,26
2026-08-05,1W,Airlines,51,1.9890818499119367,-0.259817809756981,2
2026-08-05,1W,Construction Materials,52,1.8356395141513988,-0.4132601455175195,19
2026-08-05,1W,Beverages: Alcoholic,53,1.8164916235665465,-0.4324080361023719,9
2026-08-05,1W,Air Freight/Couriers,54,1.808002763663684,-0.4408968960052346,10
2026-08-05,1W,Pharmaceuticals: Major,55,1.778098622011588,-0.4708010376573304,77
2026-08-05,1W,Hotels/Resorts/Cruise lines,56,1.531416120224902,-0.7174835394440162,16
2026-08-05,1W,Gas Distributors,57,1.5050050379779645,-0.7438946216909541,6
2026-08-05,1W,Pharmaceuticals: Other,58,1.499721030638775,-0.7491786290301434,6
2026-08-05,1W,Major Banks,59,1.32188343465072,-0.9270162250181984,22
2026-08-05,1W,Information Technology Services,60,1.2981522252683086,-0.9507474344006096,29
2026-08-05,1W,Miscellaneous Manufacturing,61,1.233904583335977,-1.0149950763329414,12
2026-08-05,1W,Food: Meat/Fish/Dairy,62,1.1129592805455704,-1.135940379123348,6
2026-08-05,1W,Food: Specialty/Candy,63,1.0441902803718508,-1.2047093792970676,17
2026-08-05,1W,Specialty Stores,64,1.0267654330902152,-1.2221342265787032,11
2026-08-05,1W,Oil Refining/Marketing,65,0.9109454403165372,-1.337954219352381,10
2026-08-05,1W,Internet Software/Services,66,0.9041471752706152,-1.3447524843983034,13
2026-08-05,1W,Publishing: Newspapers,67,0.8551237464678327,-1.3937759132010856,2
2026-08-05,1W,Electric Utilities,68,0.6961933679669993,-1.5527062917019192,23
2026-08-05,1W,Investment Managers,69,0.5921005478276973,-1.656799111841221,12
2026-08-05,1W,Food: Major Diversified,70,0.4459075016255707,-1.802992158043348,5
2026-08-05,1W,Investment Trusts/Mutual Funds,71,0.4008072481726685,-1.8480924114962496,6
2026-08-05,1W,Wireless Telecommunications,72,0.3273368671796384,-1.92156279248928,3
2026-08-05,1W,Semiconductors,73,0.2769931707214916,-1.9719064889474267,10
2026-08-05,1W,Major Telecommunications,74,0.1201064069513178,-2.128793252717601,5
2026-08-05,1W,Regional Banks,75,0.0601061887261926,-2.1887934709427257,20
2026-08-05,1W,Life/Health Insurance,76,-0.0268103830558211,-2.2757100427247394,8
2026-08-05,1W,Chemicals: Agricultural,77,-0.0883848133746362,-2.3372844730435545,25
2026-08-05,1W,Real Estate Investment Trusts,78,-0.1042258207270513,-2.3531254803959696,7
2026-08-05,1W,Other Transportation,79,-0.1667863689279862,-2.4156860285969044,4
2026-08-05,1W,Investment Banks/Brokers,80,-0.3092280643328347,-2.558127724001753,22
2026-08-05,1W,Personnel Services,81,-0.4405411885062478,-2.689440848175166,2
2026-08-05,1W,Specialty Insurance,82,-0.4761680088691172,-2.725067668538036,2
2026-08-05,1W,Containers/Packaging,83,-0.7119993424096029,-2.9608990020785213,10
2026-08-05,1W,Hospital/Nursing Management,84,-0.7428513037013208,-2.99175096337024,18
2026-08-05,1W,Alternative Power Generation,85,-1.0207681461018996,-3.269667805770818,9
2026-08-05,1W,Household/Personal Care,86,-1.0902049907097868,-3.3391046503787054,11
2026-08-05,1W,Building Products,87,-1.3796660805150147,-3.628565740183933,13
2026-08-05,1W,Office Equipment/Supplies,88,-1.3963103151620837,-3.645209974831002,5
2026-08-05,1W,Pulp & Paper,89,-2.0552007075553824,-4.304100367224301,4
2026-08-05,1W,Real Estate Development,90,-2.298855685584292,-4.54775534525321,33
2026-08-05,1W,Railroads,91,-2.3016389432485296,-4.550538602917448,2
2026-08-05,1W,Other Consumer Specialties,92,-3.1288171839749794,-5.377716843643897,18
2026-08-05,1W,Coal,93,-3.225668882122339,-5.474568541791257,4
2026-08-05,1W,Industrial Conglomerates,94,-3.4393077801936567,-5.688207439862575,4
2026-08-05,1W,Broadcasting,95,-4.214075151001994,-6.462974810670913,3
2026-08-06,1W,Oilfield Services/Equipment,1,9.71460186483082,7.784790400307728,2
2026-08-06,1W,Restaurants,2,9.13407597664056,7.2042645121174695,7
2026-08-06,1W,Aerospace & Defense,3,8.129021882073802,6.19921041755071,9
2026-08-06,1W,Electronics Distributors,4,7.627671630189118,5.697860165666026,4
2026-08-06,1W,Electronics/Appliances,5,6.973442720256009,5.043631255732917,9
2026-08-06,1W,Trucks/Construction/Farm Machinery,6,6.85945189451852,4.929640429995428,19
2026-08-06,1W,Biotechnology,7,6.858374688527182,4.92856322400409,4
2026-08-06,1W,Data Processing Services,8,6.524801579804979,4.594990115281887,4
2026-08-06,1W,Electronics/Appliance Stores,9,6.518680589124285,4.588869124601193,2
2026-08-06,1W,Internet Retail,10,6.310841769025612,4.38103030450252,4
2026-08-06,1W,Other Metals/Minerals,11,6.177277553601993,4.247466089078901,15
2026-08-06,1W,Integrated Oil,12,6.007514247880473,4.077702783357381,4
2026-08-06,1W,Electronic Components,13,5.967708898310704,4.037897433787612,5
2026-08-06,1W,Food: Meat/Fish/Dairy,14,5.76487798096906,3.835066516445968,6
2026-08-06,1W,Aluminum,15,5.739758591918165,3.809947127395074,4
2026-08-06,1W,Forest Products,16,5.706392518223778,3.776581053700686,5
2026-08-06,1W,Automotive Aftermarket,17,5.664716858228259,3.734905393705168,7
2026-08-06,1W,Motor Vehicles,18,5.337453934574759,3.407642470051667,16
2026-08-06,1W,Auto Parts: OEM,19,5.320898548795385,3.391087084272293,52
2026-08-06,1W,Financial Conglomerates,20,5.088640364776333,3.158828900253241,9
2026-08-06,1W,Financial Publishing/Services,21,4.831277181426031,2.9014657169029388,2
2026-08-06,1W,Electrical Products,22,4.803774092174413,2.873962627651321,53
2026-08-06,1W,Other Consumer Services,23,4.5111189252057455,2.5813074606826536,5
2026-08-06,1W,Finance/Rental/Leasing,24,4.198193218264615,2.268381753741523,55
2026-08-06,1W,Wholesale Distributors,25,4.058297904313699,2.128486439790607,16
2026-08-06,1W,Telecommunications Equipment,26,4.0073924467715765,2.0775809822484845,6
2026-08-06,1W,Multi-Line Insurance,27,4.004215720672396,2.074404256149304,5
2026-08-06,1W,Chemicals: Specialty,28,4.0041969775974575,2.0743855130743656,50
2026-08-06,1W,Electronic Equipment/Instruments,29,3.782023434261802,1.8522119697387107,8
2026-08-06,1W,Medical Specialties,30,3.002094623170272,1.07228315864718,5
2026-08-06,1W,Packaged Software,31,2.9650825530854563,1.0352710885623644,35
2026-08-06,1W,Regional Banks,32,2.956245713727869,1.0264342492047769,19
2026-08-06,1W,Trucking,33,2.901637442213129,0.9718259776900368,3
2026-08-06,1W,Industrial Machinery,34,2.793090777373165,0.8632793128500729,57
2026-08-06,1W,Home Furnishings,35,2.5213956724762228,0.5915842079531308,7
2026-08-06,1W,Chemicals: Major Diversified,36,2.5132110908957053,0.5833996263726133,11
2026-08-06,1W,Tobacco,37,2.4974330024480382,0.5676215379249463,3
2026-08-06,1W,Medical/Nursing Services,38,2.492195121572157,0.562383657049065,9
2026-08-06,1W,Airlines,39,2.464998329022951,0.5351868644998592,2
2026-08-06,1W,Metal Fabrication,40,2.387658374048404,0.4578469095253119,25
2026-08-06,1W,Semiconductors,41,2.169135550337403,0.239324085814311,9
2026-08-06,1W,Engineering & Construction,42,2.122340303455544,0.1925288389324517,56
2026-08-06,1W,Hotels/Resorts/Cruise lines,43,2.082214444368767,0.1524029798456752,16
2026-08-06,1W,Oil & Gas Production,44,1.925380210802724,-0.0044312537203679,2
2026-08-06,1W,Apparel/Footwear Retail,45,1.85354956883514,-0.0762618956879521,12
2026-08-06,1W,Electronic Production Equipment,46,1.7882320891928587,-0.1415793753302332,10
2026-08-06,1W,Agricultural Commodities/Milling,47,1.7729658104452324,-0.1568456540778595,24
2026-08-06,1W,Textiles,48,1.755214561545165,-0.1745969029779268,29
2026-08-06,1W,Oil Refining/Marketing,49,1.729295694139479,-0.2005157703836129,10
2026-08-06,1W,Apparel/Footwear,50,1.720298267853001,-0.2095131966700909,18
2026-08-06,1W,Steel,51,1.670383803641445,-0.259427660881647,47
2026-08-06,1W,Pulp & Paper,52,1.647269613545296,-0.2825418509777959,2
2026-08-06,1W,Industrial Specialties,53,1.5238797824865875,-0.4059316820365044,25
2026-08-06,1W,Major Banks,54,1.3158594331811928,-0.6139520313418991,22
2026-08-06,1W,Construction Materials,55,1.195230094216758,-0.734581370306334,20
2026-08-06,1W,Internet Software/Services,56,1.1159659581179515,-0.8138455064051404,13
2026-08-06,1W,Miscellaneous Commercial Services,57,1.1089563534222284,-0.8208551111008635,32
2026-08-06,1W,Gas Distributors,58,0.8264784751741653,-1.1033329893489268,6
2026-08-06,1W,Specialty Stores,59,0.7710855305072555,-1.1587259340158365,11
2026-08-06,1W,Other Transportation,60,0.7412507741150179,-1.188560690408074,4
2026-08-06,1W,Pharmaceuticals: Major,61,0.6239023000556342,-1.3059091644674576,76
2026-08-06,1W,Homebuilding,62,0.5567781295709119,-1.3730333349521802,4
2026-08-06,1W,Air Freight/Couriers,63,0.5239727988361493,-1.4058386656869426,9
2026-08-06,1W,Miscellaneous Manufacturing,64,0.4426076367182005,-1.4872038278048914,14
2026-08-06,1W,Specialty Insurance,65,0.3851077015714107,-1.544703762951681,2
2026-08-06,1W,Major Telecommunications,66,0.199901207877092,-1.7299102566459998,6
2026-08-06,1W,Other Consumer Specialties,67,0.1451256688542289,-1.784685795668863,17
2026-08-06,1W,Real Estate Investment Trusts,68,0.1406133113562657,-1.7891981531668262,7
2026-08-06,1W,Pharmaceuticals: Other,69,0.096211678678674,-1.833599785844418,5
2026-08-06,1W,Beverages: Alcoholic,70,-0.0483445554791315,-1.978156020002224,9
2026-08-06,1W,Investment Trusts/Mutual Funds,71,-0.08300540326907,-2.012816867792162,4
2026-08-06,1W,Publishing: Newspapers,72,-0.1152360378221774,-2.045047502345269,2
2026-08-06,1W,Food: Specialty/Candy,73,-0.1254788578959751,-2.055290322419067,17
2026-08-06,1W,Investment Managers,74,-0.1565750769710126,-2.0863865414941047,15
2026-08-06,1W,Information Technology Services,75,-0.1584481231223879,-2.08825958764548,30
2026-08-06,1W,Electric Utilities,76,-0.1739016169620945,-2.1037130814851865,24
2026-08-06,1W,Coal,77,-0.279455111327401,-2.209266575850493,4
2026-08-06,1W,Life/Health Insurance,78,-0.5226244743797694,-2.4524359389028616,8
2026-08-06,1W,Food: Major Diversified,79,-0.5672136664010532,-2.497025130924145,5
2026-08-06,1W,Chemicals: Agricultural,80,-0.6283311573891266,-2.5581426219122188,22
2026-08-06,1W,Marine Shipping,81,-0.6581587677931247,-2.5879702323162164,3
2026-08-06,1W,Hospital/Nursing Management,82,-0.668769815881431,-2.598581280404523,19
2026-08-06,1W,Movies/Entertainment,83,-0.6707862265882296,-2.6005976911113216,7
2026-08-06,1W,Building Products,84,-0.949673384419516,-2.879484848942608,11
2026-08-06,1W,Office Equipment/Supplies,85,-0.9935844952647308,-2.9233959597878227,5
2026-08-06,1W,Investment Banks/Brokers,86,-1.1326481599893452,-3.062459624512437,20
2026-08-06,1W,Alternative Power Generation,87,-1.3856987587487528,-3.3155102232718447,9
2026-08-06,1W,Household/Personal Care,88,-1.4288955395760847,-3.358707004099177,12
2026-08-06,1W,Containers/Packaging,89,-1.5276943581270757,-3.457505822650168,12
2026-08-06,1W,Personnel Services,90,-1.7434157180650462,-3.673227182588138,2
2026-08-06,1W,Real Estate Development,91,-2.528823373050249,-4.4586348375733404,36
2026-08-06,1W,Railroads,92,-2.593611226925012,-4.523422691448103,2
2026-08-06,1W,Industrial Conglomerates,93,-2.840821430112204,-4.770632894635296,4
2026-08-06,1W,Wireless Telecommunications,94,-3.0956809993521484,-5.02549246387524,3
2026-08-06,1W,Broadcasting,95,-6.593887294501135,-8.523698759024228,3
2026-08-07,1W,Restaurants,1,15.536825934065185,13.767366027592308,7
2026-08-07,1W,Electronics/Appliance Stores,2,12.576044336100042,10.806584429627168,2
2026-08-07,1W,Oilfield Services/Equipment,3,11.25172637277658,9.482266466303706,2
2026-08-07,1W,Data Processing Services,4,11.250722837456602,9.481262930983728,4
2026-08-07,1W,Biotechnology,5,8.806966695653392,7.037506789180518,4
2026-08-07,1W,Electronics/Appliances,6,8.101957059886942,6.332497153414068,9
2026-08-07,1W,Electronic Components,7,7.458726519587847,5.689266613114973,5
2026-08-07,1W,Aerospace & Defense,8,7.071579161043657,5.302119254570783,9
2026-08-07,1W,Other Metals/Minerals,9,6.824571768678014,5.05511186220514,15
2026-08-07,1W,Food: Meat/Fish/Dairy,10,6.727469227762051,4.958009321289177,6
2026-08-07,1W,Auto Parts: OEM,11,6.24315991153127,4.473700005058396,52
2026-08-07,1W,Trucks/Construction/Farm Machinery,12,5.94980071748902,4.180340811016146,20
2026-08-07,1W,Electronics Distributors,13,5.89352962804219,4.124069721569316,4
2026-08-07,1W,Packaged Software,14,5.707861076669639,3.938401170196765,36
2026-08-07,1W,Forest Products,15,5.050694519041251,3.281234612568377,5
2026-08-07,1W,Wholesale Distributors,16,4.94616965192266,3.176709745449786,15
2026-08-07,1W,Electronic Equipment/Instruments,17,4.628122497505952,2.8586625910330783,8
2026-08-07,1W,Internet Retail,18,4.578658144665901,2.8091982381930274,4
2026-08-07,1W,Electrical Products,19,4.532603710627895,2.763143804155021,53
2026-08-07,1W,Airlines,20,4.21663331767544,2.4471734112025656,2
2026-08-07,1W,Chemicals: Specialty,21,4.113788103310741,2.344328196837867,49
2026-08-07,1W,Metal Fabrication,22,4.0423638145604,2.272903908087525,27
2026-08-07,1W,Financial Conglomerates,23,3.923067809940669,2.153607903467794,8
2026-08-07,1W,Integrated Oil,24,3.818795693532191,2.0493357870593165,4
2026-08-07,1W,Textiles,25,3.7935047353325215,2.0240448288596484,28
2026-08-07,1W,Telecommunications Equipment,26,3.727152101072902,1.957692194600028,7
2026-08-07,1W,Electronic Production Equipment,27,3.688078545416187,1.9186186389433129,9
2026-08-07,1W,Other Consumer Services,28,3.630508971037908,1.861049064565034,5
2026-08-07,1W,Oil & Gas Production,29,3.6302634855064575,1.860803579033584,2
2026-08-07,1W,Industrial Machinery,30,3.460957653614005,1.691497747141131,56
2026-08-07,1W,Motor Vehicles,31,3.3984750664027232,1.629015159929849,16
2026-08-07,1W,Automotive Aftermarket,32,3.3449167022972355,1.5754567958243613,6
2026-08-07,1W,Medical/Nursing Services,33,3.336249416777196,1.5667895103043217,9
2026-08-07,1W,Information Technology Services,34,3.251608192060909,1.4821482855880344,29
2026-08-07,1W,Aluminum,35,3.0212173708433863,1.251757464370512,4
2026-08-07,1W,Semiconductors,36,2.944419794660501,1.1749598881876266,10
2026-08-07,1W,Apparel/Footwear,37,2.69219426307023,0.9227343565973556,18
2026-08-07,1W,Multi-Line Insurance,38,2.6353810646552644,0.8659211581823902,5
2026-08-07,1W,Other Consumer Specialties,39,2.5762160264249307,0.8067561199520565,17
2026-08-07,1W,Medical Specialties,40,2.49379394920336,0.7243340427304854,5
2026-08-07,1W,Coal,41,2.442153488700553,0.6726935822276789,4
2026-08-07,1W,Financial Publishing/Services,42,2.130411108532357,0.3609512020594827,2
2026-08-07,1W,Engineering & Construction,43,2.0684668422752144,0.2990069358023401,54
2026-08-07,1W,Regional Banks,44,2.061535823930352,0.2920759174574774,19
2026-08-07,1W,Pharmaceuticals: Other,45,1.9896969026340987,0.2202369961612245,6
2026-08-07,1W,Construction Materials,46,1.9191338636704105,0.1496739571975363,19
2026-08-07,1W,Chemicals: Major Diversified,47,1.84594176835774,0.0764818618848657,11
2026-08-07,1W,Steel,48,1.791101711953026,0.0216418054801519,49
2026-08-07,1W,Tobacco,49,1.680627977644222,-0.0888319288286521,3
2026-08-07,1W,Other Transportation,50,1.5748662678655077,-0.1945936386073665,4
2026-08-07,1W,Office Equipment/Supplies,51,1.3798601082538249,-0.3895997982190495,5
2026-08-07,1W,Homebuilding,52,1.2952696324038298,-0.4741902740690444,4
2026-08-07,1W,Industrial Specialties,53,1.276341336482271,-0.4931185699906029,26
2026-08-07,1W,Agricultural Commodities/Milling,54,1.2029861903308232,-0.566473716142051,25
2026-08-07,1W,Miscellaneous Commercial Services,55,0.9900446274925132,-0.779415278980361,33
2026-08-07,1W,Pulp & Paper,56,0.9489867953788884,-0.8204731110939859,3
2026-08-07,1W,Apparel/Footwear Retail,57,0.9088499193188546,-0.8606099871540196,12
2026-08-07,1W,Finance/Rental/Leasing,58,0.90211727147707,-0.8673426349958043,55
2026-08-07,1W,Oil Refining/Marketing,59,0.8538168604486397,-0.9156430460242344,10
2026-08-07,1W,Movies/Entertainment,60,0.843441286923066,-0.9260186195498082,7
2026-08-07,1W,Major Banks,61,0.8211335507689123,-0.948326355703962,22
2026-08-07,1W,Internet Software/Services,62,0.8093561238943372,-0.960103782578537,13
2026-08-07,1W,Hotels/Resorts/Cruise lines,63,0.803235811035622,-0.9662240954372522,16
2026-08-07,1W,Trucking,64,0.7382056110757543,-1.0312542953971198,3
2026-08-07,1W,Pharmaceuticals: Major,65,0.695043696557442,-1.0744162099154322,77
2026-08-07,1W,Home Furnishings,66,0.6536091116562652,-1.115850794816609,7
2026-08-07,1W,Specialty Stores,67,0.63938657018213,-1.1300733362907442,11
2026-08-07,1W,Food: Specialty/Candy,68,0.5103172194925762,-1.259142686980298,18
2026-08-07,1W,Miscellaneous Manufacturing,69,0.504450100999849,-1.2650098054730252,13
2026-08-07,1W,Real Estate Investment Trusts,70,0.4709852311434841,-1.29847467532939,7
2026-08-07,1W,Investment Managers,71,0.4087818129561875,-1.360678093516687,14
2026-08-07,1W,Hospital/Nursing Management,72,0.0062830990368005,-1.7631768074360736,18
2026-08-07,1W,Specialty Insurance,73,-0.0270114642304909,-1.7964713707033653,2
2026-08-07,1W,Air Freight/Couriers,74,-0.0818875217336053,-1.85134742820648,9
2026-08-07,1W,Electric Utilities,75,-0.1509018611988748,-1.920361767671749,23
2026-08-07,1W,Gas Distributors,76,-0.2089779668387475,-1.9784378733116217,6
2026-08-07,1W,Chemicals: Agricultural,77,-0.3451931283397578,-2.114653034812632,19
2026-08-07,1W,Investment Banks/Brokers,78,-0.4756786289628969,-2.245138535435771,21
2026-08-07,1W,Publishing: Newspapers,79,-0.5431604180989095,-2.312620324571784,2
2026-08-07,1W,Investment Trusts/Mutual Funds,80,-0.7185346124500718,-2.487994518922946,4
2026-08-07,1W,Containers/Packaging,81,-0.726938360333629,-2.4963982668065032,11
2026-08-07,1W,Beverages: Alcoholic,82,-1.0058773880186895,-2.775337294491564,9
2026-08-07,1W,Major Telecommunications,83,-1.0334625371232935,-2.8029224435961675,4
2026-08-07,1W,Alternative Power Generation,84,-1.0503452871189014,-2.819805193591776,10
2026-08-07,1W,Household/Personal Care,85,-1.1146227462272575,-2.8840826527001315,12
2026-08-07,1W,Food: Major Diversified,86,-1.1568202100355485,-2.9262801165084227,5
2026-08-07,1W,Industrial Conglomerates,87,-1.3020992526887056,-3.07155915916158,4
2026-08-07,1W,Real Estate Development,88,-1.3961839889951757,-3.16564389546805,36
2026-08-07,1W,Personnel Services,89,-1.398517666837897,-3.167977573310771,2
2026-08-07,1W,Building Products,90,-1.539759416918939,-3.309219323391813,11
2026-08-07,1W,Life/Health Insurance,91,-1.7100379992702333,-3.4794979057431075,8
2026-08-07,1W,Wireless Telecommunications,92,-2.1835397950353514,-3.952999701508226,3
2026-08-07,1W,Marine Shipping,93,-2.7297741977083394,-4.499234104181213,3
2026-08-07,1W,Railroads,94,-3.785464984091501,-5.554924890564375,2
2026-08-07,1W,Broadcasting,95,-7.887102934502881,-9.656562840975756,3
2026-08-10,1W,Electronics/Appliance Stores,1,19.204536398467432,18.32351409076736,2
2026-08-10,1W,Restaurants,2,15.019944522126034,14.138922214425952,7
2026-08-10,1W,Electronic Components,3,10.779419653211606,9.898397345511526,5
2026-08-10,1W,Data Processing Services,4,8.288749409038944,7.407727101338864,3
2026-08-10,1W,Biotechnology,5,7.122517305930316,6.241494998230236,4
2026-08-10,1W,Food: Meat/Fish/Dairy,6,6.660112742645689,5.7790904349456085,6
2026-08-10,1W,Electronic Equipment/Instruments,7,6.527931145234052,5.646908837533972,8
2026-08-10,1W,Electronics/Appliances,8,6.444079627277075,5.563057319576995,8
2026-08-10,1W,Oil & Gas Production,9,6.215196052184302,5.334173744484222,3
2026-08-10,1W,Aerospace & Defense,10,5.436807409856743,4.555785102156663,9
2026-08-10,1W,Other Metals/Minerals,11,5.13732249569652,4.256300187996439,15
2026-08-10,1W,Auto Parts: OEM,12,4.892263182706999,4.011240875006918,51
2026-08-10,1W,Other Consumer Specialties,13,4.733869581420587,3.8528472737205055,16
2026-08-10,1W,Packaged Software,14,4.456866017036576,3.575843709336495,36
2026-08-10,1W,Medical/Nursing Services,15,4.1490444212917055,3.268022113591625,11
2026-08-10,1W,Airlines,16,3.953956101261022,3.072933793560942,2
2026-08-10,1W,Oilfield Services/Equipment,17,3.8696415371352,2.98861922943512,3
2026-08-10,1W,Trucks/Construction/Farm Machinery,18,3.6355649431856105,2.7545426354855307,21
2026-08-10,1W,Aluminum,19,3.532086980234565,2.651064672534485,4
2026-08-10,1W,Internet Retail,20,3.400501415677397,2.5194791079773173,4
2026-08-10,1W,Chemicals: Specialty,21,3.35047533597059,2.46945302827051,49
2026-08-10,1W,Electrical Products,22,3.3164732765063745,2.435450968806294,53
2026-08-10,1W,Wholesale Distributors,23,3.006373141044971,2.125350833344891,15
2026-08-10,1W,Electronics Distributors,24,2.966844676248672,2.085822368548591,4
2026-08-10,1W,Integrated Oil,25,2.688195934296405,1.807173626596325,5
2026-08-10,1W,Electronic Production Equipment,26,2.529624782055747,1.6486024743556669,9
2026-08-10,1W,Trucking,27,2.3137645726625293,1.4327422649624493,3
2026-08-10,1W,Internet Software/Services,28,2.176937374088074,1.295915066387994,13
2026-08-10,1W,Chemicals: Major Diversified,29,2.147661955259733,1.2666396475596529,12
2026-08-10,1W,Construction Materials,30,2.1135553053038687,1.2325329976037886,20
2026-08-10,1W,Medical Specialties,31,2.0996248635292405,1.2186025558291604,5
2026-08-10,1W,Other Consumer Services,32,2.0191029311578026,1.1380806234577223,5
2026-08-10,1W,Forest Products,33,1.9483702274822088,1.0673479197821287,5
2026-08-10,1W,Metal Fabrication,34,1.935292787626328,1.0542704799262477,27
2026-08-10,1W,Engineering & Construction,35,1.9158141820174857,1.0347918743174056,55
2026-08-10,1W,Automotive Aftermarket,36,1.8702238218992024,0.9892015141991222,6
2026-08-10,1W,Industrial Specialties,37,1.811334086090496,0.9303117783904158,26
2026-08-10,1W,Textiles,38,1.7473864494083855,0.8663641417083057,27
2026-08-10,1W,Information Technology Services,39,1.6867439687666208,0.8057216610665408,30
2026-08-10,1W,Food: Specialty/Candy,40,1.5898384826814904,0.7088161749814104,17
2026-08-10,1W,Financial Publishing/Services,41,1.5264366290969205,0.6454143213968404,2
2026-08-10,1W,Apparel/Footwear,42,1.5227254915474224,0.6417031838473424,18
2026-08-10,1W,Motor Vehicles,43,1.5192199734080312,0.6381976657079511,16
2026-08-10,1W,Agricultural Commodities/Milling,44,1.4571807619760326,0.5761584542759526,24
2026-08-10,1W,Miscellaneous Manufacturing,45,1.4425429604502076,0.5615206527501275,13
2026-08-10,1W,Pharmaceuticals: Other,46,1.4187299294829252,0.5377076217828451,6
2026-08-10,1W,Financial Conglomerates,47,1.410839551864475,0.5298172441643949,8
2026-08-10,1W,Containers/Packaging,48,1.388821971289549,0.507799663589469,10
2026-08-10,1W,Specialty Stores,49,1.3415371343383231,0.460514826638243,11
2026-08-10,1W,Telecommunications Equipment,50,1.290992027115962,0.409969719415882,7
2026-08-10,1W,Steel,51,1.2016493033540463,0.3206269956539662,48
2026-08-10,1W,Tobacco,52,1.149962376570739,0.2689400688706589,3
2026-08-10,1W,Beverages: Alcoholic,53,1.0773526420282906,0.1963303343282105,9
2026-08-10,1W,Industrial Machinery,54,0.9982774298463272,0.1172551221462472,56
2026-08-10,1W,Major Telecommunications,55,0.9165218749260514,0.0354995672259713,6
2026-08-10,1W,Apparel/Footwear Retail,56,0.8824521864301951,0.001429878730115,12
2026-08-10,1W,Pulp & Paper,57,0.7284599543213042,-0.1525623533787758,2
2026-08-10,1W,Regional Banks,58,0.6955041730971947,-0.1855181346028853,20
2026-08-10,1W,Office Equipment/Supplies,59,0.4965729140546044,-0.3844493936454756,5
2026-08-10,1W,Real Estate Investment Trusts,60,0.4559949131665854,-0.4250273945334946,7
2026-08-10,1W,Home Furnishings,61,0.4465161767241968,-0.4345061309758832,7
2026-08-10,1W,Movies/Entertainment,62,0.3153995946071791,-0.5656227130929009,8
2026-08-10,1W,Hospital/Nursing Management,63,0.1866072286272291,-0.6944150790728509,19
2026-08-10,1W,Investment Trusts/Mutual Funds,64,0.1306287774703586,-0.7503935302297213,3
2026-08-10,1W,Major Banks,65,0.0939681290177834,-0.7870541786822967,22
2026-08-10,1W,Miscellaneous Commercial Services,66,0.0198208521205503,-0.8612014555795298,33
2026-08-10,1W,Chemicals: Agricultural,67,-0.1179644695075937,-0.9989867772076738,23
2026-08-10,1W,Semiconductors,68,-0.1394557420344616,-1.0204780497345416,10
2026-08-10,1W,Pharmaceuticals: Major,69,-0.1451162634283893,-1.0261385711284694,80
2026-08-10,1W,Multi-Line Insurance,70,-0.195564076892549,-1.0765863845926291,5
2026-08-10,1W,Investment Banks/Brokers,71,-0.3337561244080491,-1.2147784321081292,24
2026-08-10,1W,Oil Refining/Marketing,72,-0.4338309439180708,-1.314853251618151,10
2026-08-10,1W,Specialty Insurance,73,-0.4388014665162533,-1.3198237742163337,2
2026-08-10,1W,Publishing: Newspapers,74,-0.5675122385402792,-1.4485345462403592,2
2026-08-10,1W,Household/Personal Care,75,-0.5725999594125165,-1.453622267112597,12
2026-08-10,1W,Other Transportation,76,-0.6462693501156154,-1.5272916578156954,4
2026-08-10,1W,Homebuilding,77,-0.8933138089150744,-1.7743361166151543,4
2026-08-10,1W,Finance/Rental/Leasing,78,-0.9119105450264138,-1.7929328527264938,55
2026-08-10,1W,Real Estate Development,79,-0.933966674483198,-1.8149889821832783,37
2026-08-10,1W,Hotels/Resorts/Cruise lines,80,-1.0021700955908617,-1.8831924032909413,14
2026-08-10,1W,Electric Utilities,81,-1.0034898689485834,-1.884512176648664,24
2026-08-10,1W,Alternative Power Generation,82,-1.0577925660220948,-1.9388148737221749,11
2026-08-10,1W,Personnel Services,83,-1.2265140072659042,-2.1075363149659845,2
2026-08-10,1W,Coal,84,-1.2303869421767497,-2.111409249876829,4
2026-08-10,1W,Industrial Conglomerates,85,-1.6810550053801046,-2.5620773130801844,4
2026-08-10,1W,Gas Distributors,86,-1.7573751500505226,-2.638397457750602,6
2026-08-10,1W,Investment Managers,87,-1.9617713077660568,-2.842793615466137,13
2026-08-10,1W,Food: Major Diversified,88,-2.6081431658789973,-3.489165473579077,5
2026-08-10,1W,Air Freight/Couriers,89,-2.828007796583747,-3.709030104283827,9
2026-08-10,1W,Building Products,90,-3.079605575634298,-3.9606278833343778,11
2026-08-10,1W,Wireless Telecommunications,91,-3.224596138204742,-4.105618445904822,3
2026-08-10,1W,Life/Health Insurance,92,-3.3661077195723603,-4.247130027272441,8
2026-08-10,1W,Railroads,93,-3.683598543163187,-4.564620850863267,2
2026-08-10,1W,Marine Shipping,94,-3.685758310516676,-4.5667806182167565,3
2026-08-10,1W,Broadcasting,95,-4.746881746902713,-5.627904054602793,3
2026-08-10,1W,Miscellaneous,96,-8.327578160145691,-9.208600467845772,2
2026-08-11,1W,Electronics/Appliance Stores,1,18.90184076763069,18.825854829181573,2
2026-08-11,1W,Restaurants,2,11.313698492373335,11.237712553924212,7
2026-08-11,1W,Electronic Components,3,8.304183450585974,8.228197512136852,4
2026-08-11,1W,Oil & Gas Production,4,6.85204568904073,6.776059750591607,3
2026-08-11,1W,Oilfield Services/Equipment,5,6.223694449990711,6.147708511541588,3
2026-08-11,1W,Biotechnology,6,5.806372486231416,5.730386547782293,4
2026-08-11,1W,Other Consumer Specialties,7,5.310392593867946,5.234406655418823,17
2026-08-11,1W,Other Metals/Minerals,8,4.666002810842111,4.590016872392988,15
2026-08-11,1W,Electronics/Appliances,9,4.547980499081454,4.471994560632331,9
2026-08-11,1W,Forest Products,10,4.44418909642034,4.368203157971217,4
2026-08-11,1W,Electronic Equipment/Instruments,11,4.42731346786976,4.351327529420637,7
2026-08-11,1W,Auto Parts: OEM,12,4.381246488076596,4.305260549627473,52
2026-08-11,1W,Aerospace & Defense,13,3.9667257791023993,3.890739840653276,9
2026-08-11,1W,Medical Specialties,14,3.707722862001383,3.63173692355226,5
2026-08-11,1W,Integrated Oil,15,3.676952349854439,3.600966411405316,5
2026-08-11,1W,Medical/Nursing Services,16,3.4854167517453,3.4094308132961766,11
2026-08-11,1W,Internet Retail,17,3.32542882350062,3.2494428850514963,4
2026-08-11,1W,Food: Meat/Fish/Dairy,18,3.172122453691203,3.09613651524208,6
2026-08-11,1W,Pharmaceuticals: Other,19,3.1156775138309483,3.039691575381825,6
2026-08-11,1W,Data Processing Services,20,3.0929056635986685,3.016919725149545,3
2026-08-11,1W,Internet Software/Services,21,2.973892571797517,2.8979066333483945,13
2026-08-11,1W,Trucking,22,2.7213155479512388,2.645329609502116,3
2026-08-11,1W,Packaged Software,23,2.5994763642904006,2.5234904258412776,36
2026-08-11,1W,Electrical Products,24,2.388764420009534,2.312778481560411,52
2026-08-11,1W,Electronic Production Equipment,25,2.09577858903537,2.019792650586247,10
2026-08-11,1W,Chemicals: Major Diversified,26,2.073942384383199,1.997956445934076,12
2026-08-11,1W,Investment Banks/Brokers,27,2.0003359389302524,1.9243500004811287,23
2026-08-11,1W,Trucks/Construction/Farm Machinery,28,1.974777965375034,1.8987920269259109,20
2026-08-11,1W,Aluminum,29,1.8666188640024488,1.7906329255533258,4
2026-08-11,1W,Other Consumer Services,30,1.8048665438662777,1.7288806054171548,5
2026-08-11,1W,Containers/Packaging,31,1.617707346470486,1.5417214080213628,10
2026-08-11,1W,Pharmaceuticals: Major,32,1.4403530534645506,1.3643671150154275,80
2026-08-11,1W,Chemicals: Specialty,33,1.3815156556147512,1.3055297171656282,49
2026-08-11,1W,Office Equipment/Supplies,34,1.3483055018457,1.272319563396577,6
2026-08-11,1W,Apparel/Footwear,35,1.1819435881606857,1.1059576497115624,18
2026-08-11,1W,Metal Fabrication,36,0.9460668332207032,0.87008089477158,28
2026-08-11,1W,Beverages: Alcoholic,37,0.8910947025709952,0.8151087641218722,9
2026-08-11,1W,Motor Vehicles,38,0.7098803933503987,0.6338944549012756,16
2026-08-11,1W,Industrial Specialties,39,0.5721755738234621,0.496189635374339,27
2026-08-11,1W,Investment Trusts/Mutual Funds,40,0.4837633104060745,0.4077773719569514,4
2026-08-11,1W,Real Estate Investment Trusts,41,0.4403418218193782,0.3643558833702552,7
2026-08-11,1W,Specialty Stores,42,0.3329264965282318,0.2569405580791087,11
2026-08-11,1W,Publishing: Newspapers,43,0.2800549004625978,0.2040689620134748,2
2026-08-11,1W,Hospital/Nursing Management,44,0.2369482026663775,0.1609622642172545,18
2026-08-11,1W,Pulp & Paper,45,0.2266196749731966,0.1506337365240735,2
2026-08-11,1W,Financial Conglomerates,46,0.1352331129286835,0.0592471744795604,7
2026-08-11,1W,Automotive Aftermarket,47,0.1207832742292873,0.0447973357801643,6
2026-08-11,1W,Information Technology Services,48,0.1006945048568461,0.024708566407723,30
2026-08-11,1W,Semiconductors,49,-0.0641335329331538,-0.1401194713822769,10
2026-08-11,1W,Textiles,50,-0.0835146606518489,-0.159500599100972,27
2026-08-11,1W,Oil Refining/Marketing,51,-0.0839041875481019,-0.159890125997225,10
2026-08-11,1W,Airlines,52,-0.1729554633921541,-0.2489414018412772,2
2026-08-11,1W,Regional Banks,53,-0.2044839870495066,-0.2804699254986297,19
2026-08-11,1W,Home Furnishings,54,-0.2228647893345297,-0.2988507277836528,7
2026-08-11,1W,Engineering & Construction,55,-0.3090824904874473,-0.3850684289365704,55
2026-08-11,1W,Steel,56,-0.3168060071982261,-0.3927919456473492,48
2026-08-11,1W,Industrial Machinery,57,-0.3188535540596093,-0.3948394925087324,54
2026-08-11,1W,Telecommunications Equipment,58,-0.4303486442599534,-0.5063345827090765,7
2026-08-11,1W,Major Telecommunications,59,-0.636097479791712,-0.7120834182408351,6
2026-08-11,1W,Food: Specialty/Candy,60,-0.756915497018292,-0.832901435467415,18
2026-08-11,1W,Gas Distributors,61,-0.7830862999256916,-0.8590722383748146,6
2026-08-11,1W,Miscellaneous Manufacturing,62,-0.7952182651183163,-0.8712042035674393,13
2026-08-11,1W,Industrial Conglomerates,63,-0.8614438175731468,-0.93742975602227,4
2026-08-11,1W,Coal,64,-0.8979945619431515,-0.9739805003922746,4
2026-08-11,1W,Wholesale Distributors,65,-0.9676373524306786,-1.0436232908798018,15
2026-08-11,1W,Major Banks,66,-0.9875475398870563,-1.0635334783361794,22
2026-08-11,1W,Movies/Entertainment,67,-1.083612471329658,-1.159598409778781,8
2026-08-11,1W,Life/Health Insurance,68,-1.1772980389044072,-1.2532839773535305,8
2026-08-11,1W,Chemicals: Agricultural,69,-1.2444899288731472,-1.3204758673222703,24
2026-08-11,1W,Investment Managers,70,-1.2941436587804995,-1.3701295972296226,15
2026-08-11,1W,Financial Publishing/Services,71,-1.3293357369106484,-1.4053216753597717,2
2026-08-11,1W,Building Products,72,-1.3695587785443657,-1.4455447169934887,11
2026-08-11,1W,Miscellaneous Commercial Services,73,-1.4329445770018228,-1.5089305154509458,32
2026-08-11,1W,Construction Materials,74,-1.4475241492587692,-1.5235100877078922,21
2026-08-11,1W,Electronics Distributors,75,-1.5328708782363072,-1.6088568166854302,4
2026-08-11,1W,Specialty Insurance,76,-1.5375207296849105,-1.6135066681340335,2
2026-08-11,1W,Real Estate Development,77,-1.619951254488829,-1.695937192937952,36
2026-08-11,1W,Tobacco,78,-1.6304714193874457,-1.7064573578365687,3
2026-08-11,1W,Finance/Rental/Leasing,79,-1.6318299511685537,-1.7078158896176767,54
2026-08-11,1W,Household/Personal Care,80,-1.6702625001283056,-1.7462484385774286,12
2026-08-11,1W,Agricultural Commodities/Milling,81,-1.7467410871123117,-1.8227270255614345,25
2026-08-11,1W,Multi-Line Insurance,82,-1.847541520647818,-1.923527459096941,5
2026-08-11,1W,Apparel/Footwear Retail,83,-1.8633873629116369,-1.93937330136076,12
2026-08-11,1W,Electric Utilities,84,-2.103436298582619,-2.179422237031742,23
2026-08-11,1W,Alternative Power Generation,85,-2.1435496354400403,-2.219535573889164,11
2026-08-11,1W,Hotels/Resorts/Cruise lines,86,-2.395012292164159,-2.470998230613282,14
2026-08-11,1W,Homebuilding,87,-2.611573756136056,-2.687559694585179,3
2026-08-11,1W,Air Freight/Couriers,88,-2.726258507793505,-2.802244446242628,9
2026-08-11,1W,Railroads,89,-2.794330254425539,-2.870316192874662,2
2026-08-11,1W,Personnel Services,90,-2.8089347716626065,-2.8849207101117296,2
2026-08-11,1W,Other Transportation,91,-3.2703774655670834,-3.3463634040162065,4
2026-08-11,1W,Wireless Telecommunications,92,-3.623239319921783,-3.6992252583709058,3
2026-08-11,1W,Food: Major Diversified,93,-4.429293902707802,-4.505279841156925,4
2026-08-11,1W,Broadcasting,94,-4.578740625340218,-4.654726563789341,3
2026-08-11,1W,Marine Shipping,95,-8.905616486943002,-8.981602425392126,3
2026-08-12,1W,Electronics/Appliance Stores,1,19.414522058823536,19.47261260608174,2
2026-08-12,1W,Oilfield Services/Equipment,2,8.73070489207525,8.788795439333455,3
2026-08-12,1W,Restaurants,3,8.120622859972027,8.178713407230232,7
2026-08-12,1W,Electronic Components,4,6.6371837761108745,6.69527432336908,4
2026-08-12,1W,Medical Specialties,5,5.862143206660578,5.920233753918783,5
2026-08-12,1W,Electronic Equipment/Instruments,6,5.029593394138711,5.087683941396916,8
2026-08-12,1W,Auto Parts: OEM,7,4.860773260840431,4.918863808098636,52
2026-08-12,1W,Aerospace & Defense,8,4.703895712967805,4.76198626022601,9
2026-08-12,1W,Electronics/Appliances,9,4.52142092444398,4.579511471702185,8
2026-08-12,1W,Food: Meat/Fish/Dairy,10,4.185754272562344,4.243844819820549,6
2026-08-12,1W,Other Consumer Specialties,11,3.940658759334252,3.998749306592456,16
2026-08-12,1W,Pharmaceuticals: Other,12,3.662697659515347,3.720788206773552,6
2026-08-12,1W,Other Metals/Minerals,13,3.530081718899085,3.58817226615729,15
2026-08-12,1W,Biotechnology,14,3.4487239870264514,3.5068145342846564,4
2026-08-12,1W,Data Processing Services,15,3.241203654641746,3.299294201899951,3
2026-08-12,1W,Internet Software/Services,16,3.111391723310252,3.169482270568457,13
2026-08-12,1W,Trucks/Construction/Farm Machinery,17,2.685598229181484,2.743688776439689,20
2026-08-12,1W,Aluminum,18,2.55085153606102,2.6089420833192243,4
2026-08-12,1W,Integrated Oil,19,2.405103694344406,2.463194241602611,5
2026-08-12,1W,Electrical Products,20,2.067732739023736,2.125823286281941,53
2026-08-12,1W,Containers/Packaging,21,1.93097053144152,1.9890610786997247,13
2026-08-12,1W,Chemicals: Major Diversified,22,1.7543391226750158,1.8124296699332203,12
2026-08-12,1W,Personnel Services,23,1.4590038415528492,1.517094388811054,2
2026-08-12,1W,Medical/Nursing Services,24,1.1198009369541522,1.177891484212357,12
2026-08-12,1W,Investment Trusts/Mutual Funds,25,1.081366503986677,1.1394570512448818,4
2026-08-12,1W,Packaged Software,26,1.075418065677212,1.1335086129354166,36
2026-08-12,1W,Regional Banks,27,1.0348005408690475,1.0928910881272524,19
2026-08-12,1W,Metal Fabrication,28,0.9861084807290146,1.0441990279872193,26
2026-08-12,1W,Pharmaceuticals: Major,29,0.8998482787550334,0.957938826013238,78
2026-08-12,1W,Other Consumer Services,30,0.815596510420233,0.8736870576784377,5
2026-08-12,1W,Office Equipment/Supplies,31,0.5584558019742076,0.6165463492324124,6
2026-08-12,1W,Investment Banks/Brokers,32,0.55627308978814,0.6143636370463448,20
2026-08-12,1W,Industrial Specialties,33,0.5398342214705802,0.597924768728785,27
2026-08-12,1W,Specialty Stores,34,0.534144441588257,0.5922349888464618,11
2026-08-12,1W,Apparel/Footwear,35,0.3471003913841812,0.405190938642386,17
2026-08-12,1W,Major Banks,36,0.18503528062715,0.2431258278853547,21
2026-08-12,1W,Beverages: Alcoholic,37,0.0559223379807232,0.1140128852389279,9
2026-08-12,1W,Oil Refining/Marketing,38,0.0324187561883974,0.0905093034466022,10
2026-08-12,1W,Oil & Gas Production,39,-0.0557644110275711,0.0023261362306336,2
2026-08-12,1W,Motor Vehicles,40,-0.1393174371008023,-0.0812268898425975,16
2026-08-12,1W,Real Estate Investment Trusts,41,-0.1448702780104135,-0.0867797307522087,7
2026-08-12,1W,Electronic Production Equipment,42,-0.2210223237481416,-0.1629317764899369,10
2026-08-12,1W,Food: Specialty/Candy,43,-0.2721209272453527,-0.2140303799871479,17
2026-08-12,1W,Life/Health Insurance,44,-0.3631223394064929,-0.3050317921482882,8
2026-08-12,1W,Trucking,45,-0.3871145406604361,-0.3290239934022314,3
2026-08-12,1W,Airlines,46,-0.4778889908686752,-0.4197984436104705,2
2026-08-12,1W,Pulp & Paper,47,-0.4945078912555724,-0.4364173439973676,3
2026-08-12,1W,Miscellaneous Manufacturing,48,-0.4994564044926219,-0.4413658572344171,12
2026-08-12,1W,Automotive Aftermarket,49,-0.575181724596167,-0.5170911773379623,8
2026-08-12,1W,Industrial Machinery,50,-0.6121487471635007,-0.5540581999052959,56
2026-08-12,1W,Gas Distributors,51,-0.7439150311262267,-0.685824483868022,6
2026-08-12,1W,Engineering & Construction,52,-0.804113741770556,-0.7460231945123512,54
2026-08-12,1W,Investment Managers,53,-0.8326582931618483,-0.7745677459036435,14
2026-08-12,1W,Internet Retail,54,-0.8438190924720286,-0.7857285452138238,4
2026-08-12,1W,Real Estate Development,55,-0.9214477225348672,-0.8633571752766626,35
2026-08-12,1W,Construction Materials,56,-0.9879891827907,-0.9298986355324954,20
2026-08-12,1W,Forest Products,57,-1.1415766271102852,-1.0834860798520805,5
2026-08-12,1W,Chemicals: Specialty,58,-1.2887632508242175,-1.230672703566013,50
2026-08-12,1W,Information Technology Services,59,-1.2932376632921052,-1.2351471160339005,30
2026-08-12,1W,Home Furnishings,60,-1.2988759910620051,-1.2407854438038004,7
2026-08-12,1W,Chemicals: Agricultural,61,-1.40966489990403,-1.3515743526458253,25
2026-08-12,1W,Major Telecommunications,62,-1.433761402318248,-1.3756708550600434,6
2026-08-12,1W,Telecommunications Equipment,63,-1.4443001524321355,-1.386209605173931,7
2026-08-12,1W,Finance/Rental/Leasing,64,-1.526041478931416,-1.4679509316732111,55
2026-08-12,1W,Building Products,65,-1.544045169276571,-1.4859546220183666,12
2026-08-12,1W,Financial Conglomerates,66,-1.6816437593404034,-1.6235532120821987,7
2026-08-12,1W,Industrial Conglomerates,67,-1.6862716875350932,-1.6281811402768884,4
2026-08-12,1W,Financial Publishing/Services,68,-1.814181564304723,-1.7560910170465185,2
2026-08-12,1W,Multi-Line Insurance,69,-1.9493662101681883,-1.891275662909984,5
2026-08-12,1W,Hospital/Nursing Management,70,-2.05175454886229,-1.9936640016040847,19
2026-08-12,1W,Miscellaneous Commercial Services,71,-2.0708849376589185,-2.012794390400713,33
2026-08-12,1W,Cable/Satellite TV,72,-2.143425264164531,-2.085334716906326,2
2026-08-12,1W,Steel,73,-2.171602439172174,-2.1135118919139693,47
2026-08-12,1W,Hotels/Resorts/Cruise lines,74,-2.2416254463344694,-2.1835348990762644,12
2026-08-12,1W,Wholesale Distributors,75,-2.265062815291585,-2.20697226803338,15
2026-08-12,1W,Household/Personal Care,76,-2.3003876797917875,-2.2422971325335825,12
2026-08-12,1W,Textiles,77,-2.3747543129069784,-2.3166637656487734,28
2026-08-12,1W,Electric Utilities,78,-2.3938521969733206,-2.335761649715116,22
2026-08-12,1W,Semiconductors,79,-2.515206878421487,-2.457116331163282,10
2026-08-12,1W,Apparel/Footwear Retail,80,-2.582735143309592,-2.5246445960513864,12
2026-08-12,1W,Alternative Power Generation,81,-2.663971910631273,-2.605881363373068,10
2026-08-12,1W,Homebuilding,82,-2.887047930623692,-2.828957383365487,4
2026-08-12,1W,Other Transportation,83,-2.958798940878768,-2.9007083936205627,4
2026-08-12,1W,Agricultural Commodities/Milling,84,-2.9816967146371662,-2.9236061673789613,26
2026-08-12,1W,Wireless Telecommunications,85,-3.089062722630429,-3.0309721753722245,3
2026-08-12,1W,Electronics Distributors,86,-3.110378598546661,-3.0522880512884565,4
2026-08-12,1W,Railroads,87,-3.374563332392344,-3.316472785134139,2
2026-08-12,1W,Food: Major Diversified,88,-3.461818149161714,-3.403727601903509,5
2026-08-12,1W,Coal,89,-3.493496795739771,-3.435406248481566,4
2026-08-12,1W,Air Freight/Couriers,90,-3.7706410020325953,-3.7125504547743904,10
2026-08-12,1W,Specialty Insurance,91,-3.846042243479064,-3.787951696220859,2
2026-08-12,1W,Tobacco,92,-3.9187502575357054,-3.8606597102775018,3
2026-08-12,1W,Broadcasting,93,-4.289425888108167,-4.231335340849962,3
2026-08-12,1W,Movies/Entertainment,94,-4.776144947100557,-4.718054399842352,8
2026-08-12,1W,Marine Shipping,95,-6.401791959636128,-6.343701412377923,3
2026-08-13,1W,Electronics/Appliance Stores,1,13.95099240434978,13.982945172097065,2
2026-08-13,1W,Oilfield Services/Equipment,2,6.747585137086022,6.779537904833307,3
2026-08-13,1W,Food: Meat/Fish/Dairy,3,6.580609809668423,6.612562577415709,6
2026-08-13,1W,Restaurants,4,6.24749671755968,6.279449485306966,7
2026-08-13,1W,Aerospace & Defense,5,5.857045201104161,5.888997968851447,9
2026-08-13,1W,Electronic Components,6,5.22971045804457,5.261663225791856,4
2026-08-13,1W,Electronic Equipment/Instruments,7,3.781931908885942,3.813884676633228,8
2026-08-13,1W,Medical Specialties,8,3.4960160278644468,3.527968795611732,5
2026-08-13,1W,Personnel Services,9,3.4120507484507745,3.44400351619806,2
2026-08-13,1W,Data Processing Services,10,3.322649307790545,3.35460207553783,3
2026-08-13,1W,Trucking,11,3.2362666418721293,3.2682194096194146,2
2026-08-13,1W,Trucks/Construction/Farm Machinery,12,3.228967768737124,3.2609205364844094,20
2026-08-13,1W,Auto Parts: OEM,13,3.086826096304853,3.118778864052138,52
2026-08-13,1W,Internet Software/Services,14,2.887995377431281,2.9199481451785667,13
2026-08-13,1W,Investment Banks/Brokers,15,2.6461720171674386,2.678124784914724,20
2026-08-13,1W,Other Consumer Specialties,16,2.5298469304141906,2.561799698161476,16
2026-08-13,1W,Chemicals: Major Diversified,17,2.3858577235382965,2.417810491285582,11
2026-08-13,1W,Electrical Products,18,2.247963098645163,2.2799158663924484,52
2026-08-13,1W,Industrial Specialties,19,2.228819753265603,2.260772521012888,27
2026-08-13,1W,Integrated Oil,20,2.194819432171152,2.2267721999184373,5
2026-08-13,1W,Miscellaneous Manufacturing,21,2.140754028438204,2.172706796185489,10
2026-08-13,1W,Oil & Gas Production,22,1.9499731808460017,1.981925948593287,2
2026-08-13,1W,Specialty Stores,23,1.889838567642084,1.9217913353893687,11
2026-08-13,1W,Containers/Packaging,24,1.7936954442495332,1.8256482119968185,12
2026-08-13,1W,Investment Trusts/Mutual Funds,25,1.708882824219044,1.7408355919663292,4
2026-08-13,1W,Railroads,26,1.6795520231213854,1.7115047908686707,2
2026-08-13,1W,Electronics/Appliances,27,1.601438689116447,1.6333914568637322,8
2026-08-13,1W,Airlines,28,1.2753908208788127,1.307343588626098,2
2026-08-13,1W,Beverages: Alcoholic,29,1.2541319327442133,1.2860847004914986,9
2026-08-13,1W,Pharmaceuticals: Major,30,1.0725134681100652,1.1044662358573505,79
2026-08-13,1W,Real Estate Investment Trusts,31,1.0176696552658244,1.0496224230131097,8
2026-08-13,1W,Homebuilding,32,0.8671992792252305,0.8991520469725159,4
2026-08-13,1W,Medical/Nursing Services,33,0.8181094567237519,0.8500622244710373,10
2026-08-13,1W,Biotechnology,34,0.7873584413997277,0.819311209147013,4
2026-08-13,1W,Wireless Telecommunications,35,0.7585437638821269,0.7904965316294122,3
2026-08-13,1W,Consumer Sundries,36,0.7380836209776912,0.7700363887249766,2
2026-08-13,1W,Packaged Software,37,0.7300034590445216,0.761956226791807,37
2026-08-13,1W,Food: Specialty/Candy,38,0.6815031944132657,0.7134559621605511,17
2026-08-13,1W,Oil Refining/Marketing,39,0.6057446293768721,0.6376973971241575,10
2026-08-13,1W,Regional Banks,40,0.5101832853074302,0.5421360530547156,19
2026-08-13,1W,Electronic Production Equipment,41,0.4741312204082997,0.5060839881555851,9
2026-08-13,1W,Other Consumer Services,42,0.3033115906742123,0.3352643584214976,4
2026-08-13,1W,Pharmaceuticals: Other,43,0.2498936043838696,0.281846372131155,6
2026-08-13,1W,Metal Fabrication,44,0.2085862059692416,0.2405389737165269,27
2026-08-13,1W,Motor Vehicles,45,0.0720218472109862,0.1039746149582715,16
2026-08-13,1W,Financial Publishing/Services,46,0.0658301941032081,0.0977829618504934,2
2026-08-13,1W,Publishing: Newspapers,47,-0.0111422739168269,0.0208104938304583,2
2026-08-13,1W,Life/Health Insurance,48,-0.0316631522916678,0.0002896154556175,8
2026-08-13,1W,Telecommunications Equipment,49,-0.0451262657220279,-0.0131734979747426,6
2026-08-13,1W,Gas Distributors,50,-0.121897192447085,-0.0899444246997997,6
2026-08-13,1W,Broadcasting,51,-0.1387244169940154,-0.10677164924673,3
2026-08-13,1W,Real Estate Development,52,-0.1929694007533233,-0.1610166330060379,35
2026-08-13,1W,Information Technology Services,53,-0.2072860901976522,-0.1753333224503669,30
2026-08-13,1W,Major Banks,54,-0.2400049613450572,-0.2080521935977719,22
2026-08-13,1W,Office Equipment/Supplies,55,-0.3211931832907034,-0.289240415543418,5
2026-08-13,1W,Investment Managers,56,-0.3212323836367079,-0.2892796158894226,14
2026-08-13,1W,Industrial Conglomerates,57,-0.3302518087509322,-0.2982990410036468,4
2026-08-13,1W,Internet Retail,58,-0.3589766947576387,-0.3270239270103534,4
2026-08-13,1W,Chemicals: Specialty,59,-0.3988003841065739,-0.3668476163592886,50
2026-08-13,1W,Financial Conglomerates,60,-0.5895362844117301,-0.5575835166644447,10
2026-08-13,1W,Building Products,61,-0.6144519963042903,-0.5824992285570049,12
2026-08-13,1W,Major Telecommunications,62,-0.6552970596071689,-0.6233442918598835,6
2026-08-13,1W,Electronics Distributors,63,-0.690312655777354,-0.6583598880300686,4
2026-08-13,1W,Industrial Machinery,64,-0.7975461847495526,-0.7655934170022672,56
2026-08-13,1W,Pulp & Paper,65,-0.8349483204134343,-0.8029955526661489,2
2026-08-13,1W,Cable/Satellite TV,66,-0.843738614910736,-0.8117858471634506,2
2026-08-13,1W,Household/Personal Care,67,-0.8819778264474487,-0.8500250587001633,12
2026-08-13,1W,Chemicals: Agricultural,68,-1.0075116426411297,-0.9755588748938444,26
2026-08-13,1W,Semiconductors,69,-1.0598688065944943,-1.027916038847209,10
2026-08-13,1W,Engineering & Construction,70,-1.13437695243281,-1.1024241846855247,54
2026-08-13,1W,Other Metals/Minerals,71,-1.266661171704923,-1.2347084039576377,16
2026-08-13,1W,Apparel/Footwear,72,-1.492521454126304,-1.4605686863790188,15
2026-08-13,1W,Electric Utilities,73,-1.554202637215938,-1.5222498694686526,22
2026-08-13,1W,Hospital/Nursing Management,74,-1.5888177399961427,-1.5568649722488574,19
2026-08-13,1W,Aluminum,75,-1.6572659813975106,-1.6253132136502253,4
2026-08-13,1W,Forest Products,76,-1.69740226711995,-1.6654494993726647,5
2026-08-13,1W,Agricultural Commodities/Milling,77,-1.78615383716641,-1.7542010694191248,24
2026-08-13,1W,Finance/Rental/Leasing,78,-1.830533220994642,-1.7985804532473568,54
2026-08-13,1W,Coal,79,-2.1623747560685485,-2.130421988321263,4
2026-08-13,1W,Hotels/Resorts/Cruise lines,80,-2.383229548829393,-2.351276781082108,12
2026-08-13,1W,Apparel/Footwear Retail,81,-2.4244053927059204,-2.392452624958635,12
2026-08-13,1W,Air Freight/Couriers,82,-2.5088959340550425,-2.476943166307757,10
2026-08-13,1W,Textiles,83,-2.525813441952632,-2.493860674205347,24
2026-08-13,1W,Automotive Aftermarket,84,-2.5592624233754147,-2.5273096556281294,8
2026-08-13,1W,Food: Major Diversified,85,-2.630715890036433,-2.598763122289148,5
2026-08-13,1W,Other Transportation,86,-2.8042391912453737,-2.7722864234980884,4
2026-08-13,1W,Alternative Power Generation,87,-2.851917627067317,-2.819964859320032,10
2026-08-13,1W,Construction Materials,88,-2.969189697870641,-2.937236930123356,20
2026-08-13,1W,Specialty Insurance,89,-3.070869795810132,-3.0389170280628464,2
2026-08-13,1W,Miscellaneous Commercial Services,90,-3.082914535453922,-3.0509617677066365,32
2026-08-13,1W,Steel,91,-3.221242222013625,-3.18928945426634,51
2026-08-13,1W,Multi-Line Insurance,92,-3.36985007858138,-3.3378973108340944,5
2026-08-13,1W,Tobacco,93,-3.4590281822950986,-3.4270754145478133,3
2026-08-13,1W,Wholesale Distributors,94,-3.716317869002528,-3.684365101255241,16
2026-08-13,1W,Movies/Entertainment,95,-3.7464400959516895,-3.714487328204405,8
2026-08-13,1W,Home Furnishings,96,-3.776084824039853,-3.744132056292568,7
2026-08-13,1W,Marine Shipping,97,-4.310028703308548,-4.278075935561263,3
2026-08-14,1W,Electronics/Appliance Stores,1,12.541076502212784,12.578517774502226,2
2026-08-14,1W,Oilfield Services/Equipment,2,9.503640924783944,9.541082197073385,3
2026-08-14,1W,Restaurants,3,7.3531622371826195,7.390603509472059,7
2026-08-14,1W,Wireless Telecommunications,4,5.958079720099578,5.995520992389017,3
2026-08-14,1W,Data Processing Services,5,5.044363339723413,5.081804612012852,3
2026-08-14,1W,Electronic Components,6,4.70518148441491,4.742622756704349,4
2026-08-14,1W,Internet Software/Services,7,3.8542246448035287,3.891665917092968,14
2026-08-14,1W,Medical Specialties,8,3.829593783729696,3.867035056019136,5
2026-08-14,1W,Food: Meat/Fish/Dairy,9,3.629826760847265,3.667268033136705,6
2026-08-14,1W,Auto Parts: OEM,10,3.363329046099808,3.4007703183892475,50
2026-08-14,1W,Personnel Services,11,3.322017916077324,3.359459188366764,2
2026-08-14,1W,Aerospace & Defense,12,3.2813398697563976,3.3187811420458373,9
2026-08-14,1W,Broadcasting,13,2.577924453397728,2.6153657256871674,3
2026-08-14,1W,Electronic Equipment/Instruments,14,2.5235073554978578,2.560948627787297,8
2026-08-14,1W,Internet Retail,15,2.4992923042310315,2.536733576520472,4
2026-08-14,1W,Consumer Sundries,16,2.427565737833595,2.465007010123035,2
2026-08-14,1W,Investment Trusts/Mutual Funds,17,2.3967096514805863,2.434150923770026,3
2026-08-14,1W,Miscellaneous Manufacturing,18,1.9338756237889296,1.971316896078369,11
2026-08-14,1W,Investment Banks/Brokers,19,1.909109725435531,1.9465509977249704,21
2026-08-14,1W,Beverages: Alcoholic,20,1.8757178019582168,1.913159074247656,9
2026-08-14,1W,Chemicals: Major Diversified,21,1.7761964428050931,1.8136377150945329,11
2026-08-14,1W,Packaged Software,22,1.69039565992566,1.7278369322150997,37
2026-08-14,1W,Containers/Packaging,23,1.670085678310854,1.7075269506002937,12
2026-08-14,1W,Marine Shipping,24,1.6385120444161227,1.6759533167055622,3
2026-08-14,1W,Railroads,25,1.5809032699469698,1.6183445422364091,2
2026-08-14,1W,Other Consumer Specialties,26,1.5547739917426946,1.592215264032134,16
2026-08-14,1W,Telecommunications Equipment,27,1.5238482455343003,1.5612895178237398,7
2026-08-14,1W,Electrical Products,28,1.5043964629681403,1.5418377352575798,54
2026-08-14,1W,Specialty Stores,29,1.4030684818646677,1.440509754154107,11
2026-08-14,1W,Industrial Specialties,30,1.4024327745726732,1.4398740468621127,28
2026-08-14,1W,Oil & Gas Production,31,1.4023784374420627,1.4398197097315022,2
2026-08-14,1W,Real Estate Development,32,1.314001473506435,1.3514427457958744,35
2026-08-14,1W,Food: Specialty/Candy,33,1.1454654752321156,1.1829067475215551,19
2026-08-14,1W,Airlines,34,0.9671247315177351,1.0045660038071749,2
2026-08-14,1W,Homebuilding,35,0.8195932529131222,0.8570345252025617,4
2026-08-14,1W,Information Technology Services,36,0.6818740480753056,0.7193153203647451,30
2026-08-14,1W,Pharmaceuticals: Major,37,0.6670130691404016,0.7044543414298412,79
2026-08-14,1W,Financial Publishing/Services,38,0.6406017738948679,0.6780430461843074,2
2026-08-14,1W,Electronic Production Equipment,39,0.6116277652013522,0.6490690374907917,10
2026-08-14,1W,Motor Vehicles,40,0.5709458760554882,0.6083871483449277,16
2026-08-14,1W,Biotechnology,41,0.5632179660366843,0.6006592383261238,4
2026-08-14,1W,Gas Distributors,42,0.5563458363024205,0.59378710859186,6
2026-08-14,1W,Trucking,43,0.4021407097792782,0.4395819820687177,2
2026-08-14,1W,Office Equipment/Supplies,44,0.3752678773103646,0.4127091495998041,5
2026-08-14,1W,Real Estate Investment Trusts,45,0.3679430621224341,0.4053843344118737,8
2026-08-14,1W,Industrial Conglomerates,46,0.2092068698977802,0.2466481421872198,4
2026-08-14,1W,Electronics Distributors,47,0.04508856735288,0.0825298396423195,4
2026-08-14,1W,Life/Health Insurance,48,-0.0006016708179217,0.0368396014715178,8
2026-08-14,1W,Publishing: Newspapers,49,-0.0407916327152479,-0.0033503604258083,2
2026-08-14,1W,Electronics/Appliances,50,-0.0556142134047363,-0.0181729411152968,8
2026-08-14,1W,Pharmaceuticals: Other,51,-0.0888739716980186,-0.0514326994085791,6
2026-08-14,1W,Metal Fabrication,52,-0.0911581234271047,-0.0537168511376651,28
2026-08-14,1W,Trucks/Construction/Farm Machinery,53,-0.1549066572896327,-0.1174653850001931,20
2026-08-14,1W,Medical/Nursing Services,54,-0.3605344759659449,-0.3230932036765054,11
2026-08-14,1W,Hospital/Nursing Management,55,-0.3625275160497995,-0.32508624376036,19
2026-08-14,1W,Oil Refining/Marketing,56,-0.3699380761532688,-0.3324968038638293,10
2026-08-14,1W,Major Banks,57,-0.407767776962283,-0.3703265046728435,22
2026-08-14,1W,Building Products,58,-0.5637322164776246,-0.5262909441881851,11
2026-08-14,1W,Movies/Entertainment,59,-0.5764676112939844,-0.5390263390045449,8
2026-08-14,1W,Industrial Machinery,60,-0.5938035097438513,-0.5563622374544117,56
2026-08-14,1W,Investment Managers,61,-0.6074591824711563,-0.5700179101817167,13
2026-08-14,1W,Engineering & Construction,62,-0.632432102907905,-0.5949908306184655,54
2026-08-14,1W,Agricultural Commodities/Milling,63,-0.768992330815544,-0.7315510585261045,25
2026-08-14,1W,Chemicals: Agricultural,64,-0.8799200350059281,-0.8424787627164885,26
2026-08-14,1W,Integrated Oil,65,-0.9996515671983368,-0.9622102949088972,5
2026-08-14,1W,Chemicals: Specialty,66,-1.1468280175525982,-1.1093867452631587,50
2026-08-14,1W,Electric Utilities,67,-1.162360138222896,-1.1249188659334564,23
2026-08-14,1W,Apparel/Footwear,68,-1.1720460794025844,-1.134604807113145,18
2026-08-14,1W,Regional Banks,69,-1.2066290265224533,-1.1691877542330138,20
2026-08-14,1W,Semiconductors,70,-1.2500756134579714,-1.212634341168532,10
2026-08-14,1W,Automotive Aftermarket,71,-1.3886301225504616,-1.351188850261022,7
2026-08-14,1W,Specialty Insurance,72,-1.4432065782859451,-1.4057653059965056,2
2026-08-14,1W,Household/Personal Care,73,-1.59978233965897,-1.5623410673695306,12
2026-08-14,1W,Home Furnishings,74,-1.6016056832197978,-1.5641644109303583,7
2026-08-14,1W,Alternative Power Generation,75,-1.615492776175325,-1.5780515038858856,10
2026-08-14,1W,Other Consumer Services,76,-1.679639870610944,-1.6421985983215046,5
2026-08-14,1W,Miscellaneous Commercial Services,77,-1.7699566125044748,-1.7325153402150353,32
2026-08-14,1W,Finance/Rental/Leasing,78,-1.994142165008664,-1.9567008927192244,55
2026-08-14,1W,Steel,79,-2.027660442380508,-1.9902191700910687,44
2026-08-14,1W,Textiles,80,-2.0757212974151926,-2.038280025125753,23
2026-08-14,1W,Other Transportation,81,-2.112953926237551,-2.0755126539481115,4
2026-08-14,1W,Other Metals/Minerals,82,-2.1451096717826403,-2.1076683994932006,16
2026-08-14,1W,Apparel/Footwear Retail,83,-2.320327145151767,-2.282885872862327,12
2026-08-14,1W,Financial Conglomerates,84,-2.3681986189915425,-2.3307573467021028,8
2026-08-14,1W,Multi-Line Insurance,85,-2.389408012080404,-2.351966739790964,5
2026-08-14,1W,Major Telecommunications,86,-2.5044105200155182,-2.4669692477260785,6
2026-08-14,1W,Food: Major Diversified,87,-2.5670462195693267,-2.529604947279887,5
2026-08-14,1W,Construction Materials,88,-2.779649093615489,-2.742207821326049,19
2026-08-14,1W,Wholesale Distributors,89,-3.053308195069562,-3.0158669227801225,15
2026-08-14,1W,Coal,90,-3.146609675184316,-3.109168402894876,4
2026-08-14,1W,Tobacco,91,-3.2320981533397712,-3.1946568810503315,3
2026-08-14,1W,Hotels/Resorts/Cruise lines,92,-3.282676113925901,-3.245234841636462,13
2026-08-14,1W,Air Freight/Couriers,93,-3.843180401588645,-3.8057391292992047,10
2026-08-14,1W,Aluminum,94,-3.9051575814799615,-3.867716309190522,4
2026-08-14,1W,Forest Products,95,-4.33254973053297,-4.295108458243531,5
2026-08-17,1W,Oilfield Services/Equipment,1,12.075518131357848,12.58346155538242,3
2026-08-17,1W,Oil & Gas Production,2,6.953138835051205,7.461082259075777,2
2026-08-17,1W,Electronics/Appliance Stores,3,5.175590237863646,5.683533661888218,2
2026-08-17,1W,Food: Meat/Fish/Dairy,4,5.137227070713259,5.645170494737831,6
2026-08-17,1W,Personnel Services,5,5.008146379573069,5.516089803597641,2
2026-08-17,1W,Internet Software/Services,6,4.493205453834807,5.001148877859379,14
2026-08-17,1W,Internet Retail,7,3.997309839555277,4.505253263579848,4
2026-08-17,1W,Medical Specialties,8,3.977377640452693,4.485321064477264,5
2026-08-17,1W,Wireless Telecommunications,9,3.539167606400713,4.0471110304252855,3
2026-08-17,1W,Aerospace & Defense,10,3.198066771339541,3.706010195364114,9
2026-08-17,1W,Containers/Packaging,11,3.1838062948986074,3.69174971892318,12
2026-08-17,1W,Investment Trusts/Mutual Funds,12,3.1676007048292707,3.675544128853843,3
2026-08-17,1W,Broadcasting,13,3.0893882644606485,3.597331688485221,3
2026-08-17,1W,Beverages: Alcoholic,14,2.969662315652672,3.4776057396772444,9
2026-08-17,1W,Consumer Sundries,15,2.860572364834436,3.3685157888590083,2
2026-08-17,1W,Data Processing Services,16,2.852537815537925,3.360481239562497,3
2026-08-17,1W,Real Estate Development,17,2.340100438980761,2.848043863005333,34
2026-08-17,1W,Marine Shipping,18,2.297412561842092,2.8053559858666643,3
2026-08-17,1W,Miscellaneous Manufacturing,19,2.1175213046476675,2.62546472867224,12
2026-08-17,1W,Electrical Products,20,2.0259485727764384,2.5338919968010107,53
2026-08-17,1W,Biotechnology,21,1.9690415316162009,2.476984955640773,4
2026-08-17,1W,Railroads,22,1.883911581471729,2.391855005496302,2
2026-08-17,1W,Restaurants,23,1.8447069723829008,2.352650396407473,7
2026-08-17,1W,Electronics Distributors,24,1.441750148769183,1.949693572793756,4
2026-08-17,1W,Industrial Specialties,25,1.4275699498554022,1.9355133738799744,27
2026-08-17,1W,Food: Specialty/Candy,26,1.2995477819840546,1.8074912060086268,19
2026-08-17,1W,Investment Banks/Brokers,27,1.211178846285976,1.7191222703105482,21
2026-08-17,1W,Electronic Production Equipment,28,1.13896397677753,1.6469074008021023,10
2026-08-17,1W,Semiconductors,29,1.1239548632294585,1.6318982872540309,10
2026-08-17,1W,Chemicals: Major Diversified,30,1.089164927104764,1.5971083511293362,11
2026-08-17,1W,Metal Fabrication,31,1.050903464029141,1.5588468880537132,26
2026-08-17,1W,Integrated Oil,32,1.0416626937947768,1.5496061178193492,5
2026-08-17,1W,Auto Parts: OEM,33,0.9576124646279992,1.4655558886525712,52
2026-08-17,1W,Investment Managers,34,0.6122433438226984,1.1201867678472706,13
2026-08-17,1W,Life/Health Insurance,35,0.5132585938194736,1.021202017844046,8
2026-08-17,1W,Specialty Stores,36,0.3557786569635331,0.8637220809881054,11
2026-08-17,1W,Trucks/Construction/Farm Machinery,37,0.2449479640555018,0.752891388080074,20
2026-08-17,1W,Industrial Machinery,38,0.2148189383148963,0.7227623623394686,54
2026-08-17,1W,Building Products,39,-0.0373647350847762,0.470578688939796,11
2026-08-17,1W,Major Banks,40,-0.077149336315094,0.4307940877094782,22
2026-08-17,1W,Gas Distributors,41,-0.1401617569556629,0.3677816670689093,6
2026-08-17,1W,Homebuilding,42,-0.1736833112257099,0.3342601127988623,4
2026-08-17,1W,Trucking,43,-0.2234303278098977,0.2845130962146746,3
2026-08-17,1W,Other Consumer Specialties,44,-0.2511438961956944,0.2567995278288778,16
2026-08-17,1W,Oil Refining/Marketing,45,-0.3265780280414279,0.1813653959831443,10
2026-08-17,1W,Pharmaceuticals: Major,46,-0.3616272908319144,0.1463161331926578,80
2026-08-17,1W,Agricultural Commodities/Milling,47,-0.3632893536009506,0.1446540704236216,25
2026-08-17,1W,Medical/Nursing Services,48,-0.4258113068608757,0.0821321171636965,10
2026-08-17,1W,Finance/Rental/Leasing,49,-0.495823979505968,0.0121194445186042,56
2026-08-17,1W,Packaged Software,50,-0.5118629314369666,-0.0039195074123943,34
2026-08-17,1W,Chemicals: Specialty,51,-0.5262478058665114,-0.0183043818419391,50
2026-08-17,1W,Home Furnishings,52,-0.5543479918035432,-0.0464045677789709,7
2026-08-17,1W,Specialty Insurance,53,-0.6253932866775481,-0.1174498626529758,2
2026-08-17,1W,Telecommunications Equipment,54,-0.6592128345635737,-0.1512694105390014,6
2026-08-17,1W,Multi-Line Insurance,55,-0.7228825001706274,-0.2149390761460551,5
2026-08-17,1W,Real Estate Investment Trusts,56,-0.7704739222814121,-0.2625304982568398,8
2026-08-17,1W,Electronic Components,57,-0.9033297678579738,-0.3953863438334015,4
2026-08-17,1W,Apparel/Footwear,58,-0.957812716497622,-0.4498692924730496,18
2026-08-17,1W,Engineering & Construction,59,-0.9628365864615888,-0.4548931624370164,54
2026-08-17,1W,Chemicals: Agricultural,60,-1.0649838636718665,-0.557040439647294,27
2026-08-17,1W,Motor Vehicles,61,-1.0893107263960122,-0.58136730237144,16
2026-08-17,1W,Electronic Equipment/Instruments,62,-1.1305517805149523,-0.62260835649038,8
2026-08-17,1W,Steel,63,-1.1447706758015592,-0.636827251776987,47
2026-08-17,1W,Industrial Conglomerates,64,-1.1504380420156932,-0.642494617991121,4
2026-08-17,1W,Other Metals/Minerals,65,-1.167193042674124,-0.6592496186495517,16
2026-08-17,1W,Financial Publishing/Services,66,-1.2197955520702712,-0.711852128045699,2
2026-08-17,1W,Automotive Aftermarket,67,-1.507421479073361,-0.9994780550487892,7
2026-08-17,1W,Regional Banks,68,-1.514630820447033,-1.0066873964224603,19
2026-08-17,1W,Pharmaceuticals: Other,69,-1.6314651615761808,-1.1235217375516084,6
2026-08-17,1W,Office Equipment/Supplies,70,-1.790397013527621,-1.2824535895030489,5
2026-08-17,1W,Other Consumer Services,71,-1.833976966725248,-1.3260335427006755,5
2026-08-17,1W,Electric Utilities,72,-1.8664750976488536,-1.3585316736242814,24
2026-08-17,1W,Miscellaneous Commercial Services,73,-1.867936612764766,-1.359993188740194,32
2026-08-17,1W,Movies/Entertainment,74,-1.917732128496204,-1.409788704471631,8
2026-08-17,1W,Apparel/Footwear Retail,75,-2.062611553579831,-1.5546681295552585,12
2026-08-17,1W,Hospital/Nursing Management,76,-2.146982725635894,-1.6390393016113216,18
2026-08-17,1W,Wholesale Distributors,77,-2.2754469458876065,-1.7675035218630342,14
2026-08-17,1W,Major Telecommunications,78,-2.329806379525025,-1.8218629555004529,6
2026-08-17,1W,Hotels/Resorts/Cruise lines,79,-2.460891407006708,-1.9529479829821352,14
2026-08-17,1W,Alternative Power Generation,80,-2.544715151293353,-2.03677172726878,10
2026-08-17,1W,Air Freight/Couriers,81,-2.6571010891436586,-2.1491576651190862,12
2026-08-17,1W,Textiles,82,-2.6638253826468112,-2.155881958622239,26
2026-08-17,1W,Financial Conglomerates,83,-2.665657614955019,-2.1577141909304465,8
2026-08-17,1W,Information Technology Services,84,-2.7329539344839864,-2.225010510459414,30
2026-08-17,1W,Household/Personal Care,85,-2.946845936664818,-2.438902512640245,13
2026-08-17,1W,Electronics/Appliances,86,-3.0570477749195804,-2.549104350895008,8
2026-08-17,1W,Construction Materials,87,-3.232258994558213,-2.7243155705336406,21
2026-08-17,1W,Food: Major Diversified,88,-3.2733530089088583,-2.765409584884286,5
2026-08-17,1W,Aluminum,89,-3.493570157048536,-2.985626733023964,4
2026-08-17,1W,Coal,90,-3.5188637100080022,-3.01092028598343,4
2026-08-17,1W,Other Transportation,91,-4.556015263886964,-4.048071839862392,4
2026-08-17,1W,Tobacco,92,-4.89255788301754,-4.384614458992968,3
2026-08-17,1W,Forest Products,93,-6.654814841511946,-6.146871417487374,5
2026-08-18,1W,Oilfield Services/Equipment,1,16.23586721617523,17.119494581112097,3
2026-08-18,1W,Medical Specialties,2,6.168440285867257,7.052067650804124,6
2026-08-18,1W,Broadcasting,3,5.124581788431075,6.008209153367941,3
2026-08-18,1W,Oil & Gas Production,4,4.999398657610602,5.883026022547468,3
2026-08-18,1W,Internet Retail,5,4.98667481543669,5.870302180373556,4
2026-08-18,1W,Aerospace & Defense,6,4.466983711899596,5.350611076836462,9
2026-08-18,1W,Marine Shipping,7,4.201793104468523,5.085420469405389,3
2026-08-18,1W,Food: Meat/Fish/Dairy,8,4.042062541454171,4.925689906391037,6
2026-08-18,1W,Wireless Telecommunications,9,3.3369481980204103,4.2205755629572765,3
2026-08-18,1W,Internet Software/Services,10,3.251837333057842,4.135464697994708,12
2026-08-18,1W,Metal Fabrication,11,2.9898472157029583,3.873474580639825,27
2026-08-18,1W,Restaurants,12,2.686149257946957,3.5697766228838232,7
2026-08-18,1W,Telecommunications Equipment,13,2.679648871051489,3.563276235988355,6
2026-08-18,1W,Personnel Services,14,1.970692625263592,2.8543199902004583,2
2026-08-18,1W,Electronics/Appliance Stores,15,1.87142749942882,2.755054864365686,2
2026-08-18,1W,Containers/Packaging,16,1.8450181931079008,2.728645558044767,11
2026-08-18,1W,Industrial Machinery,17,1.7771351534004016,2.660762518337268,54
2026-08-18,1W,Trucks/Construction/Farm Machinery,18,1.6318978829194544,2.5155252478563206,20
2026-08-18,1W,Beverages: Alcoholic,19,1.6071643640860211,2.490791729022888,9
2026-08-18,1W,Investment Trusts/Mutual Funds,20,1.5465409820865674,2.4301683470234337,5
2026-08-18,1W,Homebuilding,21,1.481033051475917,2.364660416412783,4
2026-08-18,1W,Auto Parts: OEM,22,1.4756305223740216,2.359257887310888,51
2026-08-18,1W,Electrical Products,23,1.3866747893995417,2.270302154336408,53
2026-08-18,1W,Electronic Production Equipment,24,1.3787676822284356,2.262395047165302,10
2026-08-18,1W,Miscellaneous Manufacturing,25,1.3439582974108284,2.227585662347695,13
2026-08-18,1W,Semiconductors,26,1.3222086480144013,2.205836012951268,10
2026-08-18,1W,Railroads,27,1.2675164793365647,2.151143844273431,2
2026-08-18,1W,Electronics Distributors,28,1.1207331648429113,2.004360529779777,4
2026-08-18,1W,Chemicals: Major Diversified,29,1.1056595972369068,1.989286962173773,12
2026-08-18,1W,Food: Specialty/Candy,30,0.3132022268635592,1.1968295918004257,20
2026-08-18,1W,Electronic Components,31,0.3022002397654988,1.1858276047023653,4
2026-08-18,1W,Industrial Specialties,32,0.2935412544501703,1.1771686193870368,28
2026-08-18,1W,Life/Health Insurance,33,0.1878963729443878,1.0715237378812543,8
2026-08-18,1W,Biotechnology,34,0.1465387519256227,1.030166116862489,4
2026-08-18,1W,Specialty Insurance,35,0.1463743611417307,1.0300017260785972,2
2026-08-18,1W,Home Furnishings,36,0.071970171548581,0.9555975364854474,7
2026-08-18,1W,Investment Managers,37,-0.0357662053373519,0.8478611595995144,12
2026-08-18,1W,Pharmaceuticals: Major,38,-0.0819779315654057,0.8016494333714606,79
2026-08-18,1W,Building Products,39,-0.1598021217196826,0.7238252432171837,11
2026-08-18,1W,Gas Distributors,40,-0.2107593402239015,0.6728680247129648,6
2026-08-18,1W,Oil Refining/Marketing,41,-0.2661970000466887,0.6174303648901776,9
2026-08-18,1W,Real Estate Development,42,-0.4163278364935812,0.4672995284432851,34
2026-08-18,1W,Major Banks,43,-0.4909520245832395,0.3926753403536268,22
2026-08-18,1W,Electronic Equipment/Instruments,44,-0.5314035174973766,0.3522238474394897,7
2026-08-18,1W,Movies/Entertainment,45,-0.5417470584901568,0.3418803064467095,8
2026-08-18,1W,Chemicals: Specialty,46,-0.611409555926691,0.2722178090101753,49
2026-08-18,1W,Investment Banks/Brokers,47,-0.6168889234559908,0.2667384414808755,19
2026-08-18,1W,Wholesale Distributors,48,-0.6429551743255493,0.240672190611317,15
2026-08-18,1W,Regional Banks,49,-0.6459095981062084,0.2377177668306579,19
2026-08-18,1W,Data Processing Services,50,-0.6826725271133649,0.2009548378235014,3
2026-08-18,1W,Integrated Oil,51,-0.7293706317220832,0.1542567332147831,4
2026-08-18,1W,Agricultural Commodities/Milling,52,-0.7658625589349513,0.117764806001915,26
2026-08-18,1W,Trucking,53,-0.779565940872692,0.1040614240641742,3
2026-08-18,1W,Industrial Conglomerates,54,-0.84900867865017,0.0346186862866962,4
2026-08-18,1W,Multi-Line Insurance,55,-0.86465193754239,0.0189754273944763,5
2026-08-18,1W,Office Equipment/Supplies,56,-0.9575992231441192,-0.0739718582072528,5
2026-08-18,1W,Real Estate Investment Trusts,57,-1.028575606851065,-0.1449482419141986,8
2026-08-18,1W,Pharmaceuticals: Other,58,-1.0639136646369414,-0.180286299700075,6
2026-08-18,1W,Hotels/Resorts/Cruise lines,59,-1.166717904010588,-0.2830905390737216,13
2026-08-18,1W,Finance/Rental/Leasing,60,-1.2873932590952784,-0.403765894158412,56
2026-08-18,1W,Specialty Stores,61,-1.300136220669699,-0.4165088557328326,11
2026-08-18,1W,Other Consumer Specialties,62,-1.329299577591619,-0.4456722126547526,16
2026-08-18,1W,Engineering & Construction,63,-1.363965602903177,-0.4803382379663107,56
2026-08-18,1W,Textiles,64,-1.3681417123864634,-0.4845143474495971,24
2026-08-18,1W,Pulp & Paper,65,-1.432143598256902,-0.5485162333200356,2
2026-08-18,1W,Motor Vehicles,66,-1.5433252687944097,-0.6596979038575431,16
2026-08-18,1W,Financial Publishing/Services,67,-1.628320932300369,-0.7446935673635026,2
2026-08-18,1W,Apparel/Footwear,68,-1.6530187567406531,-0.7693913918037868,18
2026-08-18,1W,Steel,69,-1.6596405136407797,-0.7760131487039131,45
2026-08-18,1W,Miscellaneous Commercial Services,70,-1.6808479356371295,-0.7972205707002632,32
2026-08-18,1W,Packaged Software,71,-1.8075053195573128,-0.9238779546204464,35
2026-08-18,1W,Publishing: Newspapers,72,-1.8354194677664744,-0.951792102829608,2
2026-08-18,1W,Other Metals/Minerals,73,-1.836684477359768,-0.9530571124229013,16
2026-08-18,1W,Chemicals: Agricultural,74,-1.975198830449587,-1.0915714655127209,25
2026-08-18,1W,Hospital/Nursing Management,75,-2.010317599111147,-1.1266902341742808,18
2026-08-18,1W,Electronics/Appliances,76,-2.344714375804511,-1.4610870108676446,8
2026-08-18,1W,Air Freight/Couriers,77,-2.3952072930093875,-1.5115799280725213,11
2026-08-18,1W,Medical/Nursing Services,78,-2.410771994575601,-1.5271446296387352,11
2026-08-18,1W,Automotive Aftermarket,79,-2.4328694369601083,-1.549242072023242,7
2026-08-18,1W,Apparel/Footwear Retail,80,-2.4368074659836223,-1.553180101046756,12
2026-08-18,1W,Forest Products,81,-2.462463366045095,-1.578836001108229,5
2026-08-18,1W,Electric Utilities,82,-2.473552016686747,-1.5899246517498806,23
2026-08-18,1W,Alternative Power Generation,83,-2.83298404272253,-1.949356677785664,10
2026-08-18,1W,Other Consumer Services,84,-2.880204463505807,-1.9965770985689408,5
2026-08-18,1W,Coal,85,-2.9124059946421275,-2.028778629705261,4
2026-08-18,1W,Household/Personal Care,86,-2.9641646249626894,-2.080537260025823,13
2026-08-18,1W,Major Telecommunications,87,-3.099326719607886,-2.2156993546710204,6
2026-08-18,1W,Airlines,88,-3.2371742238238963,-2.35354685888703,2
2026-08-18,1W,Financial Conglomerates,89,-3.31262505721754,-2.428997692280673,5
2026-08-18,1W,Other Transportation,90,-3.447162743856121,-2.563535378919255,4
2026-08-18,1W,Construction Materials,91,-3.69856143777342,-2.8149340728365537,21
2026-08-18,1W,Food: Major Diversified,92,-3.715424511803724,-2.8317971468668577,5
2026-08-18,1W,Tobacco,93,-4.474508702351694,-3.590881337414828,3
2026-08-18,1W,Information Technology Services,94,-4.48541339024032,-3.601786025303454,29
2026-08-18,1W,Aluminum,95,-4.6034689440563925,-3.7198415791195263,4
2026-08-19,1W,Oilfield Services/Equipment,1,11.075811724682293,12.082522842662112,3
2026-08-19,1W,Marine Shipping,2,7.944791080560236,8.951502198540057,3
2026-08-19,1W,Food: Meat/Fish/Dairy,3,6.750298206457393,7.757009324437214,7
2026-08-19,1W,Internet Retail,4,5.664358608455696,6.671069726435516,4
2026-08-19,1W,Oil & Gas Production,5,5.562771478345529,6.56948259632535,3
2026-08-19,1W,Wireless Telecommunications,6,3.8950645379177344,4.901775655897556,3
2026-08-19,1W,Metal Fabrication,7,3.4483895640092306,4.455100681989052,29
2026-08-19,1W,Electronic Production Equipment,8,3.350005318584361,4.356716436564183,10
2026-08-19,1W,Aerospace & Defense,9,3.2365584131568985,4.243269531136719,9
2026-08-19,1W,Miscellaneous Manufacturing,10,3.0976030660013727,4.104314183981193,14
2026-08-19,1W,Broadcasting,11,2.7469403378280184,3.753651455807839,3
2026-08-19,1W,Medical Specialties,12,2.4069229198016058,3.4136340377814265,6
2026-08-19,1W,Investment Managers,13,2.124983710291132,3.1316948282709527,13
2026-08-19,1W,Chemicals: Major Diversified,14,1.5950471491840243,2.601758267163845,11
2026-08-19,1W,Personnel Services,15,1.543154097872977,2.549865215852797,2
2026-08-19,1W,Industrial Machinery,16,1.3906370739387095,2.3973481919185304,56
2026-08-19,1W,Semiconductors,17,1.3883040896247874,2.395015207604608,10
2026-08-19,1W,Food: Specialty/Candy,18,1.328060920507861,2.3347720384876816,20
2026-08-19,1W,Internet Software/Services,19,1.2770736352148429,2.283784753194664,13
2026-08-19,1W,Agricultural Commodities/Milling,20,1.089832355490176,2.0965434734699966,26
2026-08-19,1W,Containers/Packaging,21,1.025117871701806,2.0318289896816264,11
2026-08-19,1W,Homebuilding,22,0.9634447772359208,1.9701558952157407,4
2026-08-19,1W,Electronics/Appliance Stores,23,0.908541638653874,1.9152527566336943,2
2026-08-19,1W,Trucks/Construction/Farm Machinery,24,0.7739080042947781,1.7806191222745988,20
2026-08-19,1W,Telecommunications Equipment,25,0.6658712306653762,1.672582348645197,7
2026-08-19,1W,Real Estate Development,26,0.3552928022770328,1.3620039202568537,35
2026-08-19,1W,Auto Parts: OEM,27,0.2547195999699799,1.2614307179498008,48
2026-08-19,1W,Hotels/Resorts/Cruise lines,28,0.1719788742813046,1.1786899922611254,13
2026-08-19,1W,Beverages: Alcoholic,29,0.1632238663082002,1.169934984288021,9
2026-08-19,1W,Wholesale Distributors,30,0.1264258836587467,1.1331370016385676,15
2026-08-19,1W,Restaurants,31,0.0393244924060607,1.0460356103858814,7
2026-08-19,1W,Biotechnology,32,-0.012107851880281,0.9946032660995396,4
2026-08-19,1W,Other Transportation,33,-0.0825086518638603,0.9242024661159604,4
2026-08-19,1W,Steel,34,-0.2406511827921832,0.7660599351876374,47
2026-08-19,1W,Major Banks,35,-0.2413110740943489,0.7654000438854718,22
2026-08-19,1W,Specialty Insurance,36,-0.40016616209057,0.6065449558892507,2
2026-08-19,1W,Regional Banks,37,-0.4536465922415093,0.5530645257383113,19
2026-08-19,1W,Home Furnishings,38,-0.4632341622600214,0.5434769557197993,7
2026-08-19,1W,Life/Health Insurance,39,-0.497905402963042,0.5088057150167786,8
2026-08-19,1W,Chemicals: Specialty,40,-0.5489623920434363,0.4577487259363844,51
2026-08-19,1W,Electronics Distributors,41,-0.5763187264844234,0.4303923914953973,4
2026-08-19,1W,Electrical Products,42,-0.6407661321791958,0.3659449858006249,53
2026-08-19,1W,Railroads,43,-0.838866967793293,0.1678441501865277,2
2026-08-19,1W,Industrial Specialties,44,-0.8544901690782716,0.1522209489015491,26
2026-08-19,1W,Multi-Line Insurance,45,-0.8678220202585787,0.138889097721242,5
2026-08-19,1W,Real Estate Investment Trusts,46,-0.8763256855667817,0.130385432413039,8
2026-08-19,1W,Office Equipment/Supplies,47,-0.8775490206712295,0.1291620973085911,6
2026-08-19,1W,Investment Trusts/Mutual Funds,48,-0.9004757369424551,0.1062353810373656,4
2026-08-19,1W,Financial Publishing/Services,49,-0.910909838261928,0.0958012797178927,2
2026-08-19,1W,Movies/Entertainment,50,-0.9470643680079316,0.0596467499718891,8
2026-08-19,1W,Data Processing Services,51,-0.9740081776774032,0.0327029403024174,3
2026-08-19,1W,Electronic Components,52,-1.0395389073504744,-0.0328277893706536,4
2026-08-19,1W,Industrial Conglomerates,53,-1.0845250628779206,-0.0778139448980999,4
2026-08-19,1W,Hospital/Nursing Management,54,-1.0900488821180918,-0.0833377641382711,19
2026-08-19,1W,Pharmaceuticals: Major,55,-1.1148235330285168,-0.108112415048696,79
2026-08-19,1W,Specialty Stores,56,-1.1659043336352597,-0.1591932156554389,11
2026-08-19,1W,Other Consumer Specialties,57,-1.2262819154820008,-0.2195707975021801,17
2026-08-19,1W,Motor Vehicles,58,-1.232876079199423,-0.2261649612196024,16
2026-08-19,1W,Gas Distributors,59,-1.2330286143973144,-0.2263174964174936,6
2026-08-19,1W,Engineering & Construction,60,-1.344890708576684,-0.3381795905968634,55
2026-08-19,1W,Household/Personal Care,61,-1.408712456874924,-0.4020013388951031,13
2026-08-19,1W,Finance/Rental/Leasing,62,-1.50840735711326,-0.5016962391334392,56
2026-08-19,1W,Chemicals: Agricultural,63,-1.637638839677472,-0.6309277216976512,27
2026-08-19,1W,Oil Refining/Marketing,64,-1.6951021706433589,-0.6883910526635382,10
2026-08-19,1W,Textiles,65,-1.811827523189976,-0.8051164052101552,21
2026-08-19,1W,Pharmaceuticals: Other,66,-1.8500262822338591,-0.8433151642540384,6
2026-08-19,1W,Packaged Software,67,-1.8604611065279129,-0.8537499885480921,35
2026-08-19,1W,Apparel/Footwear Retail,68,-1.9509609707442703,-0.9442498527644496,12
2026-08-19,1W,Miscellaneous Commercial Services,69,-1.956979834534674,-0.9502687165548532,32
2026-08-19,1W,Forest Products,70,-2.302744793329164,-1.2960336753493429,5
2026-08-19,1W,Building Products,71,-2.307121951969364,-1.3004108339895435,11
2026-08-19,1W,Investment Banks/Brokers,72,-2.326233132028465,-1.319522014048644,21
2026-08-19,1W,Electronic Equipment/Instruments,73,-2.3353701326683494,-1.3286590146885289,8
2026-08-19,1W,Financial Conglomerates,74,-2.343469589492132,-1.3367584715123106,9
2026-08-19,1W,Electric Utilities,75,-2.413424703623308,-1.4067135856434874,23
2026-08-19,1W,Medical/Nursing Services,76,-2.421307568398701,-1.4145964504188804,11
2026-08-19,1W,Automotive Aftermarket,77,-2.478974033072661,-1.4722629150928404,7
2026-08-19,1W,Other Metals/Minerals,78,-2.487528799594528,-1.480817681614707,16
2026-08-19,1W,Trucking,79,-2.5851605785334817,-1.578449460553661,3
2026-08-19,1W,Coal,80,-2.604691702904055,-1.597980584924234,4
2026-08-19,1W,Apparel/Footwear,81,-2.76321035245946,-1.7564992344796386,17
2026-08-19,1W,Major Telecommunications,82,-2.9171922090269784,-1.9104810910471577,6
2026-08-19,1W,Construction Materials,83,-3.0006321374133287,-1.993921019433508,22
2026-08-19,1W,Alternative Power Generation,84,-3.041306887739885,-2.034595769760064,10
2026-08-19,1W,Food: Major Diversified,85,-3.182335798535916,-2.1756246805560955,5
2026-08-19,1W,Electronics/Appliances,86,-3.221861214012496,-2.2151500960326747,8
2026-08-19,1W,Air Freight/Couriers,87,-3.248328927546516,-2.241617809566695,10
2026-08-19,1W,Aluminum,88,-3.673159412450046,-2.666448294470225,4
2026-08-19,1W,Information Technology Services,89,-4.136957626239592,-3.130246508259772,31
2026-08-19,1W,Tobacco,90,-4.203431096843347,-3.196719978863526,3
2026-08-19,1W,Integrated Oil,91,-4.947806679695111,-3.94109556171529,4
2026-08-19,1W,Other Consumer Services,92,-5.474145243510295,-4.467434125530474,5
2026-08-20,1W,Oil & Gas Production,1,11.11290046171566,11.598471106832694,3
2026-08-20,1W,Food: Meat/Fish/Dairy,2,8.981226032960555,9.466796678077587,7
2026-08-20,1W,Oilfield Services/Equipment,3,7.826546159234921,8.312116804351954,3
2026-08-20,1W,Medical Specialties,4,7.505027850445893,7.990598495562925,6
2026-08-20,1W,Internet Retail,5,5.475814044211365,5.961384689328397,4
2026-08-20,1W,Marine Shipping,6,5.109779207792572,5.595349852909604,3
2026-08-20,1W,Agricultural Commodities/Milling,7,4.689381331248122,5.174951976365154,25
2026-08-20,1W,Broadcasting,8,4.136883071176537,4.622453716293569,3
2026-08-20,1W,Semiconductors,9,3.7872318368617774,4.272802481978809,10
2026-08-20,1W,Airlines,10,3.5583089440302302,4.043879589147262,2
2026-08-20,1W,Electronic Production Equipment,11,3.307247826584086,3.7928184717011177,10
2026-08-20,1W,Containers/Packaging,12,3.1005092793964786,3.586079924513511,11
2026-08-20,1W,Internet Software/Services,13,2.8701078251895744,3.3556784703066063,13
2026-08-20,1W,Restaurants,14,2.831284227382971,3.316854872500003,7
2026-08-20,1W,Miscellaneous Manufacturing,15,2.763928111413676,3.2494987565307083,13
2026-08-20,1W,Homebuilding,16,2.593820379799656,3.079391024916688,4
2026-08-20,1W,Industrial Conglomerates,17,2.5511793035976016,3.036749948714633,4
2026-08-20,1W,Investment Managers,18,2.51227545148622,2.997846096603252,13
2026-08-20,1W,Metal Fabrication,19,2.1891712089715027,2.674741854088535,28
2026-08-20,1W,Food: Specialty/Candy,20,2.038603337578609,2.524173982695641,17
2026-08-20,1W,Wireless Telecommunications,21,1.968851117413729,2.454421762530761,3
2026-08-20,1W,Industrial Machinery,22,1.936310221781912,2.421880866898944,55
2026-08-20,1W,Real Estate Development,23,1.8169529160052664,2.3025235611222987,34
2026-08-20,1W,Electronics Distributors,24,1.3864363262019417,1.872006971318973,4
2026-08-20,1W,Hotels/Resorts/Cruise lines,25,1.3115519605165116,1.7971226056335436,13
2026-08-20,1W,Movies/Entertainment,26,1.297585307660882,1.7831559527779142,8
2026-08-20,1W,Aerospace & Defense,27,1.2893411587260637,1.7749118038430955,9
2026-08-20,1W,Textiles,28,1.2721441480761655,1.7577147931931976,26
2026-08-20,1W,Wholesale Distributors,29,1.2212850138090336,1.7068556589260655,15
2026-08-20,1W,Home Furnishings,30,1.0204361882747903,1.5060068333918224,7
2026-08-20,1W,Beverages: Alcoholic,31,0.9994697496877646,1.4850403948047963,9
2026-08-20,1W,Cable/Satellite TV,32,0.9845986649875852,1.4701693101046174,2
2026-08-20,1W,Steel,33,0.8484040206582848,1.3339746657753169,48
2026-08-20,1W,Trucks/Construction/Farm Machinery,34,0.7924943300618054,1.278064975178837,19
2026-08-20,1W,Railroads,35,0.6793805145597666,1.1649511596767987,2
2026-08-20,1W,Data Processing Services,36,0.640093890278977,1.125664535396009,3
2026-08-20,1W,Apparel/Footwear Retail,37,0.5327964527724927,1.0183670978895247,12
2026-08-20,1W,Biotechnology,38,0.397302793893899,0.8828734390109311,4
2026-08-20,1W,Specialty Insurance,39,0.3702459404746538,0.8558165855916859,2
2026-08-20,1W,Personnel Services,40,0.2567133231140786,0.7422839682311106,2
2026-08-20,1W,Chemicals: Major Diversified,41,0.2217966368603535,0.7073672819773856,12
2026-08-20,1W,Multi-Line Insurance,42,0.1001773802243467,0.5857480253413788,5
2026-08-20,1W,Telecommunications Equipment,43,0.0414724051661216,0.5270430502831538,6
2026-08-20,1W,Chemicals: Specialty,44,0.040719861834961,0.5262905069519932,50
2026-08-20,1W,Hospital/Nursing Management,45,-0.0481913488175363,0.4373792962994957,19
2026-08-20,1W,Auto Parts: OEM,46,-0.0833522767884607,0.4022183683285713,50
2026-08-20,1W,Life/Health Insurance,47,-0.1041731215269764,0.3813975235900556,8
2026-08-20,1W,Engineering & Construction,48,-0.1251494914765489,0.3604211536404831,53
2026-08-20,1W,Major Banks,49,-0.1787508302727945,0.3068198148442375,22
2026-08-20,1W,Packaged Software,50,-0.2033069335208329,0.2822637115961992,35
2026-08-20,1W,Gas Distributors,51,-0.3765932196459645,0.1089774254710675,6
2026-08-20,1W,Household/Personal Care,52,-0.428595165664663,0.056975479452369,13
2026-08-20,1W,Pharmaceuticals: Major,53,-0.4459370712787154,0.0396335738383166,81
2026-08-20,1W,Other Consumer Specialties,54,-0.5430456967213505,-0.0574750516043184,18
2026-08-20,1W,Investment Trusts/Mutual Funds,55,-0.5682606416813922,-0.0826899965643601,4
2026-08-20,1W,Finance/Rental/Leasing,56,-0.5913127048309905,-0.1057420597139584,55
2026-08-20,1W,Real Estate Investment Trusts,57,-0.654146830452689,-0.1685761853356568,7
2026-08-20,1W,Motor Vehicles,58,-0.6557419251861478,-0.1701712800691157,16
2026-08-20,1W,Investment Banks/Brokers,59,-0.7103485348370946,-0.2247778897200625,22
2026-08-20,1W,Electrical Products,60,-0.7397146937097501,-0.254144048592718,51
2026-08-20,1W,Electronics/Appliance Stores,61,-0.8277939256076493,-0.3422232804906172,2
2026-08-20,1W,Building Products,62,-0.8385067154499017,-0.3529360703328696,11
2026-08-20,1W,Specialty Stores,63,-0.9603178154156596,-0.4747471702986274,11
2026-08-20,1W,Miscellaneous Commercial Services,64,-1.027050132046245,-0.541479486929213,32
2026-08-20,1W,Apparel/Footwear,65,-1.032774667513527,-0.5472040223964949,17
2026-08-20,1W,Regional Banks,66,-1.1773192684691596,-0.6917486233521275,19
2026-08-20,1W,Alternative Power Generation,67,-1.3066857525874829,-0.8211151074704508,10
2026-08-20,1W,Chemicals: Agricultural,68,-1.3743218275390772,-0.8887511824220451,23
2026-08-20,1W,Oil Refining/Marketing,69,-1.4156888104455465,-0.9301181653285142,10
2026-08-20,1W,Industrial Specialties,70,-1.4817998771432903,-0.9962292320262582,26
2026-08-20,1W,Electronic Components,71,-1.562004831013056,-1.076434185896024,4
2026-08-20,1W,Automotive Aftermarket,72,-1.6738819320159553,-1.1883112868989232,7
2026-08-20,1W,Trucking,73,-1.675240631812231,-1.189669986695199,2
2026-08-20,1W,Electric Utilities,74,-1.7749284907889304,-1.2893578456718984,22
2026-08-20,1W,Air Freight/Couriers,75,-1.903387959735544,-1.4178173146185111,9
2026-08-20,1W,Integrated Oil,76,-1.962210934188604,-1.4766402890715713,4
2026-08-20,1W,Other Metals/Minerals,77,-1.977671110186419,-1.492100465069387,16
2026-08-20,1W,Coal,78,-2.034455977337616,-1.5488853322205836,4
2026-08-20,1W,Information Technology Services,79,-2.0569488356819705,-1.5713781905649384,31
2026-08-20,1W,Office Equipment/Supplies,80,-2.0584528671076643,-1.5728822219906322,4
2026-08-20,1W,Construction Materials,81,-2.1139230527932167,-1.6283524076761846,21
2026-08-20,1W,Major Telecommunications,82,-2.1500744480229748,-1.664503802905943,6
2026-08-20,1W,Pharmaceuticals: Other,83,-2.4391293168297508,-1.953558671712719,6
2026-08-20,1W,Tobacco,84,-2.582196471737598,-2.096625826620566,3
2026-08-20,1W,Financial Publishing/Services,85,-2.896926625982068,-2.411355980865036,2
2026-08-20,1W,Publishing: Newspapers,86,-2.9556856588789384,-2.470115013761906,2
2026-08-20,1W,Medical/Nursing Services,87,-3.0101779469365684,-2.524607301819536,10
2026-08-20,1W,Other Transportation,88,-3.058058712211173,-2.5724880670941417,4
2026-08-20,1W,Electronic Equipment/Instruments,89,-3.106397841689706,-2.620827196572674,8
2026-08-20,1W,Electronics/Appliances,90,-3.280059852738261,-2.794489207621229,8
2026-08-20,1W,Other Consumer Services,91,-3.455670101077936,-2.970099455960904,5
2026-08-20,1W,Food: Major Diversified,92,-3.508861475619646,-3.0232908305026136,5
2026-08-20,1W,Financial Conglomerates,93,-3.633438630081576,-3.1478679849645443,7
2026-08-20,1W,Aluminum,94,-4.257571535791308,-3.772000890674276,4
2026-08-20,1W,Forest Products,95,-5.193759082052607,-4.708188436935575,4
2026-08-21,1W,Oil & Gas Production,1,14.338406597523514,14.594862476462296,3
2026-08-21,1W,Oilfield Services/Equipment,2,13.364129113523058,13.62058499246184,3
2026-08-21,1W,Food: Meat/Fish/Dairy,3,11.17214406571218,11.428599944650962,7
2026-08-21,1W,Medical Specialties,4,10.436955622342143,10.693411501280927,6
2026-08-21,1W,Consumer Sundries,5,8.220421528935464,8.476877407874246,2
2026-08-21,1W,Internet Retail,6,5.57682176575821,5.833277644696992,4
2026-08-21,1W,Wholesale Distributors,7,3.971650939574544,4.228106818513325,15
2026-08-21,1W,Containers/Packaging,8,3.631493797242265,3.8879496761810457,11
2026-08-21,1W,Marine Shipping,9,3.547459477308488,3.803915356247269,3
2026-08-21,1W,Broadcasting,10,3.4756259331761976,3.732081812114979,3
2026-08-21,1W,Agricultural Commodities/Milling,11,3.388792516596061,3.645248395534842,26
2026-08-21,1W,Electronic Production Equipment,12,3.2750586659234577,3.531514544862239,10
2026-08-21,1W,Internet Software/Services,13,2.862542578185385,3.118998457124166,13
2026-08-21,1W,Other Consumer Specialties,14,2.788770984542872,3.0452268634816533,17
2026-08-21,1W,Industrial Machinery,15,2.5120974314045403,2.768553310343321,56
2026-08-21,1W,Semiconductors,16,2.4518909820837216,2.7083468610225028,9
2026-08-21,1W,Metal Fabrication,17,2.3360551514470087,2.59251103038579,28
2026-08-21,1W,Hotels/Resorts/Cruise lines,18,2.269300762931985,2.525756641870766,13
2026-08-21,1W,Investment Managers,19,2.2404350134039137,2.496890892342695,12
2026-08-21,1W,Biotechnology,20,2.151152754676944,2.4076086336157254,4
2026-08-21,1W,Airlines,21,2.009599061699436,2.266054940638217,2
2026-08-21,1W,Multi-Line Insurance,22,1.8485991849597003,2.1050550638984817,5
2026-08-21,1W,Restaurants,23,1.804615050824277,2.061070929763059,7
2026-08-21,1W,Movies/Entertainment,24,1.668286705519959,1.92474258445874,8
2026-08-21,1W,Aluminum,25,1.5352726070747968,1.7917284860135785,4
2026-08-21,1W,Wireless Telecommunications,26,1.4682276229217597,1.7246835018605409,3
2026-08-21,1W,Industrial Conglomerates,27,1.4373532439669536,1.6938091229057348,4
2026-08-21,1W,Steel,28,1.077887194143052,1.3343430730818335,50
2026-08-21,1W,Real Estate Development,29,1.05515453947963,1.3116104184184114,35
2026-08-21,1W,Data Processing Services,30,0.8803023633523472,1.1367582422911284,3
2026-08-21,1W,Miscellaneous Manufacturing,31,0.8664872256386175,1.1229431045773988,13
2026-08-21,1W,Other Metals/Minerals,32,0.8223819496222302,1.0788378285610114,16
2026-08-21,1W,Life/Health Insurance,33,0.6970876470592179,0.9535435259979992,8
2026-08-21,1W,Cable/Satellite TV,34,0.6618082870844335,0.9182641660232148,2
2026-08-21,1W,Aerospace & Defense,35,0.6204916694127621,0.8769475483515434,9
2026-08-21,1W,Textiles,36,0.6148725852413849,0.8713284641801662,25
2026-08-21,1W,Specialty Insurance,37,0.5700082244492086,0.8264641033879899,2
2026-08-21,1W,Home Furnishings,38,0.5408820886628325,0.7973379676016138,7
2026-08-21,1W,Chemicals: Major Diversified,39,0.5316991521651037,0.788155031103885,11
2026-08-21,1W,Alternative Power Generation,40,0.3808519900771286,0.63730786901591,10
2026-08-21,1W,Major Banks,41,0.3404866289772023,0.5969425079159836,22
2026-08-21,1W,Engineering & Construction,42,0.2994287455779256,0.5558846245167068,54
2026-08-21,1W,Investment Trusts/Mutual Funds,43,0.2973428333256019,0.5537987122643833,5
2026-08-21,1W,Electronics Distributors,44,0.2316398959704724,0.4880957749092537,4
2026-08-21,1W,Miscellaneous Commercial Services,45,0.0478504832462008,0.3043063621849821,32
2026-08-21,1W,Auto Parts: OEM,46,0.0402480923232306,0.2967039712620119,53
2026-08-21,1W,Apparel/Footwear Retail,47,0.0091948507959539,0.2656507297347352,12
2026-08-21,1W,Regional Banks,48,-0.0639925898864184,0.1924632890523628,19
2026-08-21,1W,Packaged Software,49,-0.0767149214835747,0.1797409574552065,35
2026-08-21,1W,Finance/Rental/Leasing,50,-0.2881661690491449,-0.0317102901103635,54
2026-08-21,1W,Electronic Equipment/Instruments,51,-0.2995156906578533,-0.043059811719072,8
2026-08-21,1W,Trucks/Construction/Farm Machinery,52,-0.360149484598232,-0.1036936056594506,20
2026-08-21,1W,Other Consumer Services,53,-0.3683097577420236,-0.1118538788032423,5
2026-08-21,1W,Beverages: Alcoholic,54,-0.4391530935660777,-0.1826972146272964,7
2026-08-21,1W,Investment Banks/Brokers,55,-0.4630348636086908,-0.2065789846699094,21
2026-08-21,1W,Coal,56,-0.4876689005325613,-0.23121302159378,4
2026-08-21,1W,Electrical Products,57,-0.5327395680128432,-0.2762836890740618,53
2026-08-21,1W,Homebuilding,58,-0.5846985343926245,-0.3282426554538432,4
2026-08-21,1W,Pharmaceuticals: Major,59,-0.6004556935843351,-0.3439998146455538,82
2026-08-21,1W,Air Freight/Couriers,60,-0.620837044744585,-0.3643811658058037,11
2026-08-21,1W,Hospital/Nursing Management,61,-0.6776016096694732,-0.4211457307306919,18
2026-08-21,1W,Automotive Aftermarket,62,-0.696916029190062,-0.4404601502512807,7
2026-08-21,1W,Chemicals: Specialty,63,-0.7190110564630828,-0.4625551775243015,50
2026-08-21,1W,Oil Refining/Marketing,64,-0.7704424496037877,-0.5139865706650064,9
2026-08-21,1W,Apparel/Footwear,65,-0.8190638390578657,-0.5626079601190844,16
2026-08-21,1W,Construction Materials,66,-0.8472912367735782,-0.5908353578347969,21
2026-08-21,1W,Food: Specialty/Candy,67,-0.8546652407850743,-0.598209361846293,18
2026-08-21,1W,Office Equipment/Supplies,68,-0.8991310734317838,-0.6426751944930025,5
2026-08-21,1W,Motor Vehicles,69,-0.93605655248603,-0.6796006735472487,16
2026-08-21,1W,Electronics/Appliances,70,-0.9932677718316224,-0.7368118928928412,8
2026-08-21,1W,Gas Distributors,71,-1.0412941912761282,-0.7848383123373469,6
2026-08-21,1W,Pulp & Paper,72,-1.0822225100324003,-0.825766631093619,2
2026-08-21,1W,Real Estate Investment Trusts,73,-1.1686476918670394,-0.912191812928258,7
2026-08-21,1W,Specialty Stores,74,-1.2677277004905108,-1.0112718215517296,11
2026-08-21,1W,Building Products,75,-1.2959202566931127,-1.0394643777543315,12
2026-08-21,1W,Medical/Nursing Services,76,-1.514306084962353,-1.257850206023572,11
2026-08-21,1W,Electric Utilities,77,-1.6139346414374802,-1.3574787624986988,23
2026-08-21,1W,Pharmaceuticals: Other,78,-1.634909693332176,-1.3784538143933949,6
2026-08-21,1W,Chemicals: Agricultural,79,-1.7654889919595484,-1.509033113020767,23
2026-08-21,1W,Telecommunications Equipment,80,-1.769002192376376,-1.512546313437595,7
2026-08-21,1W,Major Telecommunications,81,-2.0109735199080125,-1.7545176409692314,5
2026-08-21,1W,Trucking,82,-2.2719881534114275,-2.0155322744726463,3
2026-08-21,1W,Integrated Oil,83,-2.28215631787471,-2.025700438935929,4
2026-08-21,1W,Other Transportation,84,-2.407725165655709,-2.151269286716928,4
2026-08-21,1W,Household/Personal Care,85,-2.4817399640436864,-2.225284085104905,13
2026-08-21,1W,Electronic Components,86,-2.4866404805647857,-2.2301846016260045,4
2026-08-21,1W,Tobacco,87,-2.621098355628881,-2.3646424766901,3
2026-08-21,1W,Electronics/Appliance Stores,88,-2.735739996509862,-2.4792841175710807,2
2026-08-21,1W,Food: Major Diversified,89,-2.746779324910764,-2.490323445971982,5
2026-08-21,1W,Publishing: Newspapers,90,-2.761330042293789,-2.504874163355008,2
2026-08-21,1W,Information Technology Services,91,-2.95554066033689,-2.699084781398109,31
2026-08-21,1W,Financial Conglomerates,92,-3.0647698799568084,-2.808314001018027,7
2026-08-21,1W,Industrial Specialties,93,-3.1487904477581585,-2.8923345688193773,25
2026-08-21,1W,Railroads,94,-3.433092608326259,-3.1766367293874778,2
2026-08-21,1W,Forest Products,95,-3.7504778314575753,-3.494021952518794,5
2026-08-21,1W,Financial Publishing/Services,96,-3.9243560135015056,-3.667900134562725,2
2026-08-24,1W,Oil & Gas Production,1,18.456984460952377,18.56910308533083,3
2026-08-24,1W,Food: Meat/Fish/Dairy,2,15.278384414390578,15.390503038769031,7
2026-08-24,1W,Oilfield Services/Equipment,3,7.58149797676297,7.693616601141424,3
2026-08-24,1W,Medical Specialties,4,6.80772363811417,6.919842262492624,6
2026-08-24,1W,Industrial Conglomerates,5,4.235634095175006,4.34775271955346,4
2026-08-24,1W,Movies/Entertainment,6,4.159244826190074,4.271363450568528,8
2026-08-24,1W,Other Metals/Minerals,7,3.908765909911652,4.020884534290106,17
2026-08-24,1W,Internet Retail,8,3.834376279562144,3.9464949039405983,4
2026-08-24,1W,Agricultural Commodities/Milling,9,3.664162383664341,3.776281008042796,29
2026-08-24,1W,Biotechnology,10,3.648277602645836,3.7603962270242905,4
2026-08-24,1W,Electronics Distributors,11,3.135760957509324,3.247879581887778,4
2026-08-24,1W,Internet Software/Services,12,3.0250329688209403,3.1371515931993947,13
2026-08-24,1W,Metal Fabrication,13,2.9976767222058043,3.1097953465842587,28
2026-08-24,1W,Pulp & Paper,14,2.920337178537133,3.0324558029155875,2
2026-08-24,1W,Aluminum,15,2.8842242663267466,2.996342890705201,4
2026-08-24,1W,Hotels/Resorts/Cruise lines,16,2.784005839346097,2.896124463724552,14
2026-08-24,1W,Electronic Production Equipment,17,2.726222460405151,2.8383410847836053,10
2026-08-24,1W,Other Consumer Specialties,18,2.7229422501152887,2.835060874493743,17
2026-08-24,1W,Steel,19,2.6540063464445347,2.766124970822989,49
2026-08-24,1W,Investment Managers,20,2.569514319231576,2.6816329436100306,14
2026-08-24,1W,Industrial Machinery,21,2.3846365533470064,2.496755177725461,56
2026-08-24,1W,Real Estate Development,22,2.31684269871473,2.4289613230931844,36
2026-08-24,1W,Investment Banks/Brokers,23,2.2814161883438726,2.393534812722327,22
2026-08-24,1W,Multi-Line Insurance,24,2.1992605785200463,2.3113792028985007,5
2026-08-24,1W,Restaurants,25,1.8357944849501235,1.947913109328578,7
2026-08-24,1W,Apparel/Footwear Retail,26,1.754879284526773,1.8669979089052275,12
2026-08-24,1W,Semiconductors,27,1.6905783431968604,1.8026969675753148,10
2026-08-24,1W,Containers/Packaging,28,1.5656129132649714,1.677731537643426,11
2026-08-24,1W,Chemicals: Major Diversified,29,1.1944455962243554,1.30656422060281,12
2026-08-24,1W,Wholesale Distributors,30,1.1881652008517252,1.3002838252301796,16
2026-08-24,1W,Marine Shipping,31,0.9387571000045444,1.0508757243829987,3
2026-08-24,1W,Cable/Satellite TV,32,0.9362692812602552,1.0483879056387095,2
2026-08-24,1W,Homebuilding,33,0.7433555772993384,0.8554742016777928,3
2026-08-24,1W,Air Freight/Couriers,34,0.7049316934527142,0.8170503178311685,10
2026-08-24,1W,Trucks/Construction/Farm Machinery,35,0.6630304126711835,0.7751490370496378,20
2026-08-24,1W,Miscellaneous Manufacturing,36,0.66287058888091,0.7749892132593643,14
2026-08-24,1W,Engineering & Construction,37,0.6459924959241973,0.7581111203026516,56
2026-08-24,1W,Miscellaneous Commercial Services,38,0.5583634805123062,0.6704821048907605,32
2026-08-24,1W,Coal,39,0.497816217847417,0.6099348422258714,4
2026-08-24,1W,Textiles,40,0.4860483320536747,0.598166956432129,27
2026-08-24,1W,Broadcasting,41,0.4656887539472791,0.5778073783257335,3
2026-08-24,1W,Major Banks,42,0.4475453528871567,0.559663977265611,22
2026-08-24,1W,Life/Health Insurance,43,0.438852156871277,0.5509707812497313,8
2026-08-24,1W,Specialty Insurance,44,0.4063776298401872,0.5184962542186417,2
2026-08-24,1W,Finance/Rental/Leasing,45,0.3406158110910641,0.4527344354695184,56
2026-08-24,1W,Regional Banks,46,0.1504046730058599,0.2625232973843142,19
2026-08-24,1W,Personnel Services,47,-0.1843755823361327,-0.0722569579576783,2
2026-08-24,1W,Beverages: Alcoholic,48,-0.2267821859412345,-0.1146635615627802,9
2026-08-24,1W,Automotive Aftermarket,49,-0.2707796799293253,-0.1586610555508709,7
2026-08-24,1W,Other Consumer Services,50,-0.2810805734089661,-0.1689619490305117,5
2026-08-24,1W,Oil Refining/Marketing,51,-0.2961489756155616,-0.1840303512371072,10
2026-08-24,1W,Pharmaceuticals: Major,52,-0.4127503978766811,-0.3006317734982268,81
2026-08-24,1W,Real Estate Investment Trusts,53,-0.4316431972394511,-0.3195245728609968,7
2026-08-24,1W,Electrical Products,54,-0.4390355822149909,-0.3269169578365366,52
2026-08-24,1W,Electronic Equipment/Instruments,55,-0.4536424937175694,-0.341523869339115,7
2026-08-24,1W,Alternative Power Generation,56,-0.5005186086914561,-0.3883999843130018,10
2026-08-24,1W,Electronics/Appliances,57,-0.5065206863869404,-0.394402062008486,8
2026-08-24,1W,Telecommunications Equipment,58,-0.5149869031066894,-0.402868278728235,7
2026-08-24,1W,Major Telecommunications,59,-0.523906669609256,-0.4117880452308017,6
2026-08-24,1W,Food: Specialty/Candy,60,-0.5740718286946305,-0.4619532043161761,18
2026-08-24,1W,Auto Parts: OEM,61,-0.6025429378776748,-0.4904243134992204,52
2026-08-24,1W,Motor Vehicles,62,-0.616495623091312,-0.5043769987128577,16
2026-08-24,1W,Specialty Stores,63,-0.653305435457342,-0.5411868110788877,12
2026-08-24,1W,Pharmaceuticals: Other,64,-0.716205898635884,-0.6040872742574297,6
2026-08-24,1W,Construction Materials,65,-0.7242271576383565,-0.6121085332599022,21
2026-08-24,1W,Packaged Software,66,-0.8289120277989326,-0.7167934034204783,37
2026-08-24,1W,Gas Distributors,67,-0.8748118977713284,-0.7626932733928741,6
2026-08-24,1W,Investment Trusts/Mutual Funds,68,-0.9908522634570872,-0.878733639078633,4
2026-08-24,1W,Office Equipment/Supplies,69,-1.0402324082702947,-0.9281137838918404,5
2026-08-24,1W,Food: Major Diversified,70,-1.114809005696745,-1.0026903813182906,5
2026-08-24,1W,Integrated Oil,71,-1.1409842386927782,-1.0288656143143238,4
2026-08-24,1W,Chemicals: Agricultural,72,-1.2721035851850728,-1.1599849608066184,28
2026-08-24,1W,Home Furnishings,73,-1.2768956539672374,-1.164777029588783,7
2026-08-24,1W,Chemicals: Specialty,74,-1.3150325040505346,-1.2029138796720802,52
2026-08-24,1W,Aerospace & Defense,75,-1.328611486394202,-1.2164928620157476,9
2026-08-24,1W,Medical/Nursing Services,76,-1.3286307174967138,-1.2165120931182594,10
2026-08-24,1W,Hospital/Nursing Management,77,-1.3900043986266124,-1.277885774248158,19
2026-08-24,1W,Electric Utilities,78,-1.5537570371339362,-1.4416384127554818,24
2026-08-24,1W,Apparel/Footwear,79,-1.631649387558445,-1.5195307631799906,18
2026-08-24,1W,Building Products,80,-1.653238852613192,-1.5411202282347376,12
2026-08-24,1W,Wireless Telecommunications,81,-1.6818317419216076,-1.5697131175431531,3
2026-08-24,1W,Publishing: Newspapers,82,-1.691103727790532,-1.5789851034120774,2
2026-08-24,1W,Airlines,83,-1.7779677162147274,-1.665849091836273,2
2026-08-24,1W,Electronic Components,84,-1.7805288626812503,-1.668410238302796,4
2026-08-24,1W,Information Technology Services,85,-1.9825962781533129,-1.8704776537748584,31
2026-08-24,1W,Trucking,86,-2.1018105299323,-1.989691905553845,3
2026-08-24,1W,Industrial Specialties,87,-2.128974426255817,-2.0168558018773624,27
2026-08-24,1W,Household/Personal Care,88,-2.2505693819781944,-2.13845075759974,12
2026-08-24,1W,Financial Conglomerates,89,-2.412637710897271,-2.3005190865188165,7
2026-08-24,1W,Other Transportation,90,-2.449769383503249,-2.337650759124794,4
2026-08-24,1W,Railroads,91,-2.4651425123174686,-2.353023887939014,2
2026-08-24,1W,Tobacco,92,-2.580640071452109,-2.4685214470736545,3
2026-08-24,1W,Forest Products,93,-3.772100735193699,-3.659982110815245,4
2026-08-24,1W,Data Processing Services,94,-4.721742524717527,-4.609623900339073,3
2026-08-24,1W,Electronics/Appliance Stores,95,-4.840745830748959,-4.728627206370504,2
2026-08-24,1W,Financial Publishing/Services,96,-5.722144454422201,-5.610025830043747,2
2026-08-25,1W,Food: Meat/Fish/Dairy,1,13.24226327428481,12.783833713537472,7
2026-08-25,1W,Oil & Gas Production,2,9.645841946285756,9.18741238553842,3
2026-08-25,1W,Medical Specialties,3,6.839612458737161,6.381182897989824,6
2026-08-25,1W,Airlines,4,5.685832742964205,5.227403182216868,3
2026-08-25,1W,Movies/Entertainment,5,4.438472193150171,3.980042632402834,8
2026-08-25,1W,Investment Banks/Brokers,6,3.379206888840379,2.920777328093042,21
2026-08-25,1W,Other Consumer Specialties,7,3.292120163064048,2.8336906023167105,17
2026-08-25,1W,Internet Software/Services,8,2.9403173656782795,2.4818878049309423,12
2026-08-25,1W,Internet Retail,9,2.826178229252812,2.3677486685054747,4
2026-08-25,1W,Specialty Stores,10,2.795047849452646,2.3366182887053086,13
2026-08-25,1W,Industrial Conglomerates,11,2.7553025387587966,2.2968729780114594,4
2026-08-25,1W,Investment Managers,12,2.690489068972583,2.232059508225246,13
2026-08-25,1W,Hotels/Resorts/Cruise lines,13,2.596247025348127,2.13781746460079,14
2026-08-25,1W,Electronic Production Equipment,14,2.511545488363043,2.0531159276157056,10
2026-08-25,1W,Apparel/Footwear Retail,15,2.277342424079398,1.8189128633320608,12
2026-08-25,1W,Agricultural Commodities/Milling,16,2.1535783521301863,1.6951487913828491,29
2026-08-25,1W,Aluminum,17,2.095488036957394,1.6370584762100568,4
2026-08-25,1W,Chemicals: Agricultural,18,2.065541942562295,1.6071123818149575,28
2026-08-25,1W,Wireless Telecommunications,19,1.943821545598188,1.4853919848508506,3
2026-08-25,1W,Marine Shipping,20,1.939279512418102,1.480849951670765,3
2026-08-25,1W,Oilfield Services/Equipment,21,1.8014139203539656,1.3429843596066284,3
2026-08-25,1W,Multi-Line Insurance,22,1.7179109971064692,1.259481436359132,5
2026-08-25,1W,Steel,23,1.5491464780144824,1.0907169172671451,47
2026-08-25,1W,Industrial Machinery,24,1.4961803574074466,1.0377507966601094,54
2026-08-25,1W,Telecommunications Equipment,25,1.4614535805763529,1.0030240198290157,7
2026-08-25,1W,Regional Banks,26,1.3796890267185626,0.9212594659712254,19
2026-08-25,1W,Restaurants,27,1.3241987913981386,0.8657692306508014,7
2026-08-25,1W,Chemicals: Major Diversified,28,1.2283432675465062,0.769913706799169,12
2026-08-25,1W,Air Freight/Couriers,29,1.224578137500586,0.7661485767532488,11
2026-08-25,1W,Finance/Rental/Leasing,30,1.1584047512097215,0.6999751904623843,53
2026-08-25,1W,Engineering & Construction,31,1.0297524889135232,0.571322928166186,53
2026-08-25,1W,Pharmaceuticals: Major,32,1.0112638299249854,0.5528342691776482,82
2026-08-25,1W,Wholesale Distributors,33,0.9812074878300944,0.522777927082757,17
2026-08-25,1W,Real Estate Development,34,0.976297829848404,0.5178682691010666,33
2026-08-25,1W,Investment Trusts/Mutual Funds,35,0.9552395740636386,0.4968100133163013,2
2026-08-25,1W,Trucks/Construction/Farm Machinery,36,0.8304785672951892,0.372049006547852,20
2026-08-25,1W,Electronics/Appliances,37,0.8083907914698991,0.3499612307225619,8
2026-08-25,1W,Life/Health Insurance,38,0.8036442467902526,0.3452146860429154,8
2026-08-25,1W,Alternative Power Generation,39,0.7056815584310258,0.2472519976836885,10
2026-08-25,1W,Hospital/Nursing Management,40,0.6793838785953733,0.2209543178480361,20
2026-08-25,1W,Metal Fabrication,41,0.675442829814128,0.2170132690667907,28
2026-08-25,1W,Other Transportation,42,0.5636754206766603,0.1052458599293231,4
2026-08-25,1W,Major Banks,43,0.5598812419422474,0.1014516811949102,22
2026-08-25,1W,Miscellaneous Manufacturing,44,0.5183497428891938,0.0599201821418565,14
2026-08-25,1W,Homebuilding,45,0.4578794270358768,-0.0005501337114603,4
2026-08-25,1W,Packaged Software,46,0.4438833523511317,-0.0145462083962054,37
2026-08-25,1W,Personnel Services,47,0.4119090880771201,-0.046520472670217,2
2026-08-25,1W,Miscellaneous Commercial Services,48,0.4050380511905784,-0.0533915095567587,32
2026-08-25,1W,Information Technology Services,49,0.3718296109231949,-0.0865999498241422,31
2026-08-25,1W,Motor Vehicles,50,0.3291822467667293,-0.1292473139806078,16
2026-08-25,1W,Food: Major Diversified,51,0.3194970480086704,-0.1389325127386667,5
2026-08-25,1W,Major Telecommunications,52,0.314806451467695,-0.1436231092796422,6
2026-08-25,1W,Home Furnishings,53,0.2741989563981359,-0.1842306043492012,7
2026-08-25,1W,Medical/Nursing Services,54,0.0883203588761482,-0.370109201871189,11
2026-08-25,1W,Other Consumer Services,55,0.0534116017662608,-0.4050179589810763,5
2026-08-25,1W,Other Metals/Minerals,56,0.0425372636006198,-0.4158922971467174,17
2026-08-25,1W,Gas Distributors,57,0.0227899939145361,-0.4356395668328011,6
2026-08-25,1W,Electric Utilities,58,-0.058693203542373,-0.5171227642897103,23
2026-08-25,1W,Broadcasting,59,-0.0903108468287667,-0.548740407576104,3
2026-08-25,1W,Financial Conglomerates,60,-0.1708395214567133,-0.6292690822040505,6
2026-08-25,1W,Containers/Packaging,61,-0.1799617776217317,-0.6383913383690689,11
2026-08-25,1W,Textiles,62,-0.3098141549206421,-0.7682437156679793,23
2026-08-25,1W,Beverages: Alcoholic,63,-0.3343461424308431,-0.7927757031781804,9
2026-08-25,1W,Construction Materials,64,-0.3777072882037021,-0.8361368489510392,21
2026-08-25,1W,Semiconductors,65,-0.3788250216776638,-0.8372545824250011,10
2026-08-25,1W,Electronic Equipment/Instruments,66,-0.3910611735603442,-0.8494907343076814,8
2026-08-25,1W,Coal,67,-0.4820724417561559,-0.9405020025034933,4
2026-08-25,1W,Automotive Aftermarket,68,-0.5447458464243398,-1.003175407171677,7
2026-08-25,1W,Electronics Distributors,69,-0.5604615426269166,-1.0188911033742538,4
2026-08-25,1W,Oil Refining/Marketing,70,-0.6311605764820748,-1.089590137229412,9
2026-08-25,1W,Real Estate Investment Trusts,71,-0.6620880429912182,-1.1205176037385554,7
2026-08-25,1W,Building Products,72,-0.7443983434763086,-1.2028279042236458,12
2026-08-25,1W,Aerospace & Defense,73,-0.9290937061719732,-1.3875232669193105,9
2026-08-25,1W,Specialty Insurance,74,-1.0319572586617314,-1.4903868194090686,2
2026-08-25,1W,Pharmaceuticals: Other,75,-1.169663932357104,-1.6280934931044413,7
2026-08-25,1W,Integrated Oil,76,-1.1772436103203232,-1.6356731710676604,4
2026-08-25,1W,Food: Specialty/Candy,77,-1.2342585425485983,-1.6926881032959356,19
2026-08-25,1W,Tobacco,78,-1.2342934103488017,-1.692722971096139,3
2026-08-25,1W,Chemicals: Specialty,79,-1.2619305152046447,-1.720360075951982,52
2026-08-25,1W,Household/Personal Care,80,-1.3825610206861445,-1.8409905814334817,12
2026-08-25,1W,Electrical Products,81,-1.4601538113186738,-1.918583372066011,53
2026-08-25,1W,Auto Parts: OEM,82,-1.493907325251551,-1.952336885998888,50
2026-08-25,1W,Electronic Components,83,-1.5124352978150375,-1.9708648585623747,4
2026-08-25,1W,Trucking,84,-1.544021932306899,-2.0024514930542363,3
2026-08-25,1W,Biotechnology,85,-1.644104193629554,-2.102533754376891,4
2026-08-25,1W,Office Equipment/Supplies,86,-1.864596906673654,-2.323026467420992,4
2026-08-25,1W,Financial Publishing/Services,87,-2.029932079323928,-2.488361640071265,2
2026-08-25,1W,Industrial Specialties,88,-2.1825987370125173,-2.6410282977598545,30
2026-08-25,1W,Railroads,89,-2.25220532205177,-2.710634882799108,2
2026-08-25,1W,Data Processing Services,90,-2.506010524211944,-2.964440084959281,3
2026-08-25,1W,Forest Products,91,-2.616591565368322,-3.07502112611566,4
2026-08-25,1W,Apparel/Footwear,92,-2.9012821352187554,-3.3597116959660926,17
2026-08-25,1W,Electronics/Appliance Stores,93,-5.563105284504415,-6.021534845251752,2
2026-08-26,1W,Food: Meat/Fish/Dairy,1,12.842506187477555,12.262261244860932,7
2026-08-26,1W,Hotels/Resorts/Cruise lines,2,9.753262920948307,9.173017978331684,15
2026-08-26,1W,Oil & Gas Production,3,9.325031086695905,8.74478614407928,3
2026-08-26,1W,Personnel Services,4,5.845789210187774,5.265544267571148,2
2026-08-26,1W,Medical Specialties,5,5.3038577656582735,4.723612823041648,6
2026-08-26,1W,Aluminum,6,5.247893833687488,4.667648891070863,4
2026-08-26,1W,Airlines,7,5.2349532061781545,4.654708263561529,2
2026-08-26,1W,Other Metals/Minerals,8,4.948626636197503,4.3683816935808775,16
2026-08-26,1W,Other Consumer Specialties,9,3.9099911805971104,3.3297462379804847,18
2026-08-26,1W,Investment Banks/Brokers,10,3.646046268173381,3.065801325556755,22
2026-08-26,1W,Chemicals: Agricultural,11,3.381741688634116,2.80149674601749,27
2026-08-26,1W,Internet Software/Services,12,3.327765343849608,2.7475204012329817,13
2026-08-26,1W,Steel,13,3.299326020869963,2.719081078253337,49
2026-08-26,1W,Internet Retail,14,3.255749127801668,2.6755041851850416,4
2026-08-26,1W,Investment Managers,15,3.1302421506829448,2.549997208066319,14
2026-08-26,1W,Industrial Conglomerates,16,3.1005060512747,2.520261108658074,4
2026-08-26,1W,Apparel/Footwear Retail,17,2.6687000387647224,2.0884550961480968,12
2026-08-26,1W,Movies/Entertainment,18,2.639003883696681,2.058758941080056,8
2026-08-26,1W,Electronic Production Equipment,19,2.608924252019362,2.028679309402736,10
2026-08-26,1W,Major Banks,20,2.107277456625461,1.5270325140088352,22
2026-08-26,1W,Containers/Packaging,21,2.101615237941296,1.5213702953246695,10
2026-08-26,1W,Biotechnology,22,1.9967715748355783,1.416526632218953,4
2026-08-26,1W,Chemicals: Major Diversified,23,1.85473939178945,1.2744944491728245,11
2026-08-26,1W,Agricultural Commodities/Milling,24,1.774903659127837,1.1946587165112117,29
2026-08-26,1W,Specialty Stores,25,1.7380531833824664,1.1578082407658408,13
2026-08-26,1W,Real Estate Development,26,1.6434761340393147,1.063231191422689,36
2026-08-26,1W,Multi-Line Insurance,27,1.5719806048695246,0.991735662252899,5
2026-08-26,1W,Regional Banks,28,1.5262674858151082,0.9460225431984826,20
2026-08-26,1W,Marine Shipping,29,1.4366848211093048,0.8564398784926792,3
2026-08-26,1W,Food: Major Diversified,30,1.32336104881099,0.7431161061943645,5
2026-08-26,1W,Pharmaceuticals: Major,31,1.255326025196844,0.6750810825802183,82
2026-08-26,1W,Electronics/Appliances,32,1.2542240534726043,0.6739791108559787,8
2026-08-26,1W,Engineering & Construction,33,1.182049289626944,0.6018043470103185,57
2026-08-26,1W,Finance/Rental/Leasing,34,1.170578589278779,0.5903336466621534,56
2026-08-26,1W,Trucks/Construction/Farm Machinery,35,1.0405928426615074,0.4603479000448818,20
2026-08-26,1W,Other Consumer Services,36,1.0200964822189111,0.4398515396022855,5
2026-08-26,1W,Construction Materials,37,1.0055040836881806,0.4252591410715549,21
2026-08-26,1W,Hospital/Nursing Management,38,0.9487316292294072,0.3684866866127816,20
2026-08-26,1W,Packaged Software,39,0.8955714356912332,0.3153264930746076,36
2026-08-26,1W,Wireless Telecommunications,40,0.7277989758034311,0.1475540331868055,3
2026-08-26,1W,Life/Health Insurance,41,0.6717844210650037,0.091539478448378,8
2026-08-26,1W,Medical/Nursing Services,42,0.6512171028523075,0.0709721602356818,10
2026-08-26,1W,Electronics Distributors,43,0.6244290311974874,0.0441840885808617,4
2026-08-26,1W,Industrial Machinery,44,0.6172147464571204,0.0369698038404947,56
2026-08-26,1W,Miscellaneous Commercial Services,45,0.554193490936352,-0.0260514516802736,32
2026-08-26,1W,Financial Conglomerates,46,0.4087616029319693,-0.1714833396846563,7
2026-08-26,1W,Investment Trusts/Mutual Funds,47,0.3796775385964301,-0.2005674040201954,3
2026-08-26,1W,Miscellaneous Manufacturing,48,0.3332304454788619,-0.2470144971377637,14
2026-08-26,1W,Restaurants,49,0.3250088398421612,-0.2552361027744644,7
2026-08-26,1W,Tobacco,50,0.3091924266787663,-0.2710525159378593,3
2026-08-26,1W,Other Transportation,51,0.2278278467284864,-0.3524170958881392,4
2026-08-26,1W,Motor Vehicles,52,0.217676740297712,-0.3625682023189135,16
2026-08-26,1W,Automotive Aftermarket,53,0.178538047015054,-0.4017068956015716,7
2026-08-26,1W,Air Freight/Couriers,54,0.1591777918582748,-0.4210671507583507,10
2026-08-26,1W,Chemicals: Specialty,55,0.0979036959210683,-0.4823412466955572,52
2026-08-26,1W,Broadcasting,56,0.0658972617608002,-0.5143476808558254,3
2026-08-26,1W,Metal Fabrication,57,0.0152358356539758,-0.5650091069626497,28
2026-08-26,1W,Alternative Power Generation,58,-0.2502244857390612,-0.8304694283556868,10
2026-08-26,1W,Wholesale Distributors,59,-0.3201417865967871,-0.9003867292134128,16
2026-08-26,1W,Home Furnishings,60,-0.4143080288673424,-0.994552971483968,7
2026-08-26,1W,Building Products,61,-0.4510431190748393,-1.031288061691465,12
2026-08-26,1W,Major Telecommunications,62,-0.4732037510768473,-1.053448693693473,6
2026-08-26,1W,Information Technology Services,63,-0.537589564724506,-1.1178345073411315,31
2026-08-26,1W,Coal,64,-0.5789148644554709,-1.1591598070720963,4
2026-08-26,1W,Electronic Equipment/Instruments,65,-0.6279653313960251,-1.2082102740126506,8
2026-08-26,1W,Railroads,66,-0.7150085055451844,-1.29525344816181,2
2026-08-26,1W,Electric Utilities,67,-0.7980643819070822,-1.3783093245237077,24
2026-08-26,1W,Electrical Products,68,-0.7990925689590728,-1.3793375115756985,51
2026-08-26,1W,Beverages: Alcoholic,69,-0.8862511799581401,-1.4664961225747657,9
2026-08-26,1W,Real Estate Investment Trusts,70,-0.9301103308908628,-1.5103552735074883,7
2026-08-26,1W,Homebuilding,71,-1.1318858554994708,-1.7121307981160965,4
2026-08-26,1W,Gas Distributors,72,-1.2328783409223856,-1.8131232835390112,6
2026-08-26,1W,Oil Refining/Marketing,73,-1.2364992588662556,-1.8167442014828807,10
2026-08-26,1W,Textiles,74,-1.2440537918118362,-1.8242987344284616,23
2026-08-26,1W,Pharmaceuticals: Other,75,-1.280835194148125,-1.8610801367647507,7
2026-08-26,1W,Semiconductors,76,-1.3039978411727964,-1.884242783789422,10
2026-08-26,1W,Oilfield Services/Equipment,77,-1.3229417624405475,-1.9031867050571727,3
2026-08-26,1W,Household/Personal Care,78,-1.4311538065933112,-2.011398749209937,12
2026-08-26,1W,Industrial Specialties,79,-1.4652196452050117,-2.045464587821637,28
2026-08-26,1W,Apparel/Footwear,80,-1.6036436297163306,-2.183888572332956,17
2026-08-26,1W,Telecommunications Equipment,81,-1.68668467163738,-2.2669296142540056,7
2026-08-26,1W,Office Equipment/Supplies,82,-1.843971828608012,-2.424216771224637,4
2026-08-26,1W,Integrated Oil,83,-1.88537794984508,-2.465622892461706,4
2026-08-26,1W,Food: Specialty/Candy,84,-1.9360678601980643,-2.51631280281469,17
2026-08-26,1W,Auto Parts: OEM,85,-2.0103455664698138,-2.5905905090864394,50
2026-08-26,1W,Specialty Insurance,86,-2.27472930514886,-2.854974247765486,2
2026-08-26,1W,Trucking,87,-2.4230478708337264,-3.003292813450352,2
2026-08-26,1W,Data Processing Services,88,-2.4477018879736434,-3.027946830590269,3
2026-08-26,1W,Aerospace & Defense,89,-2.455427518362834,-3.0356724609794594,9
2026-08-26,1W,Financial Publishing/Services,90,-2.907509863041911,-3.487754805658537,2
2026-08-26,1W,Electronics/Appliance Stores,91,-3.7604021219699537,-4.340647064586579,2
2026-08-26,1W,Forest Products,92,-4.793264436837899,-5.373509379454525,5
2026-08-26,1W,Electronic Components,93,-5.720341801951534,-6.300586744568159,4
2026-08-27,1W,Food: Meat/Fish/Dairy,1,12.440913393753249,12.362032427209108,7
2026-08-27,1W,Oil & Gas Production,2,8.228469363453883,8.149588396909742,3
2026-08-27,1W,Food: Major Diversified,3,5.289224100603897,5.210343134059756,6
2026-08-27,1W,Consumer Sundries,4,4.5926825922294245,4.513801625685284,2
2026-08-27,1W,Personnel Services,5,4.127998577128215,4.049117610584075,2
2026-08-27,1W,Medical Specialties,6,3.9027121533502376,3.823831186806097,6
2026-08-27,1W,Electronics/Appliances,7,3.6563653974922192,3.577484430948078,8
2026-08-27,1W,Other Consumer Specialties,8,3.5475661871223947,3.4686852205782537,19
2026-08-27,1W,Biotechnology,9,3.3646683923233507,3.2857874257792097,4
2026-08-27,1W,Movies/Entertainment,10,3.283217854783317,3.204336888239176,9
2026-08-27,1W,Industrial Conglomerates,11,3.108210467149408,3.0293295006052667,4
2026-08-27,1W,Specialty Stores,12,2.959207184860692,2.880326218316551,13
2026-08-27,1W,Aluminum,13,2.469850546687457,2.390969580143316,4
2026-08-27,1W,Internet Software/Services,14,2.271277929144953,2.192396962600812,13
2026-08-27,1W,Investment Banks/Brokers,15,2.2589940702355573,2.1801131036914163,21
2026-08-27,1W,Electronic Equipment/Instruments,16,2.225154443537142,2.146273476993001,7
2026-08-27,1W,Steel,17,2.1162040113747147,2.0373230448305737,48
2026-08-27,1W,Cable/Satellite TV,18,1.9697997678630488,1.8909188013189084,2
2026-08-27,1W,Hotels/Resorts/Cruise lines,19,1.8329809494273084,1.7540999828831674,15
2026-08-27,1W,Internet Retail,20,1.7461395799921773,1.6672586134480365,4
2026-08-27,1W,Industrial Machinery,21,1.5561538521273863,1.4772728855832455,54
2026-08-27,1W,Chemicals: Major Diversified,22,1.5191909607904102,1.4403099942462692,11
2026-08-27,1W,Pharmaceuticals: Major,23,1.5041152330887582,1.4252342665446172,80
2026-08-27,1W,Chemicals: Agricultural,24,1.3185813266763766,1.2397003601322356,24
2026-08-27,1W,Real Estate Development,25,1.2670559352797512,1.1881749687356102,35
2026-08-27,1W,Multi-Line Insurance,26,1.2569174124052431,1.178036445861102,5
2026-08-27,1W,Hospital/Nursing Management,27,1.2439727076972136,1.1650917411530726,17
2026-08-27,1W,Telecommunications Equipment,28,1.2013211447726395,1.1224401782284985,7
2026-08-27,1W,Trucks/Construction/Farm Machinery,29,1.1961190959773451,1.117238129433204,20
2026-08-27,1W,Air Freight/Couriers,30,1.154503856092841,1.0756228895486997,11
2026-08-27,1W,Apparel/Footwear Retail,31,1.0707020915781718,0.9918211250340307,12
2026-08-27,1W,Electronic Production Equipment,32,1.0624963530778695,0.9836153865337284,9
2026-08-27,1W,Airlines,33,1.0293455649375158,0.9504645983933748,3
2026-08-27,1W,Major Banks,34,0.9561330173627428,0.8772520508186017,22
2026-08-27,1W,Other Metals/Minerals,35,0.9198169330471226,0.8409359665029816,17
2026-08-27,1W,Regional Banks,36,0.8356791568513123,0.7567981903071713,20
2026-08-27,1W,Electric Utilities,37,0.7624378723617765,0.6835569058176355,23
2026-08-27,1W,Investment Trusts/Mutual Funds,38,0.7164537739803283,0.6375728074361873,3
2026-08-27,1W,Automotive Aftermarket,39,0.6791323437550021,0.6002513772108611,7
2026-08-27,1W,Engineering & Construction,40,0.5166838567980117,0.4378028902538706,58
2026-08-27,1W,Alternative Power Generation,41,0.503839142592491,0.4249581760483499,10
2026-08-27,1W,Medical/Nursing Services,42,0.486804042881263,0.407923076337122,10
2026-08-27,1W,Other Consumer Services,43,0.4757878288570328,0.3969068623128918,5
2026-08-27,1W,Metal Fabrication,44,0.4580587276269057,0.3791777610827648,28
2026-08-27,1W,Restaurants,45,0.4366621878851982,0.3577812213410573,7
2026-08-27,1W,Integrated Oil,46,0.3714798033805813,0.2925988368364403,4
2026-08-27,1W,Oilfield Services/Equipment,47,0.3668572742484094,0.2879763077042684,3
2026-08-27,1W,Electrical Products,48,0.3498839323100609,0.2710029657659198,51
2026-08-27,1W,Industrial Specialties,49,0.3119218266986532,0.2330408601545122,27
2026-08-27,1W,Construction Materials,50,0.2589954165659861,0.1801144500218451,22
2026-08-27,1W,Building Products,51,0.2493556258662098,0.1704746593220688,11
2026-08-27,1W,Finance/Rental/Leasing,52,0.2342481475197177,0.1553671809755767,55
2026-08-27,1W,Packaged Software,53,0.214392380484959,0.135511413940818,35
2026-08-27,1W,Tobacco,54,-0.0284902401642591,-0.1073712067084001,3
2026-08-27,1W,Coal,55,-0.0540855548892696,-0.1329665214334106,4
2026-08-27,1W,Trucking,56,-0.0790083392124891,-0.1578893057566301,3
2026-08-27,1W,Miscellaneous Commercial Services,57,-0.084135110397541,-0.163016076941682,33
2026-08-27,1W,Life/Health Insurance,58,-0.1082299731393474,-0.1871109396834883,8
2026-08-27,1W,Agricultural Commodities/Milling,59,-0.2473780160597752,-0.3262589826039163,28
2026-08-27,1W,Broadcasting,60,-0.2490895120720851,-0.3279704786162262,3
2026-08-27,1W,Miscellaneous Manufacturing,61,-0.2626564048147061,-0.3415373713588471,13
2026-08-27,1W,Wholesale Distributors,62,-0.2813352581045227,-0.3602162246486636,16
2026-08-27,1W,Homebuilding,63,-0.3787537779229455,-0.4576347444670865,4
2026-08-27,1W,Major Telecommunications,64,-0.473007822912364,-0.551888789456505,6
2026-08-27,1W,Containers/Packaging,65,-0.4980326223063912,-0.5769135888505322,10
2026-08-27,1W,Chemicals: Specialty,66,-0.5961387391486402,-0.6750197056927812,51
2026-08-27,1W,Financial Conglomerates,67,-0.7575267646793793,-0.8364077312235203,5
2026-08-27,1W,Electronics Distributors,68,-0.7595274530111779,-0.8384084195553189,4
2026-08-27,1W,Wireless Telecommunications,69,-0.8617234187140645,-0.9406043852582056,3
2026-08-27,1W,Textiles,70,-0.8909867432848914,-0.9698677098290324,23
2026-08-27,1W,Motor Vehicles,71,-0.8916125242466777,-0.9704934907908188,16
2026-08-27,1W,Home Furnishings,72,-0.9454414341691078,-1.0243224007132488,7
2026-08-27,1W,Other Transportation,73,-0.976696026887563,-1.055576993431704,3
2026-08-27,1W,Marine Shipping,74,-0.986017116320632,-1.064898082864773,3
2026-08-27,1W,Investment Managers,75,-1.0270713235272853,-1.1059522900714265,15
2026-08-27,1W,Oil Refining/Marketing,76,-1.1460171682708802,-1.2248981348150212,9
2026-08-27,1W,Pharmaceuticals: Other,77,-1.1715028055020378,-1.2503837720461788,7
2026-08-27,1W,Beverages: Alcoholic,78,-1.1802774565656882,-1.2591584231098292,8
2026-08-27,1W,Office Equipment/Supplies,79,-1.204835035866551,-1.283716002410692,3
2026-08-27,1W,Real Estate Investment Trusts,80,-1.3407919892272873,-1.4196729557714285,6
2026-08-27,1W,Apparel/Footwear,81,-1.5526520824871652,-1.6315330490313062,16
2026-08-27,1W,Aerospace & Defense,82,-1.693241719492258,-1.772122686036399,9
2026-08-27,1W,Food: Specialty/Candy,83,-1.762716498980737,-1.841597465524878,20
2026-08-27,1W,Auto Parts: OEM,84,-1.8861455904175743,-1.965026556961716,51
2026-08-27,1W,Electronic Components,85,-1.8951876907044367,-1.9740686572485773,4
2026-08-27,1W,Household/Personal Care,86,-2.1927062809291504,-2.2715872474732914,12
2026-08-27,1W,Gas Distributors,87,-2.2070660192576743,-2.285946985801816,6
2026-08-27,1W,Information Technology Services,88,-2.2082041796123697,-2.2870851461565107,29
2026-08-27,1W,Specialty Insurance,89,-2.228346638542252,-2.3072276050863927,2
2026-08-27,1W,Semiconductors,90,-2.28526775086682,-2.364148717410961,10
2026-08-27,1W,Financial Publishing/Services,91,-3.33240702507451,-3.411287991618651,2
2026-08-27,1W,Railroads,92,-3.873249227490906,-3.952130194035047,2
2026-08-27,1W,Forest Products,93,-3.888888740888907,-3.967769707433048,5
2026-08-27,1W,Data Processing Services,94,-4.304031653810789,-4.382912620354929,3
2026-08-27,1W,Electronics/Appliance Stores,95,-4.512891393087,-4.591772359631141,2
2026-08-28,1W,Food: Meat/Fish/Dairy,1,9.82775459867248,9.646228845534251,7
2026-08-28,1W,Personnel Services,2,6.347896115674773,6.166370362536547,2
2026-08-28,1W,Telecommunications Equipment,3,5.062691613523289,4.881165860385063,7
2026-08-28,1W,Oil & Gas Production,4,4.329008271944272,4.147482518806045,3
2026-08-28,1W,Medical Specialties,5,4.139226398944484,3.957700645806258,6
2026-08-28,1W,Aluminum,6,4.0173765660829845,3.835850812944759,4
2026-08-28,1W,Biotechnology,7,3.605068352873793,3.423542599735568,4
2026-08-28,1W,Food: Major Diversified,8,3.587235348936339,3.4057095957981134,5
2026-08-28,1W,Airlines,9,3.572174083878627,3.3906483307404014,3
2026-08-28,1W,Other Consumer Specialties,10,3.1711824411668434,2.9896566880286177,18
2026-08-28,1W,Steel,11,3.002090129350039,2.8205643762118133,48
2026-08-28,1W,Investment Banks/Brokers,12,2.9960580434742665,2.814532290336041,20
2026-08-28,1W,Chemicals: Major Diversified,13,2.857690495889833,2.676164742751608,12
2026-08-28,1W,Specialty Stores,14,2.59216120424543,2.410635451107204,13
2026-08-28,1W,Hospital/Nursing Management,15,2.470962909189545,2.28943715605132,18
2026-08-28,1W,Movies/Entertainment,16,2.3453558682121733,2.163830115073948,8
2026-08-28,1W,Metal Fabrication,17,2.2567233842434,2.075197631105174,28
2026-08-28,1W,Marine Shipping,18,1.9961084598711207,1.814582706732896,3
2026-08-28,1W,Medical/Nursing Services,19,1.885423749976384,1.703897996838158,10
2026-08-28,1W,Pharmaceuticals: Major,20,1.857061150915748,1.675535397777522,80
2026-08-28,1W,Information Technology Services,21,1.846546903017664,1.6650211498794378,31
2026-08-28,1W,Other Metals/Minerals,22,1.7997568557341217,1.6182311025958958,17
2026-08-28,1W,Air Freight/Couriers,23,1.7207862949908252,1.5392605418525995,11
2026-08-28,1W,Internet Software/Services,24,1.658146079944377,1.4766203268061513,13
2026-08-28,1W,Trucks/Construction/Farm Machinery,25,1.634033126248921,1.4525073731106952,20
2026-08-28,1W,Internet Retail,26,1.5996324790663303,1.4181067259281046,4
2026-08-28,1W,Electronics Distributors,27,1.5935173499920483,1.4119915968538228,4
2026-08-28,1W,Chemicals: Agricultural,28,1.5373533266703885,1.3558275735321628,25
2026-08-28,1W,Packaged Software,29,1.33013008050339,1.1486043273651645,37
2026-08-28,1W,Consumer Sundries,30,1.272852587603058,1.091326834464832,2
2026-08-28,1W,Electronic Equipment/Instruments,31,1.185892330606777,1.0043665774685513,8
2026-08-28,1W,Electronics/Appliances,32,1.0464156833461191,0.8648899302078933,9
2026-08-28,1W,Major Banks,33,0.9525990866942488,0.771073333556023,22
2026-08-28,1W,Multi-Line Insurance,34,0.9312642390916228,0.749738485953397,5
2026-08-28,1W,Electrical Products,35,0.8308108221543362,0.6492850690161104,52
2026-08-28,1W,Other Transportation,36,0.8196225845568249,0.6380968314185991,4
2026-08-28,1W,Industrial Machinery,37,0.6688925435655949,0.4873667904273691,52
2026-08-28,1W,Electronic Components,38,0.6251143124554833,0.4435885593172575,4
2026-08-28,1W,Building Products,39,0.6173754642750406,0.4358497111368148,10
2026-08-28,1W,Real Estate Development,40,0.4031159045071883,0.2215901513689625,33
2026-08-28,1W,Electronic Production Equipment,41,0.4018490832855704,0.2203233301473446,10
2026-08-28,1W,Pharmaceuticals: Other,42,0.3302689350503383,0.1487431819121124,7
2026-08-28,1W,Integrated Oil,43,0.2644824718380471,0.0829567186998212,4
2026-08-28,1W,Industrial Conglomerates,44,0.2193438945318327,0.0378181413936069,4
2026-08-28,1W,Automotive Aftermarket,45,0.2097681244134642,0.0282423712752384,6
2026-08-28,1W,Oilfield Services/Equipment,46,0.1750622060174247,-0.006463547120801,3
2026-08-28,1W,Engineering & Construction,47,0.1284458148920069,-0.0530799382462188,55
2026-08-28,1W,Chemicals: Specialty,48,0.0865018604021195,-0.0950238927361062,52
2026-08-28,1W,Wholesale Distributors,49,0.0648298997547959,-0.1166958533834298,16
2026-08-28,1W,Financial Publishing/Services,50,0.0595020524083829,-0.1220237007298429,2
2026-08-28,1W,Miscellaneous Commercial Services,51,0.0303558891584919,-0.1511698639797338,32
2026-08-28,1W,Major Telecommunications,52,0.0214597239905176,-0.1600660291477081,6
2026-08-28,1W,Coal,53,-0.0399195089211536,-0.2214452620593794,4
2026-08-28,1W,Construction Materials,54,-0.0784253917301845,-0.2599511448684103,21
2026-08-28,1W,Hotels/Resorts/Cruise lines,55,-0.0905074806732867,-0.2720332338115125,14
2026-08-28,1W,Electric Utilities,56,-0.1421540042337241,-0.32367975737195,23
2026-08-28,1W,Other Consumer Services,57,-0.1475587358647757,-0.3290844890030016,5
2026-08-28,1W,Trucking,58,-0.1725131667292915,-0.3540389198675173,3
2026-08-28,1W,Apparel/Footwear Retail,59,-0.1808588951373045,-0.3623846482755303,12
2026-08-28,1W,Life/Health Insurance,60,-0.2162211474863901,-0.397746900624616,8
2026-08-28,1W,Regional Banks,61,-0.3285686276985591,-0.5100943808367849,19
2026-08-28,1W,Financial Conglomerates,62,-0.3338330878616388,-0.5153588409998646,6
2026-08-28,1W,Alternative Power Generation,63,-0.3593554045883429,-0.5408811577265688,10
2026-08-28,1W,Industrial Specialties,64,-0.4887144989435877,-0.6702402520818135,28
2026-08-28,1W,Miscellaneous Manufacturing,65,-0.614006869065473,-0.7955326222036988,13
2026-08-28,1W,Finance/Rental/Leasing,66,-0.7737454668284739,-0.9552712199666996,55
2026-08-28,1W,Oil Refining/Marketing,67,-0.795063515406625,-0.9765892685448508,9
2026-08-28,1W,Investment Managers,68,-0.8033919377007583,-0.9849176908389842,15
2026-08-28,1W,Real Estate Investment Trusts,69,-0.8714871935994188,-1.0530129467376446,7
2026-08-28,1W,Motor Vehicles,70,-1.0434154256712158,-1.2249411788094415,16
2026-08-28,1W,Investment Trusts/Mutual Funds,71,-1.0709268773611489,-1.2524526304993744,4
2026-08-28,1W,Beverages: Alcoholic,72,-1.1083726201458053,-1.289898373284031,7
2026-08-28,1W,Homebuilding,73,-1.1235025825512377,-1.3050283356894634,4
2026-08-28,1W,Auto Parts: OEM,74,-1.2323698178150646,-1.4138955709532903,50
2026-08-28,1W,Tobacco,75,-1.4405331816001508,-1.6220589347383765,3
2026-08-28,1W,Containers/Packaging,76,-1.527200675281752,-1.7087264284199777,10
2026-08-28,1W,Apparel/Footwear,77,-1.6231173095219893,-1.804643062660215,17
2026-08-28,1W,Wireless Telecommunications,78,-1.648733585042225,-1.8302593381804504,3
2026-08-28,1W,Aerospace & Defense,79,-1.6660050047864643,-1.8475307579246905,9
2026-08-28,1W,Food: Specialty/Candy,80,-1.6804497989210716,-1.861975552059297,20
2026-08-28,1W,Railroads,81,-1.6886934676853134,-1.870219220823539,2
2026-08-28,1W,Home Furnishings,82,-1.7601672688997565,-1.9416930220379824,7
2026-08-28,1W,Gas Distributors,83,-1.836598184596124,-2.01812393773435,6
2026-08-28,1W,Agricultural Commodities/Milling,84,-1.84946330272553,-2.030989055863756,27
2026-08-28,1W,Data Processing Services,85,-1.9002681992337176,-2.081793952371944,3
2026-08-28,1W,Office Equipment/Supplies,86,-2.00248140499672,-2.184007158134946,3
2026-08-28,1W,Forest Products,87,-2.095416426189791,-2.276942179328017,4
2026-08-28,1W,Semiconductors,88,-2.1188999771822874,-2.300425730320513,10
2026-08-28,1W,Textiles,89,-2.2031862200312102,-2.384711973169436,25
2026-08-28,1W,Household/Personal Care,90,-2.586659318157082,-2.768185071295308,13
2026-08-28,1W,Specialty Insurance,91,-3.1743246101812126,-3.3558503633194383,2
2026-08-28,1W,Restaurants,92,-4.0402716037926805,-4.221797356930907,7
2026-08-28,1W,Broadcasting,93,-4.230069650284928,-4.411595403423154,3
2026-08-28,1W,Electronics/Appliance Stores,94,-5.902895868478593,-6.084421621616819,2
2026-08-31,1W,Personnel Services,1,8.784673282439178,9.178562055012772,2
2026-08-31,1W,Food: Meat/Fish/Dairy,2,6.039472694995957,6.433361467569552,7
2026-08-31,1W,Airlines,3,5.096480507444005,5.4903692800176,3
2026-08-31,1W,Telecommunications Equipment,4,4.831303454874483,5.225192227448078,6
2026-08-31,1W,Food: Major Diversified,5,4.489660305567329,4.883549078140924,5
2026-08-31,1W,Medical Specialties,6,4.284929067765345,4.67881784033894,7
2026-08-31,1W,Biotechnology,7,3.816956732525021,4.210845505098616,4
2026-08-31,1W,Internet Retail,8,3.3154804154942665,3.709369188067861,4
2026-08-31,1W,Pharmaceuticals: Major,9,3.019802680729739,3.413691453303334,81
2026-08-31,1W,Consumer Sundries,10,2.915756820400521,3.309645592974116,2
2026-08-31,1W,Hospital/Nursing Management,11,2.566094493793331,2.959983266366926,19
2026-08-31,1W,Medical/Nursing Services,12,2.27158529816794,2.665474070741535,10
2026-08-31,1W,Electrical Products,13,2.266914844674122,2.660803617247717,52
2026-08-31,1W,Internet Software/Services,14,2.237376225408485,2.63126499798208,13
2026-08-31,1W,Metal Fabrication,15,2.1593286894222232,2.553217461995818,27
2026-08-31,1W,Information Technology Services,16,2.125937206729562,2.5198259793031568,32
2026-08-31,1W,Packaged Software,17,2.1177997421787285,2.511688514752324,37
2026-08-31,1W,Investment Banks/Brokers,18,1.879934650985269,2.273823423558864,22
2026-08-31,1W,Electronics/Appliances,19,1.6453475721734288,2.039236344747024,8
2026-08-31,1W,Chemicals: Major Diversified,20,1.6061720685221672,2.0000608410957623,12
2026-08-31,1W,Steel,21,1.536121965444694,1.930010738018289,51
2026-08-31,1W,Financial Publishing/Services,22,1.4313721575690082,1.825260930142603,2
2026-08-31,1W,Pharmaceuticals: Other,23,1.3072654470323686,1.7011542196059637,6
2026-08-31,1W,Pulp & Paper,24,1.1448049447619184,1.5386937173355133,2
2026-08-31,1W,Financial Conglomerates,25,0.7821118922878583,1.1760006648614532,7
2026-08-31,1W,Other Consumer Specialties,26,0.6983664739748451,1.09225524654844,18
2026-08-31,1W,Regional Banks,27,0.688091060492134,1.0819798330657289,19
2026-08-31,1W,Integrated Oil,28,0.5381349538278193,0.9320237264014142,4
2026-08-31,1W,Major Banks,29,0.5066870683060368,0.9005758408796317,22
2026-08-31,1W,Trucks/Construction/Farm Machinery,30,0.4773509509579619,0.8712397235315568,20
2026-08-31,1W,Electronic Components,31,0.420712996518386,0.8146017690919809,4
2026-08-31,1W,Chemicals: Agricultural,32,0.3943974375677906,0.7882862101413854,28
2026-08-31,1W,Marine Shipping,33,0.3188600270547594,0.7127487996283544,3
2026-08-31,1W,Multi-Line Insurance,34,0.2676937678073676,0.6615825403809625,5
2026-08-31,1W,Industrial Machinery,35,0.2133832348960278,0.6072720074696227,56
2026-08-31,1W,Auto Parts: OEM,36,0.1065809000883996,0.5004696726619945,53
2026-08-31,1W,Building Products,37,0.08617727107436,0.4800660436479549,11
2026-08-31,1W,Trucking,38,0.0376041176967099,0.4314928902703048,3
2026-08-31,1W,Industrial Specialties,39,0.0349804702219822,0.4288692427955772,27
2026-08-31,1W,Apparel/Footwear,40,-0.0351489568626313,0.3587398157109635,17
2026-08-31,1W,Hotels/Resorts/Cruise lines,41,-0.1202873350830242,0.2736014374905706,15
2026-08-31,1W,Electronics Distributors,42,-0.1471472744084305,0.2467414981651643,4
2026-08-31,1W,Major Telecommunications,43,-0.2997751702573287,0.0941136023162661,6
2026-08-31,1W,Office Equipment/Supplies,44,-0.3208187011865377,0.0730700713870571,4
2026-08-31,1W,Railroads,45,-0.3466485128174128,0.047240259756182,2
2026-08-31,1W,Real Estate Development,46,-0.3519445756959999,0.0419441968775949,34
2026-08-31,1W,Chemicals: Specialty,47,-0.4545001778026709,-0.0606114052290759,53
2026-08-31,1W,Motor Vehicles,48,-0.4901741601290703,-0.0962853875554754,16
2026-08-31,1W,Air Freight/Couriers,49,-0.5183353917221266,-0.1244466191485317,10
2026-08-31,1W,Oil Refining/Marketing,50,-0.6012916652526216,-0.2074028926790266,10
2026-08-31,1W,Gas Distributors,51,-0.6022675276627195,-0.2083787550891246,6
2026-08-31,1W,Miscellaneous Commercial Services,52,-0.6343370390285719,-0.2404482664549769,32
2026-08-31,1W,Containers/Packaging,53,-0.6416149606222682,-0.2477261880486733,10
2026-08-31,1W,Apparel/Footwear Retail,54,-0.6778833590552029,-0.283994586481608,11
2026-08-31,1W,Investment Trusts/Mutual Funds,55,-0.8389749322584308,-0.4450861596848359,3
2026-08-31,1W,Food: Specialty/Candy,56,-0.8881988597493582,-0.4943100871757633,18
2026-08-31,1W,Finance/Rental/Leasing,57,-0.9252820324177378,-0.5313932598441429,56
2026-08-31,1W,Engineering & Construction,58,-0.9419356572215304,-0.5480468846479356,56
2026-08-31,1W,Specialty Stores,59,-1.095490274656568,-0.7016015020829731,13
2026-08-31,1W,Movies/Entertainment,60,-1.1019777647287994,-0.7080889921552045,8
2026-08-31,1W,Miscellaneous Manufacturing,61,-1.1073836583872996,-0.7134948858137047,13
2026-08-31,1W,Electronic Production Equipment,62,-1.3030387165776012,-0.9091499440040064,10
2026-08-31,1W,Construction Materials,63,-1.3255133798062044,-0.9316246072326096,21
2026-08-31,1W,Industrial Conglomerates,64,-1.367880878150198,-0.973992105576603,4
2026-08-31,1W,Life/Health Insurance,65,-1.3987186040488346,-1.0048298314752395,8
2026-08-31,1W,Textiles,66,-1.412604309399275,-1.0187155368256802,24
2026-08-31,1W,Other Metals/Minerals,67,-1.4195534440541857,-1.0256646714805906,17
2026-08-31,1W,Oil & Gas Production,68,-1.466044545103766,-1.0721557725301711,3
2026-08-31,1W,Investment Managers,69,-1.4743492223252672,-1.0804604497516723,14
2026-08-31,1W,Real Estate Investment Trusts,70,-1.4894263451386125,-1.0955375725650176,8
2026-08-31,1W,Cable/Satellite TV,71,-1.489869660601368,-1.095980888027773,2
2026-08-31,1W,Aluminum,72,-1.5240902057756305,-1.1302014332020356,4
2026-08-31,1W,Agricultural Commodities/Milling,73,-1.657240382576328,-1.263351610002733,28
2026-08-31,1W,Specialty Insurance,74,-1.854459707522952,-1.4605709349493567,2
2026-08-31,1W,Automotive Aftermarket,75,-1.922743928849512,-1.5288551562759165,7
2026-08-31,1W,Semiconductors,76,-1.980195143510189,-1.586306370936594,10
2026-08-31,1W,Home Furnishings,77,-2.0250010582219446,-1.6311122856483498,7
2026-08-31,1W,Electronics/Appliance Stores,78,-2.087146154591767,-1.6932573820181722,2
2026-08-31,1W,Electronic Equipment/Instruments,79,-2.09319208671902,-1.6993033141454252,8
2026-08-31,1W,Beverages: Alcoholic,80,-2.624596609867101,-2.2307078372935063,9
2026-08-31,1W,Publishing: Newspapers,81,-2.6297941520788672,-2.2359053795052724,2
2026-08-31,1W,Oilfield Services/Equipment,82,-2.821066180219375,-2.42717740764578,3
2026-08-31,1W,Household/Personal Care,83,-2.893262778106575,-2.4993740055329803,13
2026-08-31,1W,Other Transportation,84,-2.912194826124705,-2.51830605355111,4
2026-08-31,1W,Wireless Telecommunications,85,-2.9667245064232546,-2.57283573384966,3
2026-08-31,1W,Aerospace & Defense,86,-3.0841972704142115,-2.6903084978406167,9
2026-08-31,1W,Restaurants,87,-3.322783133353278,-2.928894360779683,7
2026-08-31,1W,Tobacco,88,-3.3611845512817795,-2.9672957787081846,3
2026-08-31,1W,Coal,89,-3.5110623622547754,-3.1171735896811805,4
2026-08-31,1W,Homebuilding,90,-3.5497803770344616,-3.1558916044608667,4
2026-08-31,1W,Forest Products,91,-3.973389981065637,-3.5795012084920423,3
2026-08-31,1W,Alternative Power Generation,92,-4.12824067244051,-3.7343518998669154,11
2026-08-31,1W,Electric Utilities,93,-4.319090046667507,-3.925201274093912,23
2026-08-31,1W,Data Processing Services,94,-4.497030508539294,-4.103141735965699,3
2026-08-31,1W,Other Consumer Services,95,-4.62384590694304,-4.229957134369445,5
2026-08-31,1W,Wholesale Distributors,96,-5.186218850268952,-4.7923300776953575,16
2026-08-31,1W,Broadcasting,97,-7.875760592812452,-7.481871820238857,3
2026-09-01,1W,Personnel Services,1,7.153778155594792,7.8097953127252815,2
2026-09-01,1W,Food: Meat/Fish/Dairy,2,4.16502607134607,4.821043228476559,7
2026-09-01,1W,Consumer Sundries,3,4.056921866709214,4.712939023839703,2
2026-09-01,1W,Financial Publishing/Services,4,2.9581386457928858,3.614155802923375,2
2026-09-01,1W,Information Technology Services,5,2.270192463100044,2.9262096202305328,32
2026-09-01,1W,Biotechnology,6,2.032851155091955,2.688868312222444,4
2026-09-01,1W,Electronics/Appliances,7,2.028094570222541,2.68411172735303,8
2026-09-01,1W,Telecommunications Equipment,8,1.997426598462362,2.653443755592851,6
2026-09-01,1W,Medical Specialties,9,1.951073946546092,2.607091103676581,6
2026-09-01,1W,Office Equipment/Supplies,10,1.7340908543162028,2.390108011446692,5
2026-09-01,1W,Pharmaceuticals: Major,11,1.682337043838568,2.338354200969057,83
2026-09-01,1W,Packaged Software,12,1.5648961150402811,2.2209132721707703,37
2026-09-01,1W,Internet Retail,13,1.5065135989322187,2.162530756062708,4
2026-09-01,1W,Internet Software/Services,14,1.2993130846725311,1.9553302418030205,14
2026-09-01,1W,Pulp & Paper,15,1.2975220456667858,1.9535392027972749,2
2026-09-01,1W,Pharmaceuticals: Other,16,1.2965215963700891,1.9525387535005785,6
2026-09-01,1W,Integrated Oil,17,1.281335425984291,1.93735258311478,4
2026-09-01,1W,Metal Fabrication,18,1.109760677709887,1.765777834840376,27
2026-09-01,1W,Industrial Machinery,19,0.9889651299925848,1.644982287123074,53
2026-09-01,1W,Medical/Nursing Services,20,0.9741981851018844,1.6302153422323733,10
2026-09-01,1W,Trucking,21,0.9532545887333788,1.609271745863868,3
2026-09-01,1W,Food: Major Diversified,22,0.9456921087642074,1.6017092658946963,4
2026-09-01,1W,Hospital/Nursing Management,23,0.8837569256664968,1.539774082796986,18
2026-09-01,1W,Airlines,24,0.6579274227582845,1.3139445798887737,3
2026-09-01,1W,Major Banks,25,0.546872044236419,1.202889201366908,22
2026-09-01,1W,Oil Refining/Marketing,26,0.2962017238729634,0.9522188810034526,10
2026-09-01,1W,Chemicals: Specialty,27,0.2757139865342523,0.9317311436647414,52
2026-09-01,1W,Steel,28,0.259388249798206,0.9154054069286952,52
2026-09-01,1W,Containers/Packaging,29,0.2269573810666761,0.8829745381971653,13
2026-09-01,1W,Regional Banks,30,0.1179013503027575,0.7739185074332467,19
2026-09-01,1W,Apparel/Footwear,31,-0.0907856682920035,0.5652314888384856,18
2026-09-01,1W,Major Telecommunications,32,-0.1539331381465332,0.5020840189839559,6
2026-09-01,1W,Miscellaneous Commercial Services,33,-0.163939447059744,0.4920777100707451,33
2026-09-01,1W,Air Freight/Couriers,34,-0.2936641874988532,0.3623529696316359,11
2026-09-01,1W,Investment Trusts/Mutual Funds,35,-0.3396622772836597,0.3163548798468294,4
2026-09-01,1W,Chemicals: Major Diversified,36,-0.3407702233564711,0.3152469337740179,11
2026-09-01,1W,Electronics/Appliance Stores,37,-0.3620568866470517,0.2939602704834374,2
2026-09-01,1W,Hotels/Resorts/Cruise lines,38,-0.3810657231263527,0.2749514340041364,13
2026-09-01,1W,Auto Parts: OEM,39,-0.4507959797450526,0.2052211773854365,52
2026-09-01,1W,Building Products,40,-0.4573956505008643,0.1986215066296248,12
2026-09-01,1W,Trucks/Construction/Farm Machinery,41,-0.4639149139540498,0.1921022431764393,20
2026-09-01,1W,Marine Shipping,42,-0.4737302773584492,0.1822868797720399,3
2026-09-01,1W,Multi-Line Insurance,43,-0.6130380782642517,0.0429790788662374,5
2026-09-01,1W,Electrical Products,44,-0.6322220886340603,0.0237950684964288,52
2026-09-01,1W,Investment Banks/Brokers,45,-0.681947030517665,-0.0259298733871758,22
2026-09-01,1W,Electronic Components,46,-0.7129856531134512,-0.056968495982962,4
2026-09-01,1W,Chemicals: Agricultural,47,-0.7233070686517657,-0.0672899115212766,24
2026-09-01,1W,Cable/Satellite TV,48,-0.7998772924146046,-0.1438601352841154,2
2026-09-01,1W,Electronic Production Equipment,49,-0.8993112284066307,-0.2432940712761415,9
2026-09-01,1W,Industrial Specialties,50,-0.960734445711663,-0.3047172885811738,27
2026-09-01,1W,Other Consumer Specialties,51,-1.0828485202272435,-0.4268313630967544,18
2026-09-01,1W,Financial Conglomerates,52,-1.1155492284861748,-0.4595320713556856,7
2026-09-01,1W,Miscellaneous Manufacturing,53,-1.1180418154783165,-0.4620246583478273,13
2026-09-01,1W,Textiles,54,-1.1201580899339938,-0.4641409328035046,26
2026-09-01,1W,Oilfield Services/Equipment,55,-1.1563696654172988,-0.5003525082868097,3
2026-09-01,1W,Railroads,56,-1.164351851851849,-0.5083346947213598,2
2026-09-01,1W,Construction Materials,57,-1.1730016352630332,-0.5169844781325441,21
2026-09-01,1W,Motor Vehicles,58,-1.227641509452997,-0.571624352322508,16
2026-09-01,1W,Home Furnishings,59,-1.3022167747138786,-0.6461996175833895,7
2026-09-01,1W,Tobacco,60,-1.383166056366426,-0.7271488992359367,3
2026-09-01,1W,Automotive Aftermarket,61,-1.3921666303776268,-0.7361494732471376,7
2026-09-01,1W,Real Estate Investment Trusts,62,-1.5814460290900956,-0.9254288719596064,7
2026-09-01,1W,Gas Distributors,63,-1.5818033295216254,-0.9257861723911364,6
2026-09-01,1W,Oil & Gas Production,64,-1.5979844586902694,-0.9419673015597804,3
2026-09-01,1W,Agricultural Commodities/Milling,65,-1.6014307992409804,-0.9454136421104912,26
2026-09-01,1W,Engineering & Construction,66,-1.604477607919681,-0.9484604507891918,55
2026-09-01,1W,Movies/Entertainment,67,-1.6521222554540107,-0.9961050983235216,8
2026-09-01,1W,Investment Managers,68,-1.6643251188673784,-1.0083079617368893,15
2026-09-01,1W,Specialty Insurance,69,-1.707049784551147,-1.0510326274206578,2
2026-09-01,1W,Other Metals/Minerals,70,-1.886736945140885,-1.230719788010396,16
2026-09-01,1W,Life/Health Insurance,71,-1.9323664784890204,-1.2763493213585313,8
2026-09-01,1W,Food: Specialty/Candy,72,-2.0364799683468395,-1.3804628112163504,19
2026-09-01,1W,Apparel/Footwear Retail,73,-2.056647465814052,-1.4006303086835623,12
2026-09-01,1W,Household/Personal Care,74,-2.1127374217853547,-1.4567202646548656,12
2026-09-01,1W,Finance/Rental/Leasing,75,-2.14410066784525,-1.488083510714761,55
2026-09-01,1W,Other Transportation,76,-2.1682328873877563,-1.5122157302572672,4
2026-09-01,1W,Industrial Conglomerates,77,-2.228072232661514,-1.572055075531025,4
2026-09-01,1W,Forest Products,78,-2.2411971902025494,-1.5851800330720602,4
2026-09-01,1W,Electronic Equipment/Instruments,79,-2.2975460741549663,-1.6415289170244771,9
2026-09-01,1W,Aluminum,80,-2.412190377020784,-1.7561732198902942,4
2026-09-01,1W,Alternative Power Generation,81,-2.463890323772964,-1.8078731666424743,10
2026-09-01,1W,Electronics Distributors,82,-2.485185363641019,-1.82916820651053,4
2026-09-01,1W,Specialty Stores,83,-2.4944736583242686,-1.83845650119378,13
2026-09-01,1W,Semiconductors,84,-2.497838011216349,-1.84182085408586,10
2026-09-01,1W,Real Estate Development,85,-2.5902680120450974,-1.934250854914608,35
2026-09-01,1W,Aerospace & Defense,86,-2.757738333655734,-2.1017211765252446,9
2026-09-01,1W,Wireless Telecommunications,87,-2.9573917758450685,-2.301374618714579,3
2026-09-01,1W,Beverages: Alcoholic,88,-3.123083154460661,-2.467065997330172,9
2026-09-01,1W,Electric Utilities,89,-3.3290439380609715,-2.673026780930482,24
2026-09-01,1W,Other Consumer Services,90,-3.7467383721356935,-3.090721215005204,5
2026-09-01,1W,Data Processing Services,91,-3.94374905680454,-3.2877318996740508,3
2026-09-01,1W,Coal,92,-4.136247290424901,-3.480230133294412,4
2026-09-01,1W,Homebuilding,93,-4.2024824664066855,-3.546465309276196,4
2026-09-01,1W,Wholesale Distributors,94,-4.41885023463473,-3.762833077504241,16
2026-09-01,1W,Restaurants,95,-5.524707923564541,-4.868690766434051,7
2026-09-01,1W,Broadcasting,96,-6.676084796653793,-6.020067639523304,3
2026-09-02,1W,Food: Meat/Fish/Dairy,1,7.61122866677872,9.230630326888877,7
2026-09-02,1W,Biotechnology,2,6.573316567906912,8.192718228017068,4
2026-09-02,1W,Integrated Oil,3,6.480464460270959,8.099866120381114,4
2026-09-02,1W,Consumer Sundries,4,5.00732512436283,6.626726784472985,2
2026-09-02,1W,Personnel Services,5,4.524940467579231,6.144342127689386,2
2026-09-02,1W,Oilfield Services/Equipment,6,3.700712075065673,5.320113735175828,3
2026-09-02,1W,Oil & Gas Production,7,3.324006098746888,4.943407758857043,3
2026-09-02,1W,Medical Specialties,8,2.3753620826062014,3.9947637427163567,6
2026-09-02,1W,Electronics/Appliances,9,1.931512166599745,3.5509138267099,8
2026-09-02,1W,Pulp & Paper,10,1.7279700634757196,3.347371723585874,2
2026-09-02,1W,Electronics Distributors,11,1.5901262660355582,3.209527926145713,4
2026-09-02,1W,Electronics/Appliance Stores,12,1.178331021578222,2.7977326816883767,2
2026-09-02,1W,Office Equipment/Supplies,13,0.9835055085666442,2.6029071686768,6
2026-09-02,1W,Pharmaceuticals: Major,14,0.9620257079022426,2.5814273680123976,84
2026-09-02,1W,Information Technology Services,15,0.829335153959066,2.448736814069221,31
2026-09-02,1W,Oil Refining/Marketing,16,0.8115368315520661,2.430938491662221,10
2026-09-02,1W,Pharmaceuticals: Other,17,0.6225181324260096,2.241919792536165,6
2026-09-02,1W,Food: Major Diversified,18,0.5573114961637908,2.176713156273946,5
2026-09-02,1W,Containers/Packaging,19,0.5157248351368051,2.1351264952469604,13
2026-09-02,1W,Electronic Components,20,0.4861114838162621,2.105513143926417,4
2026-09-02,1W,Medical/Nursing Services,21,0.321087332484908,1.940488992595063,10
2026-09-02,1W,Telecommunications Equipment,22,0.2638993229620237,1.8833009830721787,6
2026-09-02,1W,Internet Software/Services,23,0.2069589290310625,1.8263605891412176,13
2026-09-02,1W,Packaged Software,24,0.0718475174249984,1.6912491775351537,38
2026-09-02,1W,Metal Fabrication,25,0.0502274073489879,1.669629067459143,28
2026-09-02,1W,Multi-Line Insurance,26,0.0369979078358736,1.6563995679460288,5
2026-09-02,1W,Apparel/Footwear,27,-0.0115921473486851,1.60780951276147,17
2026-09-02,1W,Steel,28,-0.0304165595352028,1.5889851005749522,48
2026-09-02,1W,Major Banks,29,-0.2354261700397906,1.3839754900703645,22
2026-09-02,1W,Trucking,30,-0.2523087590478285,1.3670929010623265,3
2026-09-02,1W,Industrial Machinery,31,-0.2737483678213355,1.3456532922888196,54
2026-09-02,1W,Internet Retail,32,-0.4582719196644518,1.1611297404457033,4
2026-09-02,1W,Financial Publishing/Services,33,-0.4668861873796384,1.152515472730517,2
2026-09-02,1W,Building Products,34,-0.6750905109455398,0.9443111491646152,12
2026-09-02,1W,Air Freight/Couriers,35,-0.6794872275052546,0.9399144326049004,11
2026-09-02,1W,Specialty Stores,36,-0.69479242991149,0.924609230198665,13
2026-09-02,1W,Miscellaneous Commercial Services,37,-0.7825845985374968,0.8368170615726582,32
2026-09-02,1W,Industrial Specialties,38,-0.8709669393951177,0.7484347207150374,27
2026-09-02,1W,Textiles,39,-0.874682259347737,0.744719400762418,24
2026-09-02,1W,Railroads,40,-0.9155869684139656,0.7038146916961894,2
2026-09-02,1W,Home Furnishings,41,-1.1243265236905482,0.4950751364196069,7
2026-09-02,1W,Chemicals: Major Diversified,42,-1.1274820852200862,0.4919195748900689,12
2026-09-02,1W,Chemicals: Specialty,43,-1.2710639241402235,0.3483377359699313,53
2026-09-02,1W,Real Estate Investment Trusts,44,-1.3956509146794844,0.2237507454306706,7
2026-09-02,1W,Auto Parts: OEM,45,-1.5180862878338408,0.1013153722763142,52
2026-09-02,1W,Investment Trusts/Mutual Funds,46,-1.5483484427458245,0.0710532173643305,4
2026-09-02,1W,Major Telecommunications,47,-1.6133730128237158,0.0060286472864392,6
2026-09-02,1W,Aluminum,48,-1.6876317505621283,-0.0682300904519732,4
2026-09-02,1W,Regional Banks,49,-1.705164204447458,-0.0857625443373029,19
2026-09-02,1W,Alternative Power Generation,50,-1.7916536576539928,-0.1722519975438377,11
2026-09-02,1W,Gas Distributors,51,-1.7976686932752683,-0.1782670331651132,6
2026-09-02,1W,Hotels/Resorts/Cruise lines,52,-1.82501938333324,-0.2056177232230849,16
2026-09-02,1W,Coal,53,-1.8433176706548955,-0.2239160105447404,4
2026-09-02,1W,Apparel/Footwear Retail,54,-1.8871553883627488,-0.2677537282525943,12
2026-09-02,1W,Electrical Products,55,-1.9829155241002496,-0.3635138639900948,53
2026-09-02,1W,Construction Materials,56,-1.9973772087717745,-0.3779755486616194,22
2026-09-02,1W,Automotive Aftermarket,57,-2.0478033294224542,-0.4284016693122991,7
2026-09-02,1W,Airlines,58,-2.1089181720758425,-0.4895165119656874,3
2026-09-02,1W,Miscellaneous Manufacturing,59,-2.135008692435873,-0.515607032325718,13
2026-09-02,1W,Hospital/Nursing Management,60,-2.1487344878295347,-0.5293328277193796,18
2026-09-02,1W,Electronic Production Equipment,61,-2.22446468541343,-0.6050630253032747,9
2026-09-02,1W,Specialty Insurance,62,-2.227276939242574,-0.6078752791324196,2
2026-09-02,1W,Other Consumer Specialties,63,-2.2762400041605417,-0.6568383440503867,19
2026-09-02,1W,Engineering & Construction,64,-2.279767231206641,-0.6603655710964864,55
2026-09-02,1W,Agricultural Commodities/Milling,65,-2.3772301732979284,-0.7578285131877733,25
2026-09-02,1W,Other Metals/Minerals,66,-2.386521351341852,-0.7671196912316967,16
2026-09-02,1W,Trucks/Construction/Farm Machinery,67,-2.4130591879063608,-0.7936575277962057,19
2026-09-02,1W,Tobacco,68,-2.497620813591819,-0.8782191534816641,3
2026-09-02,1W,Marine Shipping,69,-2.537271236840959,-0.9178695767308038,3
2026-09-02,1W,Household/Personal Care,70,-2.586863812407487,-0.967462152297332,12
2026-09-02,1W,Industrial Conglomerates,71,-2.6213278592411067,-1.0019261991309516,4
2026-09-02,1W,Investment Banks/Brokers,72,-2.674430269387164,-1.0550286092770085,22
2026-09-02,1W,Life/Health Insurance,73,-2.714274729037041,-1.094873068926886,8
2026-09-02,1W,Other Transportation,74,-2.7785430895218752,-1.1591414294117202,4
2026-09-02,1W,Real Estate Development,75,-2.820026118262277,-1.2006244581521222,36
2026-09-02,1W,Movies/Entertainment,76,-2.861192637821415,-1.24179097771126,9
2026-09-02,1W,Semiconductors,77,-2.875076522699257,-1.255674862589102,10
2026-09-02,1W,Finance/Rental/Leasing,78,-2.988148738182002,-1.368747078071847,54
2026-09-02,1W,Chemicals: Agricultural,79,-3.2004436916834487,-1.5810420315732936,25
2026-09-02,1W,Forest Products,80,-3.225026622061685,-1.6056249619515297,3
2026-09-02,1W,Publishing: Newspapers,81,-3.226912112317394,-1.607510452207239,2
2026-09-02,1W,Electric Utilities,82,-3.2335690258588974,-1.6141673657487423,24
2026-09-02,1W,Food: Specialty/Candy,83,-3.4076088150289414,-1.7882071549187863,16
2026-09-02,1W,Aerospace & Defense,84,-3.453167935467127,-1.833766275356972,9
2026-09-02,1W,Other Consumer Services,85,-3.5299726935752247,-1.9105710334650696,5
2026-09-02,1W,Motor Vehicles,86,-3.627289814484495,-2.0078881543743403,16
2026-09-02,1W,Investment Managers,87,-3.638923672211353,-2.0195220121011976,14
2026-09-02,1W,Electronic Equipment/Instruments,88,-3.703185748901841,-2.0837840887916856,9
2026-09-02,1W,Financial Conglomerates,89,-3.993066235736609,-2.373664575626454,7
2026-09-02,1W,Wholesale Distributors,90,-4.235773735029145,-2.6163720749189903,16
2026-09-02,1W,Wireless Telecommunications,91,-4.273719517532495,-2.65431785742234,3
2026-09-02,1W,Homebuilding,92,-4.832429993191203,-3.2130283330810485,3
2026-09-02,1W,Beverages: Alcoholic,93,-4.933713975506837,-3.3143123153966823,9
2026-09-02,1W,Data Processing Services,94,-5.39489021290731,-3.775488552797155,3
2026-09-02,1W,Restaurants,95,-6.553485098599087,-4.9340834384889325,7
2026-09-02,1W,Broadcasting,96,-8.819922109913032,-7.200520449802877,3
2026-09-03,1W,Integrated Oil,1,9.60563465995494,10.925929869483952,5
2026-09-03,1W,Oilfield Services/Equipment,2,7.505981848105803,8.826277057634815,3
2026-09-03,1W,Consumer Sundries,3,6.214463978592104,7.534759188121116,2
2026-09-03,1W,Office Equipment/Supplies,4,5.242274532284903,6.562569741813915,4
2026-09-03,1W,Pulp & Paper,5,4.937684520040266,6.257979729569279,4
2026-09-03,1W,Electronic Components,6,3.1148595101126064,4.435154719641619,5
2026-09-03,1W,Medical Specialties,7,3.006072901187887,4.326368110716899,6
2026-09-03,1W,Telecommunications Equipment,8,2.3197214391825365,3.640016648711549,6
2026-09-03,1W,Biotechnology,9,2.239220430396573,3.5595156399255856,4
2026-09-03,1W,Electronics Distributors,10,1.9225098983752464,3.242805107904259,4
2026-09-03,1W,Food: Meat/Fish/Dairy,11,1.8849903266812649,3.205285536210277,7
2026-09-03,1W,Electronics/Appliances,12,1.5780162991816944,2.898311508710707,8
2026-09-03,1W,Industrial Machinery,13,1.5421907341004613,2.8624859436294736,54
2026-09-03,1W,Pharmaceuticals: Other,14,1.406011779845551,2.726306989374564,6
2026-09-03,1W,Textiles,15,1.3704343938961234,2.690729603425136,25
2026-09-03,1W,Information Technology Services,16,1.360478685707308,2.680773895236321,31
2026-09-03,1W,Financial Publishing/Services,17,1.2551506441311633,2.575445853660176,2
2026-09-03,1W,Containers/Packaging,18,0.8448936139763821,2.1651888235053947,13
2026-09-03,1W,Building Products,19,0.6593035762575213,1.9795987857865336,12
2026-09-03,1W,Oil Refining/Marketing,20,0.6487778964048369,1.969073105933849,10
2026-09-03,1W,Specialty Stores,21,0.6311007050425852,1.9513959145715976,14
2026-09-03,1W,Airlines,22,0.5034919029407428,1.823787112469756,4
2026-09-03,1W,Air Freight/Couriers,23,0.4918418998021497,1.8121371093311625,11
2026-09-03,1W,Medical/Nursing Services,24,0.3966621845808669,1.7169573941098797,10
2026-09-03,1W,Real Estate Investment Trusts,25,0.3842487014368747,1.7045439109658873,7
2026-09-03,1W,Homebuilding,26,0.3796976750504178,1.6999928845794303,3
2026-09-03,1W,Apparel/Footwear,27,0.3420396345453529,1.6623348440743655,18
2026-09-03,1W,Pharmaceuticals: Major,28,0.339195194405832,1.6594904039348446,84
2026-09-03,1W,Industrial Specialties,29,0.3313669472137904,1.651662156742803,29
2026-09-03,1W,Metal Fabrication,30,0.3175758591688949,1.6378710686979074,26
2026-09-03,1W,Food: Major Diversified,31,0.2294234465692106,1.5497186560982232,5
2026-09-03,1W,Multi-Line Insurance,32,0.2021354080380005,1.522430617567013,5
2026-09-03,1W,Internet Retail,33,0.1749679451721645,1.4952631547011772,4
2026-09-03,1W,Other Transportation,34,0.1361627299108773,1.4564579394398898,4
2026-09-03,1W,Internet Software/Services,35,0.0784373885965447,1.3987325981255574,13
2026-09-03,1W,Packaged Software,36,-0.0016638331228773,1.3186313764061353,36
2026-09-03,1W,Movies/Entertainment,37,-0.1743722230658307,1.145922986463182,8
2026-09-03,1W,Real Estate Development,38,-0.281817485850035,1.0384777236789775,34
2026-09-03,1W,Trucking,39,-0.3989149329800691,0.9213802765489436,3
2026-09-03,1W,Chemicals: Specialty,40,-0.4030581848787695,0.917237024650243,53
2026-09-03,1W,Miscellaneous Commercial Services,41,-0.4941026535666223,0.8261925559623903,33
2026-09-03,1W,Electrical Products,42,-0.7718808968663996,0.548414312662613,53
2026-09-03,1W,Major Banks,43,-0.78304550373579,0.5372497057932226,22
2026-09-03,1W,Railroads,44,-0.8004090433459077,0.5198861661831049,2
2026-09-03,1W,Gas Distributors,45,-0.811986162044281,0.5083090474847316,6
2026-09-03,1W,Personnel Services,46,-0.8131954111786258,0.5070997983503868,2
2026-09-03,1W,Chemicals: Major Diversified,47,-0.8690778612324375,0.4512173482965751,12
2026-09-03,1W,Major Telecommunications,48,-1.0800118044328195,0.2402834050961928,5
2026-09-03,1W,Agricultural Commodities/Milling,49,-1.2419485067930474,0.0783467027359652,26
2026-09-03,1W,Home Furnishings,50,-1.2443983852495883,0.0758968242794242,7
2026-09-03,1W,Steel,51,-1.2799917783592871,0.0403034311697254,49
2026-09-03,1W,Hotels/Resorts/Cruise lines,52,-1.2985006052040322,0.0217946043249803,14
2026-09-03,1W,Semiconductors,53,-1.3384193694944124,-0.0181241599653998,10
2026-09-03,1W,Alternative Power Generation,54,-1.3680428931352964,-0.0477476836062837,10
2026-09-03,1W,Coal,55,-1.39026503709745,-0.0699698275684372,4
2026-09-03,1W,Regional Banks,56,-1.4128749606309312,-0.0925797511019186,20
2026-09-03,1W,Investment Trusts/Mutual Funds,57,-1.4379984605484346,-0.117703251019422,4
2026-09-03,1W,Specialty Insurance,58,-1.4691347187525927,-0.1488395092235801,2
2026-09-03,1W,Engineering & Construction,59,-1.4955881206711985,-0.1752929111421859,56
2026-09-03,1W,Electronics/Appliance Stores,60,-1.5395372621867909,-0.2192420526577783,2
2026-09-03,1W,Oil & Gas Production,61,-1.5409878595764002,-0.2206926500473875,3
2026-09-03,1W,Auto Parts: OEM,62,-1.6526543178253696,-0.332359108296357,51
2026-09-03,1W,Life/Health Insurance,63,-1.7927568688974418,-0.4724616593684292,8
2026-09-03,1W,Hospital/Nursing Management,64,-1.7945514506831577,-0.4742562411541451,18
2026-09-03,1W,Electronic Equipment/Instruments,65,-1.973219174379278,-0.6529239648502654,9
2026-09-03,1W,Miscellaneous Manufacturing,66,-1.9796580923087064,-0.6593628827796938,13
2026-09-03,1W,Food: Specialty/Candy,67,-1.9847124236375493,-0.6644172141085372,19
2026-09-03,1W,Marine Shipping,68,-2.0735555349295667,-0.7532603254005541,3
2026-09-03,1W,Investment Banks/Brokers,69,-2.1083408449533527,-0.7880456354243401,20
2026-09-03,1W,Electric Utilities,70,-2.1341213597800075,-0.8138261502509949,23
2026-09-03,1W,Industrial Conglomerates,71,-2.2179568817104625,-0.8976616721814499,4
2026-09-03,1W,Apparel/Footwear Retail,72,-2.231165175957685,-0.9108699664286726,12
2026-09-03,1W,Automotive Aftermarket,73,-2.2415414926897186,-0.921246283160706,8
2026-09-03,1W,Other Consumer Specialties,74,-2.2915972729601783,-0.9713020634311658,19
2026-09-03,1W,Construction Materials,75,-2.401711637053308,-1.081416427524295,22
2026-09-03,1W,Trucks/Construction/Farm Machinery,76,-2.5680172592911865,-1.247722049762174,20
2026-09-03,1W,Finance/Rental/Leasing,77,-2.586478608273181,-1.2661833987441686,52
2026-09-03,1W,Beverages: Alcoholic,78,-2.6162646011267814,-1.2959693915977688,9
2026-09-03,1W,Investment Managers,79,-2.725897348221653,-1.405602138692641,14
2026-09-03,1W,Household/Personal Care,80,-2.731105258780526,-1.4108100492515132,12
2026-09-03,1W,Tobacco,81,-2.9306308823663385,-1.610335672837326,3
2026-09-03,1W,Financial Conglomerates,82,-3.129450472571972,-1.80915526304296,7
2026-09-03,1W,Forest Products,83,-3.294791583774892,-1.97449637424588,4
2026-09-03,1W,Aluminum,84,-3.310330185290236,-1.990034975761223,4
2026-09-03,1W,Wholesale Distributors,85,-3.314992069750791,-1.9946968602217785,15
2026-09-03,1W,Electronic Production Equipment,86,-3.3459665858938865,-2.025671376364874,9
2026-09-03,1W,Aerospace & Defense,87,-3.4323184823566586,-2.112023272827646,9
2026-09-03,1W,Chemicals: Agricultural,88,-3.4342964736937462,-2.1140012641647337,25
2026-09-03,1W,Motor Vehicles,89,-3.6314351824750606,-2.311139972946048,16
2026-09-03,1W,Wireless Telecommunications,90,-3.704440620578608,-2.384145411049595,3
2026-09-03,1W,Other Consumer Services,91,-3.708956551648402,-2.38866134211939,5
2026-09-03,1W,Data Processing Services,92,-4.400493291504004,-3.0801980819749915,3
2026-09-03,1W,Restaurants,93,-4.800537757532113,-3.4802425480031003,7
2026-09-03,1W,Other Metals/Minerals,94,-5.161883660576401,-3.841588451047389,16
2026-09-03,1W,Broadcasting,95,-7.272411813115694,-5.952116603586681,3
2026-09-04,1W,Oilfield Services/Equipment,1,12.510820156016589,13.445734517364404,3
2026-09-04,1W,Integrated Oil,2,8.856132918912168,9.791047280259985,5
2026-09-04,1W,Pulp & Paper,3,6.293518609119348,7.228432970467162,3
2026-09-04,1W,Multi-Line Insurance,4,5.888580011401534,6.823494372749348,5
2026-09-04,1W,Medical Specialties,5,4.918143272772714,5.853057634120528,6
2026-09-04,1W,Telecommunications Equipment,6,4.797726629420513,5.732640990768328,5
2026-09-04,1W,Financial Publishing/Services,7,3.9312744629561776,4.866188824303992,2
2026-09-04,1W,Textiles,8,3.04043355459278,3.975347915940594,25
2026-09-04,1W,Food: Meat/Fish/Dairy,9,2.6917636419463764,3.626678003294191,6
2026-09-04,1W,Electronics Distributors,10,1.9172313781853425,2.8521457395331566,4
2026-09-04,1W,Internet Retail,11,1.9005005062408609,2.8354148675886752,4
2026-09-04,1W,Electronic Components,12,1.8254301677056577,2.760344529053472,4
2026-09-04,1W,Office Equipment/Supplies,13,1.731918656361216,2.6668330177090303,5
2026-09-04,1W,Apparel/Footwear,14,1.342299813576608,2.2772141749244224,17
2026-09-04,1W,Specialty Stores,15,1.3211797678315458,2.25609412917936,14
2026-09-04,1W,Railroads,16,1.1723608746191867,2.107275235967001,2
2026-09-04,1W,Other Consumer Specialties,17,0.9930113661144142,1.9279257274622288,20
2026-09-04,1W,Oil Refining/Marketing,18,0.9828011127972168,1.9177154741450315,9
2026-09-04,1W,Containers/Packaging,19,0.9270250685476028,1.861939429895417,11
2026-09-04,1W,Pharmaceuticals: Other,20,0.9050037225995088,1.839918083947323,6
2026-09-04,1W,Building Products,21,0.8619160761479847,1.796830437495799,12
2026-09-04,1W,Investment Banks/Brokers,22,0.858958956514884,1.7938733178626984,21
2026-09-04,1W,Other Transportation,23,0.6818615577509564,1.6167759190987707,4
2026-09-04,1W,Industrial Machinery,24,0.6508139105562122,1.5857282719040264,53
2026-09-04,1W,Information Technology Services,25,0.5842872270821243,1.5192015884299388,32
2026-09-04,1W,Major Banks,26,0.4688228696496721,1.4037372309974865,22
2026-09-04,1W,Medical/Nursing Services,27,0.4072706213476493,1.3421849826954635,9
2026-09-04,1W,Major Telecommunications,28,0.3459573461213743,1.2808717074691889,6
2026-09-04,1W,Miscellaneous Commercial Services,29,0.3088543460151423,1.2437687073629566,32
2026-09-04,1W,Steel,30,0.3026653369294094,1.2375796982772238,50
2026-09-04,1W,Airlines,31,0.2993918221699536,1.234306183517768,4
2026-09-04,1W,Movies/Entertainment,32,0.2488872342685902,1.1838015956164043,9
2026-09-04,1W,Packaged Software,33,0.2478325146051145,1.182746875952929,35
2026-09-04,1W,Gas Distributors,34,0.1419369487378828,1.0768513100856971,6
2026-09-04,1W,Chemicals: Specialty,35,0.0689456579130607,1.003860019260875,53
2026-09-04,1W,Real Estate Investment Trusts,36,0.0155226387615231,0.9504370001093376,7
2026-09-04,1W,Air Freight/Couriers,37,-0.0632177820234921,0.8716965793243222,11
2026-09-04,1W,Alternative Power Generation,38,-0.2741915428701169,0.6607228184776974,10
2026-09-04,1W,Electronics/Appliance Stores,39,-0.3449342982289101,0.5899800631189043,2
2026-09-04,1W,Apparel/Footwear Retail,40,-0.3532635290674362,0.5816508322803782,12
2026-09-04,1W,Industrial Specialties,41,-0.3877708502657265,0.5471435110820879,27
2026-09-04,1W,Electronics/Appliances,42,-0.4052983860152237,0.5296159753325906,8
2026-09-04,1W,Other Consumer Services,43,-0.4663005381003173,0.468613823247497,5
2026-09-04,1W,Engineering & Construction,44,-0.47660325749654,0.4583111038512744,55
2026-09-04,1W,Investment Trusts/Mutual Funds,45,-0.5142469205607907,0.4206674407870236,3
2026-09-04,1W,Internet Software/Services,46,-0.5669428014258487,0.3679715599219656,13
2026-09-04,1W,Biotechnology,47,-0.5778411312903932,0.3570732300574212,4
2026-09-04,1W,Metal Fabrication,48,-0.6105466206519965,0.3243677406958178,26
2026-09-04,1W,Personnel Services,49,-0.6881419234360446,0.2467724379117697,2
2026-09-04,1W,Real Estate Development,50,-0.7059713292255357,0.2289430321222786,36
2026-09-04,1W,Semiconductors,51,-0.7242364770716762,0.2106778842761382,10
2026-09-04,1W,Regional Banks,52,-0.7663694850516619,0.1685448762961524,19
2026-09-04,1W,Coal,53,-0.8449439199269564,0.0899704414208579,4
2026-09-04,1W,Finance/Rental/Leasing,54,-0.8544516238666593,0.080462737481155,55
2026-09-04,1W,Hotels/Resorts/Cruise lines,55,-0.8977314211489743,0.03718294019884,13
2026-09-04,1W,Oil & Gas Production,56,-0.9253352064144228,0.0095791549333916,3
2026-09-04,1W,Homebuilding,57,-0.9588708077522496,-0.0239564464044352,4
2026-09-04,1W,Construction Materials,58,-0.9736430655897608,-0.0387287042419464,22
2026-09-04,1W,Pharmaceuticals: Major,59,-0.9815761286416164,-0.046661767293802,85
2026-09-04,1W,Agricultural Commodities/Milling,60,-0.98958545532325,-0.0546710939754355,27
2026-09-04,1W,Marine Shipping,61,-1.0123924390572472,-0.0774780777094328,3
2026-09-04,1W,Home Furnishings,62,-1.2510697529179136,-0.3161553915700992,7
2026-09-04,1W,Life/Health Insurance,63,-1.3736190902049588,-0.4387047288571444,8
2026-09-04,1W,Trucks/Construction/Farm Machinery,64,-1.7238168109436305,-0.7889024495958159,20
2026-09-04,1W,Financial Conglomerates,65,-1.7590642487395785,-0.8241498873917641,8
2026-09-04,1W,Specialty Insurance,66,-1.8303820932308328,-0.8954677318830182,2
2026-09-04,1W,Wireless Telecommunications,67,-1.9342504344911569,-0.9993360731433424,3
2026-09-04,1W,Electric Utilities,68,-1.9550774425459287,-1.020163081198115,24
2026-09-04,1W,Forest Products,69,-1.9868469569787528,-1.0519325956309384,3
2026-09-04,1W,Industrial Conglomerates,70,-1.9968026816971904,-1.061888320349376,4
2026-09-04,1W,Auto Parts: OEM,71,-2.065908828489996,-1.1309944671421817,51
2026-09-04,1W,Tobacco,72,-2.196140040983548,-1.2612256796357335,3
2026-09-04,1W,Food: Major Diversified,73,-2.248953220419618,-1.3140388590718035,5
2026-09-04,1W,Aerospace & Defense,74,-2.296921228783724,-1.3620068674359094,9
2026-09-04,1W,Chemicals: Major Diversified,75,-2.3084702186104127,-1.3735558572625983,12
2026-09-04,1W,Wholesale Distributors,76,-2.310066260589941,-1.3751518992421268,15
2026-09-04,1W,Trucking,77,-2.3275209914765025,-1.392606630128688,3
2026-09-04,1W,Other Metals/Minerals,78,-2.334435527637537,-1.3995211662897225,17
2026-09-04,1W,Household/Personal Care,79,-2.377840538279988,-1.4429261769321733,13
2026-09-04,1W,Electrical Products,80,-2.469872359148703,-1.5349579978008885,54
2026-09-04,1W,Food: Specialty/Candy,81,-2.525633395074392,-1.5907190337265775,18
2026-09-04,1W,Hospital/Nursing Management,82,-2.702437081177476,-1.7675227198296617,19
2026-09-04,1W,Chemicals: Agricultural,83,-2.712979119215692,-1.7780647578678774,24
2026-09-04,1W,Miscellaneous Manufacturing,84,-2.7780104292763887,-1.8430960679285744,14
2026-09-04,1W,Investment Managers,85,-2.8308866939758994,-1.895972332628085,14
2026-09-04,1W,Beverages: Alcoholic,86,-2.8317904566399967,-1.8968760952921824,9
2026-09-04,1W,Aluminum,87,-2.870499155839303,-1.9355847944914888,4
2026-09-04,1W,Data Processing Services,88,-3.3212837687621057,-2.386369407414292,3
2026-09-04,1W,Electronic Equipment/Instruments,89,-3.3378332355533487,-2.4029188742055343,9
2026-09-04,1W,Automotive Aftermarket,90,-3.4795404927613816,-2.544626131413567,7
2026-09-04,1W,Motor Vehicles,91,-3.512364795645028,-2.577450434297213,16
2026-09-04,1W,Electronic Production Equipment,92,-3.670088543640483,-2.7351741822926687,10
2026-09-04,1W,Restaurants,93,-4.232497374807494,-3.2975830134596795,7
2026-09-04,1W,Broadcasting,94,-5.194772748547744,-4.25985838719993,3
2026-09-07,1W,Integrated Oil,1,12.466393083597264,13.627960997759246,5
2026-09-07,1W,Oilfield Services/Equipment,2,12.332337411450506,13.493905325612488,3
2026-09-07,1W,Pulp & Paper,3,11.437817446181356,12.599385360343335,4
2026-09-07,1W,Consumer Sundries,4,11.081360701870548,12.242928616032527,2
2026-09-07,1W,Multi-Line Insurance,5,5.483276490637314,6.644844404799295,5
2026-09-07,1W,Other Consumer Specialties,6,4.157206310514463,5.318774224676443,20
2026-09-07,1W,Food: Meat/Fish/Dairy,7,3.5130085465483742,4.674576460710355,7
2026-09-07,1W,Textiles,8,3.2732285466860924,4.434796460848073,26
2026-09-07,1W,Internet Retail,9,2.835344928092269,3.9969128422542495,4
2026-09-07,1W,Office Equipment/Supplies,10,2.642899110738193,3.8044670249001737,6
2026-09-07,1W,Medical Specialties,11,2.6339562770760394,3.79552419123802,6
2026-09-07,1W,Telecommunications Equipment,12,1.863741353705288,3.0253092678672684,5
2026-09-07,1W,Financial Publishing/Services,13,1.7898419480516254,2.9514098622136062,2
2026-09-07,1W,Electronics/Appliances,14,1.6795246947377145,2.841092608899695,8
2026-09-07,1W,Electronics/Appliance Stores,15,1.6276854443878843,2.789253358549865,2
2026-09-07,1W,Industrial Machinery,16,1.3742910047753791,2.53585891893736,55
2026-09-07,1W,Oil & Gas Production,17,1.2597409509645991,2.42130886512658,3
2026-09-07,1W,Specialty Stores,18,1.0261835379182862,2.187751452080267,14
2026-09-07,1W,Other Transportation,19,0.8857659341834425,2.047333848345424,3
2026-09-07,1W,Investment Banks/Brokers,20,0.8297653231930024,1.991333237354983,21
2026-09-07,1W,Pharmaceuticals: Other,21,0.7809050133057028,1.9424729274676835,6
2026-09-07,1W,Industrial Specialties,22,0.656298974063958,1.8178668882259383,28
2026-09-07,1W,Oil Refining/Marketing,23,0.6177147407399234,1.779282654901904,9
2026-09-07,1W,Wireless Telecommunications,24,0.5787325782063785,1.740300492368359,3
2026-09-07,1W,Containers/Packaging,25,0.3211509613714068,1.482718875533387,12
2026-09-07,1W,Medical/Nursing Services,26,0.2816251282053338,1.4431930423673145,11
2026-09-07,1W,Miscellaneous Commercial Services,27,0.1837846284330366,1.3453525425950172,32
2026-09-07,1W,Electronic Production Equipment,28,0.1556113421571582,1.317179256319139,10
2026-09-07,1W,Chemicals: Specialty,29,0.1452417226979373,1.306809636859918,52
2026-09-07,1W,Electronics Distributors,30,0.0907707817239993,1.25233869588598,4
2026-09-07,1W,Other Consumer Services,31,0.0849339013454336,1.246501815507414,5
2026-09-07,1W,Real Estate Investment Trusts,32,0.0769483208630291,1.2385162350250098,8
2026-09-07,1W,Investment Trusts/Mutual Funds,33,0.0152026192129931,1.1767705333749738,4
2026-09-07,1W,Major Telecommunications,34,-0.0385124639503261,1.1230554502116543,6
2026-09-07,1W,Agricultural Commodities/Milling,35,-0.1097379059153071,1.0518300082466734,26
2026-09-07,1W,Gas Distributors,36,-0.1457881869933869,1.0157797271685938,6
2026-09-07,1W,Homebuilding,37,-0.1652050163415833,0.9963628978203972,4
2026-09-07,1W,Major Banks,38,-0.2562636887483661,0.9053042254136144,22
2026-09-07,1W,Movies/Entertainment,39,-0.2734103320510676,0.8881575821109129,9
2026-09-07,1W,Finance/Rental/Leasing,40,-0.3926114347305562,0.7689564794314243,55
2026-09-07,1W,Air Freight/Couriers,41,-0.4295282249148969,0.7320396892470837,11
2026-09-07,1W,Hotels/Resorts/Cruise lines,42,-0.4532488115097599,0.7083191026522206,14
2026-09-07,1W,Regional Banks,43,-0.4738082055739686,0.6877597085880119,20
2026-09-07,1W,Food: Major Diversified,44,-0.5004216903197454,0.6611462238422352,6
2026-09-07,1W,Pharmaceuticals: Major,45,-0.51358792149874,0.6479799926632406,85
2026-09-07,1W,Engineering & Construction,46,-0.5450803218451263,0.6164875923168542,57
2026-09-07,1W,Building Products,47,-0.7084866128980024,0.4530813012639781,12
2026-09-07,1W,Apparel/Footwear,48,-0.7390317530113493,0.4225361611506313,17
2026-09-07,1W,Alternative Power Generation,49,-0.7438072408756679,0.4177606732863127,10
2026-09-07,1W,Coal,50,-0.8105002562560548,0.3510676579059257,4
2026-09-07,1W,Aerospace & Defense,51,-0.831511992757292,0.3300559214046885,9
2026-09-07,1W,Internet Software/Services,52,-0.9894848835117224,0.1720830306502581,12
2026-09-07,1W,Aluminum,53,-1.0861885574012455,0.075379356760735,4
2026-09-07,1W,Steel,54,-1.105975154969712,0.0555927591922686,50
2026-09-07,1W,Railroads,55,-1.1553987520381466,0.006169162123834,2
2026-09-07,1W,Hospital/Nursing Management,56,-1.1683302511094118,-0.0067623369474312,18
2026-09-07,1W,Auto Parts: OEM,57,-1.212984428708063,-0.0514165145460823,51
2026-09-07,1W,Biotechnology,58,-1.2993210834891842,-0.1377531693272036,4
2026-09-07,1W,Apparel/Footwear Retail,59,-1.3391839276555475,-0.1776160134935669,12
2026-09-07,1W,Metal Fabrication,60,-1.470694381799603,-0.3091264676376224,26
2026-09-07,1W,Real Estate Development,61,-1.5612228273692923,-0.3996549132073117,35
2026-09-07,1W,Home Furnishings,62,-1.6128737736439407,-0.4513058594819601,6
2026-09-07,1W,Trucks/Construction/Farm Machinery,63,-1.6651107732107393,-0.5035428590487587,20
2026-09-07,1W,Publishing: Newspapers,64,-1.6753638362293954,-0.5137959220674149,2
2026-09-07,1W,Construction Materials,65,-1.7333520179107411,-0.5717841037487605,21
2026-09-07,1W,Semiconductors,66,-1.812893470599504,-0.6513255564375229,10
2026-09-07,1W,Miscellaneous Manufacturing,67,-1.8640636422033272,-0.7024957280413466,14
2026-09-07,1W,Airlines,68,-1.8821254244982064,-0.7205575103362256,4
2026-09-07,1W,Electric Utilities,69,-1.969386517388848,-0.8078186032268673,23
2026-09-07,1W,Industrial Conglomerates,70,-1.9893724205960133,-0.8278045064340331,4
2026-09-07,1W,Tobacco,71,-2.002685858107016,-0.8411179439450356,3
2026-09-07,1W,Marine Shipping,72,-2.1998373435985474,-1.0382694294365669,3
2026-09-07,1W,Life/Health Insurance,73,-2.285373746957928,-1.1238058327959473,8
2026-09-07,1W,Restaurants,74,-2.294799031161691,-1.1332311169997102,7
2026-09-07,1W,Packaged Software,75,-2.360981982895708,-1.1994140687337271,35
2026-09-07,1W,Investment Managers,76,-2.374732683361202,-1.2131647691992216,14
2026-09-07,1W,Electronic Equipment/Instruments,77,-2.418367924687347,-1.2568000105253665,9
2026-09-07,1W,Trucking,78,-2.423083077694263,-1.2615151635322823,3
2026-09-07,1W,Food: Specialty/Candy,79,-2.606057686413166,-1.4444897722511856,20
2026-09-07,1W,Electrical Products,80,-2.618359443470752,-1.456791529308771,55
2026-09-07,1W,Household/Personal Care,81,-2.6343213625576896,-1.472753448395709,13
2026-09-07,1W,Forest Products,82,-2.7058121640523574,-1.5442442498903768,5
2026-09-07,1W,Other Metals/Minerals,83,-2.7525005476094733,-1.5909326334474927,17
2026-09-07,1W,Wholesale Distributors,84,-2.798562635881246,-1.6369947217192653,16
2026-09-07,1W,Financial Conglomerates,85,-2.830064285253445,-1.6684963710914644,6
2026-09-07,1W,Automotive Aftermarket,86,-2.8830594493366792,-1.7214915351746989,7
2026-09-07,1W,Chemicals: Agricultural,87,-2.9445145405503035,-1.782946626388323,27
2026-09-07,1W,Specialty Insurance,88,-2.9516749631606736,-1.790107048998693,2
2026-09-07,1W,Information Technology Services,89,-3.189788671423029,-2.028220757261048,33
2026-09-07,1W,Beverages: Alcoholic,90,-3.3003093032765984,-2.138741389114618,9
2026-09-07,1W,Motor Vehicles,91,-3.322798257247051,-2.1612303430850703,16
2026-09-07,1W,Chemicals: Major Diversified,92,-3.563686500826957,-2.4021185866649764,13
2026-09-07,1W,Personnel Services,93,-4.434027809539496,-3.272459895377516,2
2026-09-07,1W,Data Processing Services,94,-6.303260284843203,-5.141692370681223,3
2026-09-07,1W,Broadcasting,95,-8.154501094164525,-6.992933180002544,3
2026-09-07,1W,Electronic Components,96,-12.97237606819945,-11.81080815403747,4
2026-09-08,1W,Integrated Oil,1,16.283214692034147,17.1335276322976,5
2026-09-08,1W,Oilfield Services/Equipment,2,12.318267760402708,13.168580700666162,3
2026-09-08,1W,Pulp & Paper,3,10.807785135317385,11.658098075580837,4
2026-09-08,1W,Consumer Sundries,4,6.537598769687657,7.387911709951111,2
2026-09-08,1W,Oil & Gas Production,5,6.526063295782846,7.3763762360463,3
2026-09-08,1W,Other Consumer Specialties,6,4.318787819238959,5.169100759502413,19
2026-09-08,1W,Food: Meat/Fish/Dairy,7,3.987423858375439,4.837736798638893,7
2026-09-08,1W,Telecommunications Equipment,8,3.648609097496229,4.498922037759683,6
2026-09-08,1W,Textiles,9,3.553824931985202,4.404137872248656,29
2026-09-08,1W,Medical Specialties,10,3.218777722576481,4.069090662839935,6
2026-09-08,1W,Other Transportation,11,3.2128471093262894,4.063160049589744,4
2026-09-08,1W,Electronic Production Equipment,12,2.9129894073252114,3.763302347588665,10
2026-09-08,1W,Specialty Stores,13,2.507799177958438,3.358112118221892,15
2026-09-08,1W,Movies/Entertainment,14,2.35047340116154,3.200786341424994,9
2026-09-08,1W,Alternative Power Generation,15,2.226713477506989,3.0770264177704427,10
2026-09-08,1W,Electronics/Appliance Stores,16,1.910644920932582,2.760957861196036,2
2026-09-08,1W,Industrial Machinery,17,1.849812982985956,2.70012592324941,54
2026-09-08,1W,Aerospace & Defense,18,1.8431289005961444,2.6934418408595984,9
2026-09-08,1W,Electronics/Appliances,19,1.4817641206322267,2.332077060895681,9
2026-09-08,1W,Electric Utilities,20,1.3515194358237614,2.201832376087216,24
2026-09-08,1W,Wireless Telecommunications,21,1.3464914800432133,2.1968044203066674,3
2026-09-08,1W,Multi-Line Insurance,22,1.284845321386901,2.135158261650356,5
2026-09-08,1W,Wholesale Distributors,23,1.0385330663457086,1.8888460066091624,16
2026-09-08,1W,Real Estate Investment Trusts,24,0.9188883038272272,1.7692012440906812,8
2026-09-08,1W,Chemicals: Specialty,25,0.9065627412588254,1.7568756815222797,54
2026-09-08,1W,Internet Retail,26,0.8603965951051394,1.7107095353685935,4
2026-09-08,1W,Air Freight/Couriers,27,0.8130125548225914,1.6633254950860454,11
2026-09-08,1W,Containers/Packaging,28,0.8042594488570443,1.6545723891204984,12
2026-09-08,1W,Investment Banks/Brokers,29,0.7109368605403715,1.5612498008038256,20
2026-09-08,1W,Miscellaneous Commercial Services,30,0.5284534905242428,1.3787664307876968,33
2026-09-08,1W,Industrial Specialties,31,0.4946113321208785,1.3449242723843329,28
2026-09-08,1W,Investment Trusts/Mutual Funds,32,0.4800523779491329,1.330365318212587,4
2026-09-08,1W,Pharmaceuticals: Other,33,0.3574881382123487,1.2078010784758026,6
2026-09-08,1W,Pharmaceuticals: Major,34,0.2024282396906663,1.0527411799541204,85
2026-09-08,1W,Office Equipment/Supplies,35,0.1262494602794164,0.9765624005428704,4
2026-09-08,1W,Gas Distributors,36,0.0601314912250292,0.9104444314884832,6
2026-09-08,1W,Major Telecommunications,37,-0.0608246921235842,0.7894882481398698,6
2026-09-08,1W,Aluminum,38,-0.1836406797179057,0.6666722605455483,4
2026-09-08,1W,Building Products,39,-0.1995383964826641,0.6507745437807899,11
2026-09-08,1W,Agricultural Commodities/Milling,40,-0.2294044416538108,0.6209084986096431,27
2026-09-08,1W,Other Consumer Services,41,-0.2386302208228043,0.6116827194406497,5
2026-09-08,1W,Biotechnology,42,-0.2641501773782277,0.5861627628852263,4
2026-09-08,1W,Homebuilding,43,-0.296636686560087,0.553676253703367,4
2026-09-08,1W,Oil Refining/Marketing,44,-0.3026144163575144,0.5476985239059396,9
2026-09-08,1W,Trucks/Construction/Farm Machinery,45,-0.3783368313172844,0.4719761089461696,20
2026-09-08,1W,Real Estate Development,46,-0.4087944161194561,0.4415185241439979,35
2026-09-08,1W,Medical/Nursing Services,47,-0.4452159330533031,0.4050970072101509,11
2026-09-08,1W,Industrial Conglomerates,48,-0.5654830334744276,0.2848299067890264,3
2026-09-08,1W,Airlines,49,-0.6402115626935823,0.2101013775698718,4
2026-09-08,1W,Engineering & Construction,50,-0.6473685842230047,0.2029443560404493,56
2026-09-08,1W,Semiconductors,51,-0.691787786902271,0.158525153361183,10
2026-09-08,1W,Coal,52,-0.7013490002325761,0.1489639400308779,4
2026-09-08,1W,Forest Products,53,-0.7129834704047185,0.1373294698587355,3
2026-09-08,1W,Major Banks,54,-0.7180044455801164,0.1323084946833376,22
2026-09-08,1W,Marine Shipping,55,-0.7725545427292664,0.0777583975341876,3
2026-09-08,1W,Finance/Rental/Leasing,56,-0.7933563115850353,0.0569566286784187,53
2026-09-08,1W,Steel,57,-0.82634390009045,0.023969040173004,46
2026-09-08,1W,Other Metals/Minerals,58,-0.837661864171873,0.012651076091581,17
2026-09-08,1W,Hotels/Resorts/Cruise lines,59,-0.8733337688610134,-0.0230208285975593,15
2026-09-08,1W,Home Furnishings,60,-0.8887004900445944,-0.0383875497811403,7
2026-09-08,1W,Tobacco,61,-0.9093582899002032,-0.0590453496367492,3
2026-09-08,1W,Internet Software/Services,62,-1.029047736080782,-0.1787347958173278,12
2026-09-08,1W,Food: Specialty/Candy,63,-1.1217935587736676,-0.2714806185102135,19
2026-09-08,1W,Hospital/Nursing Management,64,-1.221777335378505,-0.371464395115051,18
2026-09-08,1W,Household/Personal Care,65,-1.2606395281423477,-0.4103265878788936,13
2026-09-08,1W,Metal Fabrication,66,-1.3394512538265788,-0.4891383135631247,26
2026-09-08,1W,Electronic Equipment/Instruments,67,-1.4277879514180698,-0.5774750111546157,8
2026-09-08,1W,Electrical Products,68,-1.4323124924253643,-0.5819995521619102,55
2026-09-08,1W,Food: Major Diversified,69,-1.4849187203988727,-0.6346057801354187,5
2026-09-08,1W,Auto Parts: OEM,70,-1.5092086701443723,-0.6588957298809185,51
2026-09-08,1W,Apparel/Footwear Retail,71,-1.5835002132675091,-0.7331872730040551,13
2026-09-08,1W,Financial Publishing/Services,72,-1.7982401344744017,-0.9479271942109476,2
2026-09-08,1W,Restaurants,73,-1.815092764172257,-0.9647798239088028,7
2026-09-08,1W,Construction Materials,74,-1.8892252787978208,-1.038912338534367,22
2026-09-08,1W,Trucking,75,-2.000334123813244,-1.150021183549789,3
2026-09-08,1W,Regional Banks,76,-2.0096343991075982,-1.1593214588441445,19
2026-09-08,1W,Miscellaneous,77,-2.1012179602958536,-1.2509050200323997,2
2026-09-08,1W,Chemicals: Agricultural,78,-2.1623600349935934,-1.3120470947301397,25
2026-09-08,1W,Railroads,79,-2.166560792031916,-1.3162478517684617,2
2026-09-08,1W,Apparel/Footwear,80,-2.2850302733761825,-1.4347173331127283,17
2026-09-08,1W,Chemicals: Major Diversified,81,-2.398423719819622,-1.548110779556168,12
2026-09-08,1W,Electronics Distributors,82,-2.451253661374907,-1.6009407211114532,4
2026-09-08,1W,Investment Managers,83,-2.4794997130884378,-1.6291867728249838,14
2026-09-08,1W,Packaged Software,84,-2.769926579877226,-1.919613639613772,35
2026-09-08,1W,Beverages: Alcoholic,85,-2.7815046139262884,-1.9311916736628345,9
2026-09-08,1W,Information Technology Services,86,-2.7961579742662885,-1.9458450340028344,32
2026-09-08,1W,Life/Health Insurance,87,-2.849504499004549,-1.9991915587410949,8
2026-09-08,1W,Miscellaneous Manufacturing,88,-3.0563047535905663,-2.2059918133271124,12
2026-09-08,1W,Financial Conglomerates,89,-3.736217828699049,-2.885904888435595,7
2026-09-08,1W,Specialty Insurance,90,-3.753200489315266,-2.902887549051812,2
2026-09-08,1W,Broadcasting,91,-3.939572395689416,-3.0892594554259616,3
2026-09-08,1W,Automotive Aftermarket,92,-4.11144600869019,-3.261133068426736,7
2026-09-08,1W,Motor Vehicles,93,-4.248302063548914,-3.3979891232854604,16
2026-09-08,1W,Data Processing Services,94,-5.174771880019099,-4.324458939755645,3
2026-09-08,1W,Personnel Services,95,-6.550097525921363,-5.699784585657909,2
2026-09-08,1W,Electronic Components,96,-10.730072594800934,-9.87975965453748,4
2026-09-09,1W,Integrated Oil,1,16.616696721227157,16.775720570712643,5
2026-09-09,1W,Oilfield Services/Equipment,2,13.00145497868439,13.160478828169872,3
2026-09-09,1W,Consumer Sundries,3,8.787503616161834,8.946527465647318,2
2026-09-09,1W,Medical Specialties,4,7.811897862498847,7.9709217119843325,6
2026-09-09,1W,Wholesale Distributors,5,6.350723663401939,6.509747512887424,17
2026-09-09,1W,Other Transportation,6,6.143895624333736,6.302919473819221,4
2026-09-09,1W,Forest Products,7,5.963410155162681,6.122434004648166,3
2026-09-09,1W,Other Consumer Specialties,8,5.5319796113988255,5.691003460884311,20
2026-09-09,1W,Pulp & Paper,9,5.511384901403995,5.67040875088948,4
2026-09-09,1W,Specialty Stores,10,5.054822653973154,5.213846503458639,14
2026-09-09,1W,Electronic Components,11,5.021163837073947,5.180187686559432,4
2026-09-09,1W,Airlines,12,4.632328672054582,4.791352521540067,4
2026-09-09,1W,Electronics/Appliance Stores,13,4.627619670491381,4.786643519976866,2
2026-09-09,1W,Oil & Gas Production,14,4.086009538397749,4.245033387883234,3
2026-09-09,1W,Electric Utilities,15,3.902785172180772,4.061809021666257,24
2026-09-09,1W,Electronic Production Equipment,16,3.5010705907534,3.660094440238885,10
2026-09-09,1W,Textiles,17,3.477595175342,3.636619024827485,25
2026-09-09,1W,Telecommunications Equipment,18,3.469547673563523,3.628571523049008,6
2026-09-09,1W,Food: Meat/Fish/Dairy,19,3.4205234664532247,3.579547315938709,7
2026-09-09,1W,Air Freight/Couriers,20,2.843613531679814,3.0026373811652984,11
2026-09-09,1W,Other Metals/Minerals,21,2.2262282574364907,2.385252106921975,17
2026-09-09,1W,Wireless Telecommunications,22,2.2027592482282623,2.361783097713747,3
2026-09-09,1W,Alternative Power Generation,23,2.201751726067972,2.3607755755534567,10
2026-09-09,1W,Internet Retail,24,2.158687351565121,2.317711201050606,4
2026-09-09,1W,Aluminum,25,2.0917349581964984,2.250758807681983,4
2026-09-09,1W,Multi-Line Insurance,26,2.069796372372143,2.228820221857628,5
2026-09-09,1W,Industrial Specialties,27,1.8902813335641744,2.049305183049659,29
2026-09-09,1W,Movies/Entertainment,28,1.7678831226081648,1.9269069720936487,8
2026-09-09,1W,Investment Banks/Brokers,29,1.682554161810594,1.8415780112960785,20
2026-09-09,1W,Aerospace & Defense,30,1.5594598294915332,1.7184836789770177,9
2026-09-09,1W,Hospital/Nursing Management,31,1.3092072753394504,1.4682311248249351,19
2026-09-09,1W,Homebuilding,32,1.245717977261431,1.4047418267469158,4
2026-09-09,1W,Steel,33,1.1819333163406367,1.3409571658261212,49
2026-09-09,1W,Investment Trusts/Mutual Funds,34,1.108550691681081,1.2675745411665655,4
2026-09-09,1W,Chemicals: Specialty,35,1.0350866254298354,1.1941104749153202,54
2026-09-09,1W,Containers/Packaging,36,0.9897212087748168,1.1487450582603014,11
2026-09-09,1W,Industrial Machinery,37,0.9531199783389424,1.112143827824427,54
2026-09-09,1W,Medical/Nursing Services,38,0.905812437415872,1.0648362869013566,10
2026-09-09,1W,Apparel/Footwear Retail,39,0.8991921998233636,1.0582160493088484,13
2026-09-09,1W,Real Estate Investment Trusts,40,0.8905088973134706,1.0495327467989553,8
2026-09-09,1W,Electrical Products,41,0.8821833062163528,1.0412071557018374,55
2026-09-09,1W,Major Telecommunications,42,0.8038411752700936,0.9628650247555782,6
2026-09-09,1W,Semiconductors,43,0.7352309039554032,0.8942547534408879,10
2026-09-09,1W,Trucks/Construction/Farm Machinery,44,0.7201674251390178,0.8791912746245024,20
2026-09-09,1W,Coal,45,0.6604029714434615,0.8194268209289461,4
2026-09-09,1W,Miscellaneous Commercial Services,46,0.6435730795014256,0.8025969289869103,32
2026-09-09,1W,Finance/Rental/Leasing,47,0.601250005588729,0.7602738550742136,55
2026-09-09,1W,Pharmaceuticals: Major,48,0.5374106510762847,0.6964345005617694,84
2026-09-09,1W,Electronic Equipment/Instruments,49,0.4994763672995157,0.6585002167850004,8
2026-09-09,1W,Restaurants,50,0.4521758088637752,0.6111996583492598,7
2026-09-09,1W,Marine Shipping,51,0.4465451564887395,0.6055690059742241,3
2026-09-09,1W,Auto Parts: OEM,52,0.3625051530642467,0.5215290025497314,51
2026-09-09,1W,Engineering & Construction,53,0.338828513069296,0.4978523625547807,55
2026-09-09,1W,Gas Distributors,54,0.222725055395106,0.3817489048805906,6
2026-09-09,1W,Building Products,55,0.1071411364303843,0.266164985915869,12
2026-09-09,1W,Railroads,56,0.0514981273408237,0.2105219768263083,2
2026-09-09,1W,Pharmaceuticals: Other,57,-0.0167118733044594,0.1423119761810252,6
2026-09-09,1W,Electronics/Appliances,58,-0.0814527914896504,0.0775710579958341,8
2026-09-09,1W,Food: Specialty/Candy,59,-0.2599810436839696,-0.1009571941984849,19
2026-09-09,1W,Food: Major Diversified,60,-0.2611698603171009,-0.1021460108316162,5
2026-09-09,1W,Biotechnology,61,-0.2905128282836381,-0.1314889787981535,4
2026-09-09,1W,Agricultural Commodities/Milling,62,-0.4253046588394801,-0.2662808093539955,28
2026-09-09,1W,Oil Refining/Marketing,63,-0.6505255008839864,-0.4915016513985017,10
2026-09-09,1W,Other Consumer Services,64,-0.7141559089662552,-0.5551320594807706,5
2026-09-09,1W,Home Furnishings,65,-0.8505015464961185,-0.6914776970106339,7
2026-09-09,1W,Internet Software/Services,66,-0.8673002426123765,-0.7082763931268918,12
2026-09-09,1W,Financial Publishing/Services,67,-0.945639875961051,-0.7866160264755664,2
2026-09-09,1W,Major Banks,68,-0.9860461231240027,-0.8270222736385181,21
2026-09-09,1W,Real Estate Development,69,-1.060308466319044,-0.9012846168335592,35
2026-09-09,1W,Hotels/Resorts/Cruise lines,70,-1.2954139798924125,-1.136390130406928,14
2026-09-09,1W,Regional Banks,71,-1.3207729384893672,-1.1617490890038824,19
2026-09-09,1W,Industrial Conglomerates,72,-1.3322230933648278,-1.1731992438793433,3
2026-09-09,1W,Metal Fabrication,73,-1.338996598574684,-1.1799727490891994,26
2026-09-09,1W,Miscellaneous Manufacturing,74,-1.378295956153171,-1.2192721066676864,14
2026-09-09,1W,Construction Materials,75,-1.4354087580272137,-1.2763849085417287,21
2026-09-09,1W,Apparel/Footwear,76,-1.4907912459070254,-1.3317673964215406,18
2026-09-09,1W,Office Equipment/Supplies,77,-1.585697104730358,-1.426673255244873,5
2026-09-09,1W,Investment Managers,78,-1.7802723805250376,-1.6212485310395528,15
2026-09-09,1W,Electronics Distributors,79,-1.8484327249840409,-1.689408875498556,4
2026-09-09,1W,Household/Personal Care,80,-1.954311429560025,-1.7952875800745405,13
2026-09-09,1W,Trucking,81,-1.9814933015890983,-1.8224694521036136,3
2026-09-09,1W,Financial Conglomerates,82,-1.9991768120475293,-1.840152962562045,7
2026-09-09,1W,Tobacco,83,-2.034667213121158,-1.8756433636356733,3
2026-09-09,1W,Chemicals: Major Diversified,84,-2.0374843111345755,-1.878460461649091,12
2026-09-09,1W,Motor Vehicles,85,-2.044197756004881,-1.8851739065193964,16
2026-09-09,1W,Chemicals: Agricultural,86,-2.069825859176524,-1.91080200969104,25
2026-09-09,1W,Life/Health Insurance,87,-2.156655229004412,-1.997631379518927,8
2026-09-09,1W,Beverages: Alcoholic,88,-2.347280622627532,-2.188256773142048,9
2026-09-09,1W,Personnel Services,89,-2.629267460109317,-2.4702436106238324,2
2026-09-09,1W,Packaged Software,90,-2.737323210636185,-2.5782993611507004,36
2026-09-09,1W,Specialty Insurance,91,-2.922494759765046,-2.7634709102795614,2
2026-09-09,1W,Data Processing Services,92,-3.635732859046258,-3.4767090095607736,3
2026-09-09,1W,Automotive Aftermarket,93,-3.746170943998888,-3.587147094513404,8
2026-09-09,1W,Broadcasting,94,-4.525161069876319,-4.366137220390834,3
2026-09-09,1W,Information Technology Services,95,-5.487537556500687,-5.328513707015202,32
2026-09-10,1W,Medical Specialties,1,12.165634089952828,13.00242913440884,6
2026-09-10,1W,Consumer Sundries,2,10.319709866523434,11.156504910979445,2
2026-09-10,1W,Pulp & Paper,3,9.06612365313959,9.9029186975956,4
2026-09-10,1W,Integrated Oil,4,6.113439826843942,6.950234871299954,4
2026-09-10,1W,Oilfield Services/Equipment,5,5.779101061017085,6.615896105473097,3
2026-09-10,1W,Other Consumer Specialties,6,4.65391872633462,5.490713770790632,21
2026-09-10,1W,Electronic Components,7,4.580122125887753,5.416917170343765,4
2026-09-10,1W,Movies/Entertainment,8,4.0963927174722485,4.93318776192826,7
2026-09-10,1W,Electronics/Appliance Stores,9,3.899601672286256,4.736396716742267,2
2026-09-10,1W,Wholesale Distributors,10,3.720912218057619,4.55770726251363,17
2026-09-10,1W,Other Transportation,11,3.715738589572741,4.552533634028752,4
2026-09-10,1W,Forest Products,12,3.669579624440723,4.506374668896735,4
2026-09-10,1W,Specialty Stores,13,3.370542406762252,4.207337451218263,15
2026-09-10,1W,Industrial Machinery,14,2.720850459220556,3.557645503676566,56
2026-09-10,1W,Food: Meat/Fish/Dairy,15,2.6505615818150314,3.4873566262710427,7
2026-09-10,1W,Textiles,16,2.391215331205089,3.2280103756611003,26
2026-09-10,1W,Investment Trusts/Mutual Funds,17,2.1138909551271983,2.950685999583209,2
2026-09-10,1W,Airlines,18,1.8114972060983745,2.6482922505543858,4
2026-09-10,1W,Hospital/Nursing Management,19,1.6776868543601289,2.51448189881614,19
2026-09-10,1W,Investment Banks/Brokers,20,1.6421904429009784,2.4789854873569896,20
2026-09-10,1W,Oil & Gas Production,21,1.6418837724045845,2.478678816860596,3
2026-09-10,1W,Homebuilding,22,1.5463665277974508,2.3831615722534623,4
2026-09-10,1W,Telecommunications Equipment,23,1.2654013637774,2.102196408233412,6
2026-09-10,1W,Marine Shipping,24,1.1087601049092126,1.945555149365224,3
2026-09-10,1W,Industrial Specialties,25,1.066664629959608,1.90345967441562,28
2026-09-10,1W,Auto Parts: OEM,26,1.0220857075865586,1.85888075204257,52
2026-09-10,1W,Internet Retail,27,0.911601659490226,1.7483967039462374,4
2026-09-10,1W,Electronic Production Equipment,28,0.9097706434708422,1.7465656879268536,10
2026-09-10,1W,Major Telecommunications,29,0.7008658392790651,1.5376608837350765,6
2026-09-10,1W,Electric Utilities,30,0.6169131872785325,1.4537082317345438,24
2026-09-10,1W,Chemicals: Specialty,31,0.5502301709420419,1.3870252153980531,55
2026-09-10,1W,Alternative Power Generation,32,0.5285781575360229,1.3653732019920342,10
2026-09-10,1W,Air Freight/Couriers,33,0.5278354439774288,1.36463048843344,10
2026-09-10,1W,Electronics/Appliances,34,0.5155778253088223,1.3523728697648338,7
2026-09-10,1W,Engineering & Construction,35,0.5020791440807684,1.3388741885367796,59
2026-09-10,1W,Wireless Telecommunications,36,0.4999254658876428,1.336720510343654,3
2026-09-10,1W,Medical/Nursing Services,37,0.4815050110269016,1.318300055482913,12
2026-09-10,1W,Office Equipment/Supplies,38,0.4407311603350263,1.2775262047910378,4
2026-09-10,1W,Real Estate Investment Trusts,39,0.3508999492849933,1.1876949937410046,8
2026-09-10,1W,Electronic Equipment/Instruments,40,0.228194659465845,1.0649897039218563,8
2026-09-10,1W,Aerospace & Defense,41,0.1170192421168955,0.9538142865729068,9
2026-09-10,1W,Electrical Products,42,0.0654705038956847,0.902265548351696,55
2026-09-10,1W,Other Metals/Minerals,43,-0.0038555271105886,0.8329395173454227,17
2026-09-10,1W,Semiconductors,44,-0.0254895607375667,0.8113054837184446,10
2026-09-10,1W,Trucks/Construction/Farm Machinery,45,-0.2268768925006949,0.6099181519553164,19
2026-09-10,1W,Apparel/Footwear Retail,46,-0.2681838693024848,0.5686111751535265,13
2026-09-10,1W,Finance/Rental/Leasing,47,-0.2957505339910482,0.5410445104649632,54
2026-09-10,1W,Steel,48,-0.349048644788744,0.4877463996672674,49
2026-09-10,1W,Gas Distributors,49,-0.3788988072246254,0.4578962372313859,6
2026-09-10,1W,Pharmaceuticals: Major,50,-0.4110277197741077,0.4257673246819036,84
2026-09-10,1W,Pharmaceuticals: Other,51,-0.512722197926998,0.3240728465290133,6
2026-09-10,1W,Aluminum,52,-0.5839405692100921,0.2528544752459193,4
2026-09-10,1W,Containers/Packaging,53,-0.6609133320189011,0.1758817124371102,13
2026-09-10,1W,Food: Specialty/Candy,54,-0.6651111957360498,0.1716838487199615,19
2026-09-10,1W,Chemicals: Major Diversified,55,-0.6905363149932437,0.1462587294627676,11
2026-09-10,1W,Publishing: Newspapers,56,-0.7200521000894429,0.1167429443665685,2
2026-09-10,1W,Multi-Line Insurance,57,-0.7896229518095488,0.0471720926464626,5
2026-09-10,1W,Metal Fabrication,58,-0.8351124840043079,0.0016825604517034,26
2026-09-10,1W,Railroads,59,-0.8412165015071824,-0.004421457051171,2
2026-09-10,1W,Miscellaneous Commercial Services,60,-1.0978280353901446,-0.2610329909341332,32
2026-09-10,1W,Restaurants,61,-1.1252620312599433,-0.2884669868039319,7
2026-09-10,1W,Oil Refining/Marketing,62,-1.1315728934067653,-0.2947778489507539,9
2026-09-10,1W,Agricultural Commodities/Milling,63,-1.1534960239561445,-0.3167009795001329,27
2026-09-10,1W,Building Products,64,-1.1682161275807956,-0.3314210831247842,12
2026-09-10,1W,Food: Major Diversified,65,-1.17546299132725,-0.3386679468712387,3
2026-09-10,1W,Financial Conglomerates,66,-1.1910112023347517,-0.3542161578787403,8
2026-09-10,1W,Hotels/Resorts/Cruise lines,67,-1.2218062054898686,-0.3850111610338572,13
2026-09-10,1W,Industrial Conglomerates,68,-1.3835754498064297,-0.5467804053504183,3
2026-09-10,1W,Miscellaneous Manufacturing,69,-1.3985824410484464,-0.561787396592435,13
2026-09-10,1W,Construction Materials,70,-1.522038609937865,-0.685243565481854,21
2026-09-10,1W,Investment Managers,71,-1.5548955918594127,-0.7181005474034013,15
2026-09-10,1W,Internet Software/Services,72,-1.6178493647985035,-0.7810543203424923,12
2026-09-10,1W,Home Furnishings,73,-1.684525762228738,-0.8477307177727266,7
2026-09-10,1W,Major Banks,74,-1.6925211022566036,-0.8557260578005922,21
2026-09-10,1W,Apparel/Footwear,75,-1.716113142041496,-0.8793180975854847,17
2026-09-10,1W,Motor Vehicles,76,-1.7481975531312373,-0.911402508675226,16
2026-09-10,1W,Regional Banks,77,-1.7845075047130716,-0.9477124602570602,18
2026-09-10,1W,Household/Personal Care,78,-1.9420530539894267,-1.1052580095334157,12
2026-09-10,1W,Financial Publishing/Services,79,-1.9538712574738883,-1.117076213017877,2
2026-09-10,1W,Real Estate Development,80,-1.9952110480351584,-1.158416003579147,33
2026-09-10,1W,Life/Health Insurance,81,-2.167482477573293,-1.3306874331172822,8
2026-09-10,1W,Other Consumer Services,82,-2.201838395052352,-1.3650433505963409,5
2026-09-10,1W,Coal,83,-2.2706513588673056,-1.4338563144112944,4
2026-09-10,1W,Beverages: Alcoholic,84,-2.4867187962100985,-1.6499237517540872,9
2026-09-10,1W,Trucking,85,-2.5021054902591624,-1.6653104458031511,3
2026-09-10,1W,Chemicals: Agricultural,86,-2.5086204300725155,-1.6718253856165042,24
2026-09-10,1W,Tobacco,87,-2.5609076207573627,-1.7241125763013514,3
2026-09-10,1W,Electronics Distributors,88,-2.729940501213953,-1.893145456757941,4
2026-09-10,1W,Packaged Software,89,-2.9165333486382767,-2.079738304182265,36
2026-09-10,1W,Personnel Services,90,-3.148387429355346,-2.3115923848993347,2
2026-09-10,1W,Biotechnology,91,-3.469155551965968,-2.6323605075099565,4
2026-09-10,1W,Data Processing Services,92,-3.902834969733708,-3.0660399252776966,3
2026-09-10,1W,Automotive Aftermarket,93,-3.978028553844628,-3.1412335093886163,8
2026-09-10,1W,Specialty Insurance,94,-4.341011609003279,-3.504216564547268,2
2026-09-10,1W,Broadcasting,95,-5.303413796348577,-4.4666187518925655,3
2026-09-10,1W,Information Technology Services,96,-5.601464538991875,-4.764669494535863,32
2026-09-11,1W,Medical Specialties,1,10.203102576622497,11.530393465072308,6
2026-09-11,1W,Food: Meat/Fish/Dairy,2,6.735056459985274,8.062347348435086,7
2026-09-11,1W,Consumer Sundries,3,6.52392259481812,7.851213483267932,2
2026-09-11,1W,Pulp & Paper,4,5.3098888183799735,6.6371797068297855,4
2026-09-11,1W,Electronics/Appliance Stores,5,4.730743164158367,6.058034052608179,2
2026-09-11,1W,Integrated Oil,6,4.205019927675587,5.532310816125399,5
2026-09-11,1W,Other Consumer Specialties,7,4.1410009472623726,5.468291835712185,20
2026-09-11,1W,Airlines,8,4.00958934944902,5.336880237898832,4
2026-09-11,1W,Wholesale Distributors,9,3.631237117089543,4.958528005539355,17
2026-09-11,1W,Specialty Stores,10,3.0250093486126834,4.352300237062496,15
2026-09-11,1W,Forest Products,11,2.5889161717004696,3.9162070601502816,5
2026-09-11,1W,Investment Trusts/Mutual Funds,12,1.933138090283468,3.26042897873328,3
2026-09-11,1W,Oilfield Services/Equipment,13,1.8133643305688272,3.1406552190186394,3
2026-09-11,1W,Semiconductors,14,1.5875873352415426,2.914878223691354,10
2026-09-11,1W,Oil & Gas Production,15,1.5680330120901396,2.895323900539952,3
2026-09-11,1W,Electronic Production Equipment,16,1.487353025714172,2.814643914163984,9
2026-09-11,1W,Movies/Entertainment,17,1.2356279729112896,2.5629188613611014,9
2026-09-11,1W,Industrial Machinery,18,1.1358416730952547,2.4631325615450668,55
2026-09-11,1W,Electronic Components,19,1.0223364739274057,2.349627362377217,4
2026-09-11,1W,Other Transportation,20,1.019564975182051,2.346855863631863,4
2026-09-11,1W,Wireless Telecommunications,21,0.9599083713334065,2.2871992597832183,3
2026-09-11,1W,Internet Retail,22,0.7919860665520462,2.119276955001858,4
2026-09-11,1W,Major Telecommunications,23,0.7771101743102817,2.1044010627600938,6
2026-09-11,1W,Telecommunications Equipment,24,0.5681989476432565,1.8954898360930683,6
2026-09-11,1W,Auto Parts: OEM,25,0.5555485854191932,1.882839473869005,51
2026-09-11,1W,Textiles,26,0.5541829352008496,1.8814738236506616,26
2026-09-11,1W,Investment Banks/Brokers,27,0.2918220985158017,1.6191129869656138,21
2026-09-11,1W,Financial Conglomerates,28,0.1406860089808282,1.4679768974306402,6
2026-09-11,1W,Alternative Power Generation,29,0.1322687954144693,1.4595596838642817,10
2026-09-11,1W,Hospital/Nursing Management,30,-0.0047600429377649,1.322530845512047,20
2026-09-11,1W,Electrical Products,31,-0.0926801036551672,1.2346107847946448,55
2026-09-11,1W,Multi-Line Insurance,32,-0.1140040004742899,1.213286887975522,5
2026-09-11,1W,Pharmaceuticals: Other,33,-0.1790308103925817,1.1482600780572303,6
2026-09-11,1W,Electric Utilities,34,-0.2287363513309569,1.0985545371188552,23
2026-09-11,1W,Medical/Nursing Services,35,-0.3127480433457873,1.0145428451040246,10
2026-09-11,1W,Marine Shipping,36,-0.3334217547379442,0.9938691337118678,3
2026-09-11,1W,Pharmaceuticals: Major,37,-0.3508254638271373,0.9764654246226748,86
2026-09-11,1W,Electronic Equipment/Instruments,38,-0.4187476804262362,0.9085432080235758,8
2026-09-11,1W,Real Estate Investment Trusts,39,-0.4899302759407716,0.8373606125090404,8
2026-09-11,1W,Apparel/Footwear Retail,40,-0.4977682179706398,0.8295226704791723,13
2026-09-11,1W,Engineering & Construction,41,-0.5279945694164655,0.7992963190333465,58
2026-09-11,1W,Industrial Specialties,42,-0.7053946092787593,0.6218962791710527,27
2026-09-11,1W,Restaurants,43,-0.73664278909738,0.590648099352432,7
2026-09-11,1W,Finance/Rental/Leasing,44,-0.8665032243361277,0.4607876641136843,55
2026-09-11,1W,Aerospace & Defense,45,-0.9395507404953616,0.3877401479544505,9
2026-09-11,1W,Air Freight/Couriers,46,-0.9491966498263408,0.3780942386234712,11
2026-09-11,1W,Chemicals: Major Diversified,47,-1.0948070750950896,0.2324838133547224,11
2026-09-11,1W,Specialty Insurance,48,-1.1973024304364683,0.1299884580133437,2
2026-09-11,1W,Miscellaneous Commercial Services,49,-1.2464449658501793,0.0808459225996327,33
2026-09-11,1W,Electronics Distributors,50,-1.2622212278732363,0.0650696605765757,4
2026-09-11,1W,Metal Fabrication,51,-1.2870767009469817,0.0402141875028305,27
2026-09-11,1W,Major Banks,52,-1.32919327486275,-0.0019023864129379,22
2026-09-11,1W,Hotels/Resorts/Cruise lines,53,-1.4253362431303025,-0.0980453546804902,14
2026-09-11,1W,Internet Software/Services,54,-1.4278689607031414,-0.1005780722533293,13
2026-09-11,1W,Investment Managers,55,-1.4288593405619832,-0.1015684521121711,14
2026-09-11,1W,Food: Major Diversified,56,-1.4466563599105289,-0.1193654714607168,5
2026-09-11,1W,Electronics/Appliances,57,-1.5382945700062678,-0.2110036815564557,9
2026-09-11,1W,Other Consumer Services,58,-1.5976893497488809,-0.2703984612990686,5
2026-09-11,1W,Biotechnology,59,-1.7314605500341365,-0.4041696615843244,4
2026-09-11,1W,Chemicals: Specialty,60,-1.805231795297044,-0.4779409068472315,53
2026-09-11,1W,Household/Personal Care,61,-1.8856920693294288,-0.5584011808796172,12
2026-09-11,1W,Agricultural Commodities/Milling,62,-1.896466563680151,-0.569175675230339,26
2026-09-11,1W,Packaged Software,63,-1.8971624805283296,-0.5698715920785176,36
2026-09-11,1W,Gas Distributors,64,-1.932737265223306,-0.6054463767734939,6
2026-09-11,1W,Steel,65,-1.972374837019976,-0.645083948570164,50
2026-09-11,1W,Office Equipment/Supplies,66,-2.0092129214712497,-0.6819220330214377,5
2026-09-11,1W,Oil Refining/Marketing,67,-2.03219946749757,-0.7049085790477578,10
2026-09-11,1W,Railroads,68,-2.055889110465379,-0.7285982220155671,2
2026-09-11,1W,Motor Vehicles,69,-2.17661968469619,-0.849328796246378,16
2026-09-11,1W,Trucking,70,-2.201803339893865,-0.8745124514440525,3
2026-09-11,1W,Food: Specialty/Candy,71,-2.213489684473364,-0.8861987960235513,19
2026-09-11,1W,Coal,72,-2.240516874799058,-0.913225986349246,4
2026-09-11,1W,Containers/Packaging,73,-2.2862172728418044,-0.9589263843919924,12
2026-09-11,1W,Other Metals/Minerals,74,-2.55412414299064,-1.226833254540828,17
2026-09-11,1W,Home Furnishings,75,-2.6257796063623933,-1.2984887179125812,7
2026-09-11,1W,Apparel/Footwear,76,-2.702861968524125,-1.3755710800743128,18
2026-09-11,1W,Tobacco,77,-2.7118168879949978,-1.3845259995451855,3
2026-09-11,1W,Construction Materials,78,-2.714201867446643,-1.386910978996831,22
2026-09-11,1W,Regional Banks,79,-2.7313864786423867,-1.404095590192575,19
2026-09-11,1W,Building Products,80,-2.8320175165764896,-1.5047266281266776,12
2026-09-11,1W,Chemicals: Agricultural,81,-2.8378225545833504,-1.5105316661335384,27
2026-09-11,1W,Industrial Conglomerates,82,-2.8676047862000504,-1.5403138977502384,4
2026-09-11,1W,Life/Health Insurance,83,-2.894198979394888,-1.566908090945076,8
2026-09-11,1W,Trucks/Construction/Farm Machinery,84,-2.9584133104399832,-1.6311224219901712,20
2026-09-11,1W,Miscellaneous Manufacturing,85,-3.0538840543396044,-1.7265931658897924,14
2026-09-11,1W,Homebuilding,86,-3.1293718548474803,-1.802080966397668,4
2026-09-11,1W,Beverages: Alcoholic,87,-3.222252540062545,-1.894961651612733,9
2026-09-11,1W,Personnel Services,88,-3.326651096405861,-1.999360207956049,2
2026-09-11,1W,Aluminum,89,-3.508438974190617,-2.1811480857408045,4
2026-09-11,1W,Financial Publishing/Services,90,-3.611732861009738,-2.284441972559926,2
2026-09-11,1W,Automotive Aftermarket,91,-3.876464745963101,-2.5491738575132894,6
2026-09-11,1W,Information Technology Services,92,-4.235023553013583,-2.907732664563772,31
2026-09-11,1W,Broadcasting,93,-5.177885309038143,-3.8505944205883313,3
2026-09-11,1W,Data Processing Services,94,-5.717862476231129,-4.390571587781317,3
2026-09-11,1W,Real Estate Development,95,-5.9904638294048125,-4.6631729409550005,35
2026-09-14,1W,Medical Specialties,1,10.257326035810175,11.553327796344638,6
2026-09-14,1W,Food: Meat/Fish/Dairy,2,6.760948594790932,8.056950355325393,7
2026-09-14,1W,Consumer Sundries,3,6.52392259481812,7.81992435535258,2
2026-09-14,1W,Pulp & Paper,4,5.309888818379986,6.605890578914446,4
2026-09-14,1W,Electronics/Appliance Stores,5,4.730743164158367,6.026744924692827,2
2026-09-14,1W,Integrated Oil,6,4.183527689410092,5.479529449944552,5
2026-09-14,1W,Other Consumer Specialties,7,4.134658631621419,5.430660392155879,20
2026-09-14,1W,Airlines,8,4.009589349448937,5.305591109983397,4
2026-09-14,1W,Wholesale Distributors,9,3.6389087242822176,4.934910484816678,17
2026-09-14,1W,Specialty Stores,10,3.021881186001752,4.317882946536212,14
2026-09-14,1W,Forest Products,11,2.597374741416002,3.893376501950464,5
2026-09-14,1W,Investment Trusts/Mutual Funds,12,1.933138090283468,3.229139850817928,3
2026-09-14,1W,Oilfield Services/Equipment,13,1.8133643305688272,3.109366091103287,3
2026-09-14,1W,Semiconductors,14,1.5887222750235166,2.8847240355579764,10
2026-09-14,1W,Oil & Gas Production,15,1.5680330120901396,2.8640347726246,3
2026-09-14,1W,Electronic Production Equipment,16,1.4828388910348724,2.7788406515693325,9
2026-09-14,1W,Movies/Entertainment,17,1.2931223701862642,2.589124130720724,9
2026-09-14,1W,Industrial Machinery,18,1.190932280286051,2.486934040820511,56
2026-09-14,1W,Electronic Components,19,1.0223364739275729,2.3183382344620327,4
2026-09-14,1W,Other Transportation,20,1.0195649751810232,2.315566735715483,4
2026-09-14,1W,Wireless Telecommunications,21,0.9599083713334065,2.2559101318678665,3
2026-09-14,1W,Textiles,22,0.9091568458566102,2.20515860639107,26
2026-09-14,1W,Major Telecommunications,23,0.8871036639559395,2.1831054244904,6
2026-09-14,1W,Internet Retail,24,0.7919860665521147,2.087987827086575,4
2026-09-14,1W,Telecommunications Equipment,25,0.5957790007564326,1.8917807612908928,6
2026-09-14,1W,Auto Parts: OEM,26,0.5655209242634938,1.8615226847979536,51
2026-09-14,1W,Investment Banks/Brokers,27,0.3117154758071587,1.6077172363416188,21
2026-09-14,1W,Alternative Power Generation,28,0.1529856009828183,1.4489873615172784,10
2026-09-14,1W,Financial Conglomerates,29,0.1418933089955974,1.4378950695300574,6
2026-09-14,1W,Hospital/Nursing Management,30,0.006357691839229,1.302359452373689,20
2026-09-14,1W,Electrical Products,31,-0.0358345876902364,1.2601671728442236,55
2026-09-14,1W,Multi-Line Insurance,32,-0.1171273586169625,1.1788744019174977,5
2026-09-14,1W,Pharmaceuticals: Other,33,-0.1638145512494593,1.1321872092850007,6
2026-09-14,1W,Electric Utilities,34,-0.2253065348844501,1.07069522565001,23
2026-09-14,1W,Medical/Nursing Services,35,-0.2891001716261874,1.0069015889082726,10
2026-09-14,1W,Pharmaceuticals: Major,36,-0.3233369536265028,0.9726648069079572,87
2026-09-14,1W,Marine Shipping,37,-0.3334217547379442,0.9625800057965158,3
2026-09-14,1W,Electronic Equipment/Instruments,38,-0.3408649204405207,0.9551368400939392,8
2026-09-14,1W,Engineering & Construction,39,-0.4661684313734747,0.8298333291609854,58
2026-09-14,1W,Real Estate Investment Trusts,40,-0.484697092516114,0.811304668018346,8
2026-09-14,1W,Apparel/Footwear Retail,41,-0.4944781887088377,0.8015235718256223,13
2026-09-14,1W,Industrial Specialties,42,-0.6859190358170947,0.6100827247173654,27
2026-09-14,1W,Restaurants,43,-0.7110782655475385,0.5849234949869215,7
2026-09-14,1W,Finance/Rental/Leasing,44,-0.8234411762820314,0.4725605842524286,56
2026-09-14,1W,Air Freight/Couriers,45,-0.9089023968921024,0.3870993636423576,11
2026-09-14,1W,Aerospace & Defense,46,-0.9188349104732516,0.3771668500612083,9
2026-09-14,1W,Chemicals: Major Diversified,47,-1.0684626132316382,0.2275391473028218,11
2026-09-14,1W,Miscellaneous Commercial Services,48,-1.1306060459238223,0.1653957146106375,33
2026-09-14,1W,Specialty Insurance,49,-1.1973024304364683,0.0986993300979917,2
2026-09-14,1W,Electronics Distributors,50,-1.262221227873361,0.0337805326610987,4
2026-09-14,1W,Metal Fabrication,51,-1.279752916237903,0.0162488442965567,27
2026-09-14,1W,Major Banks,52,-1.319086840776785,-0.023085080242325,22
2026-09-14,1W,Hotels/Resorts/Cruise lines,53,-1.4016971334571344,-0.1056953729226743,14
2026-09-14,1W,Internet Software/Services,54,-1.4024773658446272,-0.1064756053101672,13
2026-09-14,1W,Investment Managers,55,-1.415688607298536,-0.1196868467640759,14
2026-09-14,1W,Food: Major Diversified,56,-1.422911023519392,-0.126909262984932,5
2026-09-14,1W,Electronics/Appliances,57,-1.523622381828571,-0.2276206212941109,9
2026-09-14,1W,Other Consumer Services,58,-1.5905466127029046,-0.2945448521684446,5
2026-09-14,1W,Packaged Software,59,-1.6600358321077018,-0.3640340715732417,36
2026-09-14,1W,Biotechnology,60,-1.7314605500334497,-0.4354587894989896,4
2026-09-14,1W,Chemicals: Specialty,61,-1.784035998481482,-0.4880342379470219,53
2026-09-14,1W,Agricultural Commodities/Milling,62,-1.8789149691906868,-0.5829132086562268,26
2026-09-14,1W,Household/Personal Care,63,-1.884802743435632,-0.588800982901172,12
2026-09-14,1W,Gas Distributors,64,-1.89995851210382,-0.6039567515693596,6
2026-09-14,1W,Steel,65,-1.948188744810316,-0.6521869842758556,50
2026-09-14,1W,Office Equipment/Supplies,66,-2.0162196964696983,-0.7202179359352383,5
2026-09-14,1W,Oil Refining/Marketing,67,-2.0506636722873823,-0.7546619117529223,10
2026-09-14,1W,Railroads,68,-2.055889110465379,-0.7598873499309191,2
2026-09-14,1W,Motor Vehicles,69,-2.174523179184202,-0.8785214186497419,16
2026-09-14,1W,Food: Specialty/Candy,70,-2.188285891892104,-0.8922841313576433,19
2026-09-14,1W,Trucking,71,-2.201803339893865,-0.9058015793594044,3
2026-09-14,1W,Containers/Packaging,72,-2.221850442109877,-0.9258486815754174,12
2026-09-14,1W,Coal,73,-2.240516874799125,-0.9445151142646652,4
2026-09-14,1W,Apparel/Footwear,74,-2.5169093163337823,-1.2209075557993223,18
2026-09-14,1W,Other Metals/Minerals,75,-2.5509647314422903,-1.2549629709078305,17
2026-09-14,1W,Home Furnishings,76,-2.6275649184775367,-1.331563157943077,7
2026-09-14,1W,Construction Materials,77,-2.7115936736399986,-1.4155919131055386,22
2026-09-14,1W,Tobacco,78,-2.7118168879949978,-1.4158151274605375,3
2026-09-14,1W,Regional Banks,79,-2.731548075557,-1.4355463150225398,19
2026-09-14,1W,Building Products,80,-2.830069695918082,-1.5340679353836222,12
2026-09-14,1W,Chemicals: Agricultural,81,-2.833797814958221,-1.537796054423761,27
2026-09-14,1W,Industrial Conglomerates,82,-2.8676047862000846,-1.5716030256656246,4
2026-09-14,1W,Trucks/Construction/Farm Machinery,83,-2.896526580503043,-1.600524819968583,20
2026-09-14,1W,Life/Health Insurance,84,-2.8966382352583406,-1.6006364747238806,8
2026-09-14,1W,Miscellaneous Manufacturing,85,-3.022585209857691,-1.726583449323231,14
2026-09-14,1W,Homebuilding,86,-3.129371854847446,-1.833370094312986,4
2026-09-14,1W,Beverages: Alcoholic,87,-3.190840385204992,-1.894838624670532,9
2026-09-14,1W,Personnel Services,88,-3.326651096405861,-2.0306493358714013,2
2026-09-14,1W,Aluminum,89,-3.5084389741906152,-2.2124372136561554,4
2026-09-14,1W,Financial Publishing/Services,90,-3.611732861009738,-2.3157311004752783,2
2026-09-14,1W,Automotive Aftermarket,91,-3.875899681822361,-2.579897921287901,6
2026-09-14,1W,Information Technology Services,92,-4.076313178636132,-2.780311418101672,31
2026-09-14,1W,Broadcasting,93,-5.177885309038143,-3.881883548503684,3
2026-09-14,1W,Data Processing Services,94,-5.717862476231129,-4.42186071569667,3
2026-09-14,1W,Real Estate Development,95,-5.909732436530515,-4.613730675996055,35
2026-09-15,1W,Medical Specialties,1,7.643568549378285,10.535905417466736,6
2026-09-15,1W,Food: Meat/Fish/Dairy,2,3.141487081914557,6.033823950003006,7
2026-09-15,1W,Electronics/Appliance Stores,3,2.0730779504278427,4.965414818516292,2
2026-09-15,1W,Airlines,4,0.9387502262625004,3.831087094350949,4
2026-09-15,1W,Wholesale Distributors,5,0.5911811397185673,3.4835180078070165,16
2026-09-15,1W,Biotechnology,6,0.4346893783320059,3.327026246420455,4
2026-09-15,1W,Investment Trusts/Mutual Funds,7,0.4298093828940877,3.322146250982537,3
2026-09-15,1W,Real Estate Investment Trusts,8,0.0485547541898716,2.940891622278321,7
2026-09-15,1W,Movies/Entertainment,9,-0.0143762083476946,2.8779606597407548,9
2026-09-15,1W,Financial Conglomerates,10,-0.5995724474819191,2.29276442060653,9
2026-09-15,1W,Forest Products,11,-0.6297922688552074,2.262544599233242,5
2026-09-15,1W,Household/Personal Care,12,-0.6688248850565084,2.223511983031941,13
2026-09-15,1W,Packaged Software,13,-0.7152098537082183,2.177127014380231,36
2026-09-15,1W,Information Technology Services,14,-0.9125589433647164,1.9797779247237328,33
2026-09-15,1W,Marine Shipping,15,-0.9423649177889624,1.9499719502994868,3
2026-09-15,1W,Hospital/Nursing Management,16,-1.427196145102702,1.4651407229857474,20
2026-09-15,1W,Electric Utilities,17,-1.4300675563061287,1.462269311782321,24
2026-09-15,1W,Medical/Nursing Services,18,-1.4489051150959018,1.4434317529925476,10
2026-09-15,1W,Consumer Sundries,19,-1.542180121934214,1.3501567461542354,2
2026-09-15,1W,Specialty Stores,20,-1.5631074041507698,1.3292294639376796,13
2026-09-15,1W,Restaurants,21,-1.5770659002050234,1.315270967883426,7
2026-09-15,1W,Semiconductors,22,-1.631697290743128,1.2606395773453214,10
2026-09-15,1W,Major Banks,23,-1.7656381849352625,1.1266986831531869,22
2026-09-15,1W,Apparel/Footwear Retail,24,-1.813936231201392,1.0784006368870576,13
2026-09-15,1W,Integrated Oil,25,-1.8151012372478723,1.077235630840577,4
2026-09-15,1W,Personnel Services,26,-1.846818493934539,1.0455183741539105,2
2026-09-15,1W,Home Furnishings,27,-2.061986783215104,0.8303500848733454,7
2026-09-15,1W,Pharmaceuticals: Major,28,-2.076212791440037,0.8161240766484128,85
2026-09-15,1W,Internet Software/Services,29,-2.092858148488752,0.7994787195996977,12
2026-09-15,1W,Miscellaneous Commercial Services,30,-2.0976730881526144,0.7946637799358349,32
2026-09-15,1W,Air Freight/Couriers,31,-2.100171899744272,0.7921649683441774,10
2026-09-15,1W,Other Transportation,32,-2.176644976171316,0.715691891917134,4
2026-09-15,1W,Oil Refining/Marketing,33,-2.2899193816533225,0.6024174864351268,10
2026-09-15,1W,Hotels/Resorts/Cruise lines,34,-2.4453469175805944,0.4469899505078549,15
2026-09-15,1W,Auto Parts: OEM,35,-2.4572270371656484,0.435109830922801,51
2026-09-15,1W,Wireless Telecommunications,36,-2.4674300290316924,0.4249068390567569,3
2026-09-15,1W,Office Equipment/Supplies,37,-2.478528388248259,0.4138084798401902,5
2026-09-15,1W,Investment Banks/Brokers,38,-2.5159304603082497,0.3764064077801996,21
2026-09-15,1W,Beverages: Alcoholic,39,-2.550460479563832,0.3418763885246174,9
2026-09-15,1W,Investment Managers,40,-2.5890432882131327,0.3032935798753167,16
2026-09-15,1W,Pharmaceuticals: Other,41,-2.594738092968817,0.2975987751196323,6
2026-09-15,1W,Food: Major Diversified,42,-2.674801735095915,0.2175351329925345,5
2026-09-15,1W,Textiles,43,-2.714130848570301,0.1782060195181483,25
2026-09-15,1W,Electronics Distributors,44,-2.732406810862609,0.1599300572258402,4
2026-09-15,1W,Alternative Power Generation,45,-2.771507377796295,0.1208294902921545,10
2026-09-15,1W,Publishing: Newspapers,46,-2.773969821764462,0.1183670463239874,2
2026-09-15,1W,Coal,47,-2.781216911050441,0.1111199570380083,4
2026-09-15,1W,Tobacco,48,-2.820021926606174,0.0723149414822752,3
2026-09-15,1W,Food: Specialty/Candy,49,-2.9289234411953564,-0.036586573106907,19
2026-09-15,1W,Chemicals: Major Diversified,50,-3.0611023195764484,-0.168765451487999,11
2026-09-15,1W,Major Telecommunications,51,-3.1193723561189897,-0.2270354880305403,6
2026-09-15,1W,Engineering & Construction,52,-3.1662211691927435,-0.2738843011042942,59
2026-09-15,1W,Trucking,53,-3.197917341837394,-0.3055804737489445,3
2026-09-15,1W,Pulp & Paper,54,-3.2093262032766248,-0.3169893351881754,4
2026-09-15,1W,Containers/Packaging,55,-3.252331496255907,-0.3599946281674575,13
2026-09-15,1W,Gas Distributors,56,-3.2587976287411333,-0.3664607606526839,6
2026-09-15,1W,Apparel/Footwear,57,-3.276232273087639,-0.3838954049991896,18
2026-09-15,1W,Motor Vehicles,58,-3.28991246346208,-0.3975755953736302,16
2026-09-15,1W,Data Processing Services,59,-3.30055160013561,-0.4082147320471607,3
2026-09-15,1W,Chemicals: Agricultural,60,-3.368648587336223,-0.4763117192477737,25
2026-09-15,1W,Industrial Machinery,61,-3.527997838738306,-0.6356609706498566,57
2026-09-15,1W,Electrical Products,62,-3.5512675454461893,-0.6589306773577399,55
2026-09-15,1W,Finance/Rental/Leasing,63,-3.670181909904892,-0.7778450418164424,55
2026-09-15,1W,Industrial Conglomerates,64,-3.681283702602305,-0.7889468345138555,4
2026-09-15,1W,Building Products,65,-3.7020853864471706,-0.8097485183587212,12
2026-09-15,1W,Railroads,66,-3.773214862186177,-0.8808779940977276,2
2026-09-15,1W,Electronic Equipment/Instruments,67,-3.820829948143583,-0.9284930800551332,8
2026-09-15,1W,Chemicals: Specialty,68,-3.82755045434548,-0.9352135862570304,54
2026-09-15,1W,Regional Banks,69,-3.83303204309774,-0.9406951750092908,19
2026-09-15,1W,Steel,70,-3.949236677442867,-1.0568998093544175,50
2026-09-15,1W,Automotive Aftermarket,71,-4.056165402657408,-1.1638285345689583,7
2026-09-15,1W,Electronics/Appliances,72,-4.068428769602769,-1.1760919015143196,9
2026-09-15,1W,Internet Retail,73,-4.130517185034908,-1.2381803169464582,4
2026-09-15,1W,Broadcasting,74,-4.15323941672982,-1.2609025486413703,3
2026-09-15,1W,Metal Fabrication,75,-4.158466260312022,-1.266129392223573,28
2026-09-15,1W,Specialty Insurance,76,-4.233361823361824,-1.3410249552733742,2
2026-09-15,1W,Agricultural Commodities/Milling,77,-4.266783366888259,-1.3744464987998093,26
2026-09-15,1W,Construction Materials,78,-4.399424474249802,-1.5070876061613525,22
2026-09-15,1W,Life/Health Insurance,79,-4.579753525453958,-1.6874166573655085,9
2026-09-15,1W,Other Consumer Specialties,80,-4.957986520553927,-2.0656496524654777,20
2026-09-15,1W,Other Metals/Minerals,81,-5.064943686848351,-2.1726068187599017,17
2026-09-15,1W,Oil & Gas Production,82,-5.2344498393024335,-2.342112971213984,3
2026-09-15,1W,Other Consumer Services,83,-5.352213869850776,-2.459877001762327,5
2026-09-15,1W,Telecommunications Equipment,84,-5.671472216276685,-2.779135348188236,6
2026-09-15,1W,Miscellaneous Manufacturing,85,-5.827187924079446,-2.934851055990997,14
2026-09-15,1W,Industrial Specialties,86,-5.896066256920145,-3.003729388831696,28
2026-09-15,1W,Financial Publishing/Services,87,-6.094158700059649,-3.2018218319712,2
2026-09-15,1W,Electronic Production Equipment,88,-6.170087787837596,-3.2777509197491463,10
2026-09-15,1W,Homebuilding,89,-6.243775515741759,-3.3514386476533096,4
2026-09-15,1W,Electronic Components,90,-6.453847563984378,-3.5615106958959286,4
2026-09-15,1W,Oilfield Services/Equipment,91,-6.564500537481986,-3.672163669393536,3
2026-09-15,1W,Aerospace & Defense,92,-6.692709002776295,-3.800372134687846,9
2026-09-15,1W,Trucks/Construction/Farm Machinery,93,-6.9659841181685325,-4.073647250080083,20
2026-09-15,1W,Multi-Line Insurance,94,-7.21205983436265,-4.319722966274201,4
2026-09-15,1W,Real Estate Development,95,-7.469988806119741,-4.577651938031291,35
2026-09-15,1W,Aluminum,96,-8.120856829597942,-5.228519961509493,4
2026-09-16,1W,Medical Specialties,1,3.995210535471117,6.4342956739209285,6
2026-09-16,1W,Airlines,2,2.0825043370069745,4.521589475456787,4
2026-09-16,1W,Food: Meat/Fish/Dairy,3,0.9324328103049668,3.3715179487547795,7
2026-09-16,1W,Major Banks,4,0.29887367404337,2.7379588124931824,22
2026-09-16,1W,Real Estate Investment Trusts,5,0.2415946542006521,2.6806797926504644,8
2026-09-16,1W,Wholesale Distributors,6,0.2070388418120397,2.6461239802618524,16
2026-09-16,1W,Movies/Entertainment,7,0.0284041155079692,2.467489253957781,9
2026-09-16,1W,Household/Personal Care,8,-0.1714130541005148,2.267672084349297,13
2026-09-16,1W,Pulp & Paper,9,-0.2091210475896048,2.229964090860208,3
2026-09-16,1W,Information Technology Services,10,-0.5240181374897213,1.9150670009600912,32
2026-09-16,1W,Consumer Sundries,11,-0.5730559097638377,1.8660292286859748,2
2026-09-16,1W,Beverages: Alcoholic,12,-0.5896417599980925,1.84944337845172,9
2026-09-16,1W,Food: Major Diversified,13,-0.7698649090353055,1.669220229414507,4
2026-09-16,1W,Forest Products,14,-0.7720656525941105,1.667019485855702,4
2026-09-16,1W,Oil Refining/Marketing,15,-0.7775709761086524,1.66151416234116,8
2026-09-16,1W,Electronics Distributors,16,-0.7867231699433794,1.652361968506433,4
2026-09-16,1W,Integrated Oil,17,-0.7909689624250805,1.648116176024732,5
2026-09-16,1W,Marine Shipping,18,-0.9958166403281342,1.4432684981216783,3
2026-09-16,1W,Financial Conglomerates,19,-1.1509135130278296,1.2881716254219828,9
2026-09-16,1W,Apparel/Footwear Retail,20,-1.186784118968251,1.2523010194815611,13
2026-09-16,1W,Major Telecommunications,21,-1.194593988471408,1.2444911499784044,6
2026-09-16,1W,Investment Trusts/Mutual Funds,22,-1.2560958457756226,1.1829892926741898,4
2026-09-16,1W,Electronics/Appliance Stores,23,-1.2569186910565695,1.1821664473932427,2
2026-09-16,1W,Tobacco,24,-1.2592100743429535,1.1798750641068587,3
2026-09-16,1W,Hospital/Nursing Management,25,-1.2836709256181102,1.1554142128317022,20
2026-09-16,1W,Internet Software/Services,26,-1.4185547195910588,1.0205304188587536,12
2026-09-16,1W,Packaged Software,27,-1.4466595057262166,0.992425632723596,36
2026-09-16,1W,Hotels/Resorts/Cruise lines,28,-1.534316967357015,0.9047681710927976,15
2026-09-16,1W,Restaurants,29,-1.614638608058267,0.8244465303915454,7
2026-09-16,1W,Biotechnology,30,-1.7705064410683158,0.6685786973814967,4
2026-09-16,1W,Regional Banks,31,-2.04370505224638,0.3953800862034331,18
2026-09-16,1W,Electric Utilities,32,-2.066828898173159,0.3722562402766534,24
2026-09-16,1W,Investment Banks/Brokers,33,-2.067672136993735,0.3714130014560775,20
2026-09-16,1W,Office Equipment/Supplies,34,-2.082620804626696,0.3564643338231166,5
2026-09-16,1W,Medical/Nursing Services,35,-2.126454571140764,0.3126305673090486,11
2026-09-16,1W,Miscellaneous Commercial Services,36,-2.3199847695667613,0.1191003688830512,32
2026-09-16,1W,Auto Parts: OEM,37,-2.3822284003795016,0.0568567380703108,53
2026-09-16,1W,Alternative Power Generation,38,-2.44261320844239,-0.0035280699925777,8
2026-09-16,1W,Life/Health Insurance,39,-2.54228818179598,-0.1032030433461677,9
2026-09-16,1W,Investment Managers,40,-2.5595132346113387,-0.1204280961615262,15
2026-09-16,1W,Air Freight/Couriers,41,-2.5781366784282587,-0.1390515399784462,12
2026-09-16,1W,Automotive Aftermarket,42,-2.593974799859844,-0.1548896614100314,6
2026-09-16,1W,Motor Vehicles,43,-2.594983561990608,-0.1558984235407954,16
2026-09-16,1W,Railroads,44,-2.713676255305064,-0.2745911168552513,2
2026-09-16,1W,Engineering & Construction,45,-2.735702029430003,-0.2966168909801907,60
2026-09-16,1W,Pharmaceuticals: Major,46,-2.7809613302585645,-0.341876191808752,84
2026-09-16,1W,Chemicals: Major Diversified,47,-2.829017018720515,-0.3899318802707023,11
2026-09-16,1W,Gas Distributors,48,-2.849588895251088,-0.4105037568012757,6
2026-09-16,1W,Chemicals: Agricultural,49,-2.9182894045398493,-0.4792042660900368,25
2026-09-16,1W,Agricultural Commodities/Milling,50,-2.955689524321643,-0.5166043858718306,26
2026-09-16,1W,Textiles,51,-2.963850646367544,-0.5247655079177314,27
2026-09-16,1W,Specialty Insurance,52,-3.0083223513462727,-0.5692372128964602,2
2026-09-16,1W,Electronic Equipment/Instruments,53,-3.032516734871659,-0.5934315964218464,8
2026-09-16,1W,Finance/Rental/Leasing,54,-3.0327009461386374,-0.5936158076888249,56
2026-09-16,1W,Food: Specialty/Candy,55,-3.0938864342227235,-0.654801295772911,20
2026-09-16,1W,Steel,56,-3.1054918586063787,-0.6664067201565662,49
2026-09-16,1W,Coal,57,-3.1171486925588905,-0.678063554109078,4
2026-09-16,1W,Home Furnishings,58,-3.1728703916781544,-0.733785253228342,7
2026-09-16,1W,Broadcasting,59,-3.325856884981543,-0.8867717465317306,3
2026-09-16,1W,Wireless Telecommunications,60,-3.392490217500391,-0.9534050790505786,3
2026-09-16,1W,Specialty Stores,61,-3.4530218505946846,-1.013936712144872,13
2026-09-16,1W,Construction Materials,62,-3.535608884490072,-1.0965237460402597,22
2026-09-16,1W,Other Transportation,63,-3.662060985898072,-1.2229758474482595,4
2026-09-16,1W,Apparel/Footwear,64,-3.763246133461822,-1.3241609950120097,18
2026-09-16,1W,Other Consumer Specialties,65,-3.942157839363509,-1.5030727009136964,20
2026-09-16,1W,Containers/Packaging,66,-4.044127412635889,-1.605042274186076,13
2026-09-16,1W,Chemicals: Specialty,67,-4.086767968666909,-1.647682830217097,55
2026-09-16,1W,Internet Retail,68,-4.11467872818384,-1.6755935897340275,4
2026-09-16,1W,Building Products,69,-4.116489391297979,-1.677404252848167,11
2026-09-16,1W,Industrial Machinery,70,-4.152413108817437,-1.7133279703676243,57
2026-09-16,1W,Industrial Conglomerates,71,-4.171265731957279,-1.7321805935074663,3
2026-09-16,1W,Data Processing Services,72,-4.179648875936373,-1.74056373748656,3
2026-09-16,1W,Metal Fabrication,73,-4.2093576359979865,-1.770272497548174,27
2026-09-16,1W,Pharmaceuticals: Other,74,-4.29885126096325,-1.8597661225134376,6
2026-09-16,1W,Trucking,75,-4.362856906236923,-1.9237717677871105,3
2026-09-16,1W,Multi-Line Insurance,76,-4.5407097213614005,-2.101624582911588,4
2026-09-16,1W,Telecommunications Equipment,77,-4.853724463925063,-2.414639325475251,5
2026-09-16,1W,Electrical Products,78,-5.070068963006908,-2.630983824557096,55
2026-09-16,1W,Semiconductors,79,-5.128370791255138,-2.6892856528053257,10
2026-09-16,1W,Financial Publishing/Services,80,-5.247178585236499,-2.8080934467866867,2
2026-09-16,1W,Miscellaneous Manufacturing,81,-5.318004228575138,-2.878919090125325,12
2026-09-16,1W,Electronics/Appliances,82,-5.41297596627687,-2.973890827827058,8
2026-09-16,1W,Industrial Specialties,83,-5.562213562241982,-3.1231284237921693,27
2026-09-16,1W,Other Consumer Services,84,-5.56973479184519,-3.1306496533953774,5
2026-09-16,1W,Homebuilding,85,-5.606898169745169,-3.1678130312953567,4
2026-09-16,1W,Other Metals/Minerals,86,-5.708855953959222,-3.269770815509409,17
2026-09-16,1W,Real Estate Development,87,-6.396363978010346,-3.957278839560533,37
2026-09-16,1W,Aluminum,88,-6.806486544466791,-4.367401406016979,4
2026-09-16,1W,Trucks/Construction/Farm Machinery,89,-6.881971920896905,-4.442886782447092,20
2026-09-16,1W,Electronic Components,90,-7.287055150714504,-4.847970012264691,4
2026-09-16,1W,Oil & Gas Production,91,-7.439719305697913,-5.000634167248101,3
2026-09-16,1W,Oilfield Services/Equipment,92,-7.65662282026969,-5.217537681819877,3
2026-09-16,1W,Electronic Production Equipment,93,-7.829501917310862,-5.39041677886105,10
2026-09-16,1W,Aerospace & Defense,94,-7.949911427881078,-5.510826289431266,9
2026-09-17,1W,Electronics Distributors,1,2.6550626792372505,4.368640993702771,4
2026-09-17,1W,Movies/Entertainment,2,1.9872828713188209,3.700861185784341,9
2026-09-17,1W,Electronics/Appliance Stores,3,1.882957975512283,3.596536289977803,2
2026-09-17,1W,Airlines,4,1.45891985364891,3.17249816811443,4
2026-09-17,1W,Life/Health Insurance,5,1.284313013176248,2.997891327641768,9
2026-09-17,1W,Information Technology Services,6,0.9072233655783424,2.6208016800438623,32
2026-09-17,1W,Pulp & Paper,7,0.7603786845563485,2.4739569990218686,4
2026-09-17,1W,Household/Personal Care,8,0.7186209291406244,2.4321992436061444,13
2026-09-17,1W,Investment Banks/Brokers,9,0.6024501656115712,2.316028480077091,20
2026-09-17,1W,Major Banks,10,0.3916528588370069,2.105231173302527,22
2026-09-17,1W,Marine Shipping,11,0.3491848536116564,2.0627631680771765,3
2026-09-17,1W,Hotels/Resorts/Cruise lines,12,0.3155621421779065,2.0291404566434266,13
2026-09-17,1W,Financial Conglomerates,13,0.3136024848338692,2.0271807992993893,8
2026-09-17,1W,Real Estate Investment Trusts,14,0.2428964670277528,1.9564747814932728,7
2026-09-17,1W,Beverages: Alcoholic,15,0.0957895679094183,1.8093678823749384,8
2026-09-17,1W,Tobacco,16,0.0392321146839785,1.7528104291494988,3
2026-09-17,1W,Food: Meat/Fish/Dairy,17,0.020745648690589,1.7343239631561091,7
2026-09-17,1W,Food: Major Diversified,18,-0.3676720969537284,1.3459062175117915,4
2026-09-17,1W,Major Telecommunications,19,-0.3896030494257901,1.32397526503973,6
2026-09-17,1W,Packaged Software,20,-0.4186442282874094,1.294934086178111,37
2026-09-17,1W,Pharmaceuticals: Other,21,-0.7006105423308304,1.0129677721346897,5
2026-09-17,1W,Chemicals: Major Diversified,22,-0.8688816938581604,0.8446966206073597,13
2026-09-17,1W,Investment Managers,23,-0.919788208086838,0.793790106378682,15
2026-09-17,1W,Investment Trusts/Mutual Funds,24,-0.923139226260475,0.7904390882050452,5
2026-09-17,1W,Pharmaceuticals: Major,25,-0.9342018559288762,0.779376458536644,86
2026-09-17,1W,Specialty Insurance,26,-0.9396744618306077,0.7739038526349126,2
2026-09-17,1W,Chemicals: Agricultural,27,-1.0099206863370354,0.7036576281284848,23
2026-09-17,1W,Internet Software/Services,28,-1.0153055651086909,0.6982727493568293,12
2026-09-17,1W,Restaurants,29,-1.1426258165510572,0.5709524979144629,7
2026-09-17,1W,Electronic Equipment/Instruments,30,-1.1460929954515922,0.567485319013928,8
2026-09-17,1W,Medical/Nursing Services,31,-1.1613255991620368,0.5522527153034833,10
2026-09-17,1W,Office Equipment/Supplies,32,-1.2550256912356357,0.4585526232298846,4
2026-09-17,1W,Hospital/Nursing Management,33,-1.5129013227313357,0.2006769917341846,20
2026-09-17,1W,Biotechnology,34,-1.6149256191470656,0.0986526953184545,4
2026-09-17,1W,Broadcasting,35,-1.6405463258304986,0.0730319886350214,3
2026-09-17,1W,Air Freight/Couriers,36,-1.6537430397128796,0.0598352747526405,11
2026-09-17,1W,Motor Vehicles,37,-1.6636689524647237,0.0499093620007964,16
2026-09-17,1W,Regional Banks,38,-1.6716259421305726,0.0419523723349475,17
2026-09-17,1W,Miscellaneous Commercial Services,39,-1.7498889603535552,-0.0363106458880351,32
2026-09-17,1W,Automotive Aftermarket,40,-1.8069536373763508,-0.0933753229108307,7
2026-09-17,1W,Auto Parts: OEM,41,-1.8286062169561144,-0.1150279024905944,51
2026-09-17,1W,Personnel Services,42,-1.832511834952564,-0.1189335204870436,2
2026-09-17,1W,Multi-Line Insurance,43,-1.889698381541604,-0.1761200670760836,4
2026-09-17,1W,Forest Products,44,-1.9663843329908608,-0.2528060185253407,4
2026-09-17,1W,Metal Fabrication,45,-1.966643505247407,-0.2530651907818868,25
2026-09-17,1W,Oil Refining/Marketing,46,-1.9832598166131807,-0.2696815021476606,8
2026-09-17,1W,Apparel/Footwear Retail,47,-2.0990514015862205,-0.3854730871207004,13
2026-09-17,1W,Food: Specialty/Candy,48,-2.141703074874564,-0.4281247604090434,18
2026-09-17,1W,Trucking,49,-2.366166644102018,-0.652588329636498,2
2026-09-17,1W,Industrial Machinery,50,-2.373962155914856,-0.6603838414493357,54
2026-09-17,1W,Apparel/Footwear,51,-2.404831342110962,-0.6912530276454418,18
2026-09-17,1W,Telecommunications Equipment,52,-2.408175304396499,-0.694596989930979,6
2026-09-17,1W,Textiles,53,-2.4136745184115176,-0.7000962039459975,26
2026-09-17,1W,Finance/Rental/Leasing,54,-2.4340473496735564,-0.7204690352080363,53
2026-09-17,1W,Construction Materials,55,-2.4624940514141502,-0.7489157369486301,21
2026-09-17,1W,Agricultural Commodities/Milling,56,-2.4723197255077687,-0.7587414110422486,25
2026-09-17,1W,Wholesale Distributors,57,-2.5303477835391988,-0.8167694690736786,17
2026-09-17,1W,Medical Specialties,58,-2.577990545801646,-0.8644122313361258,6
2026-09-17,1W,Electric Utilities,59,-2.6093897033920466,-0.8958113889265265,24
2026-09-17,1W,Gas Distributors,60,-2.6143944594778885,-0.9008161450123684,6
2026-09-17,1W,Integrated Oil,61,-2.6397837657653502,-0.92620545129983,5
2026-09-17,1W,Industrial Conglomerates,62,-2.649630272065955,-0.9360519576004348,3
2026-09-17,1W,Engineering & Construction,63,-2.70832247704335,-0.99474416257783,58
2026-09-17,1W,Coal,64,-2.738757908971996,-1.0251795945064754,4
2026-09-17,1W,Real Estate Development,65,-2.7531963200555767,-1.0396180055900566,37
2026-09-17,1W,Steel,66,-2.9032036221207,-1.1896253076551797,47
2026-09-17,1W,Alternative Power Generation,67,-2.97504690755113,-1.26146859308561,9
2026-09-17,1W,Building Products,68,-3.055071409634566,-1.341493095169046,10
2026-09-17,1W,Data Processing Services,69,-3.0590846543834727,-1.3455063399179523,3
2026-09-17,1W,Electrical Products,70,-3.1814515914602595,-1.4678732769947394,56
2026-09-17,1W,Railroads,71,-3.211772373052717,-1.4981940585871965,2
2026-09-17,1W,Chemicals: Specialty,72,-3.312258382688309,-1.5986800682227889,53
2026-09-17,1W,Home Furnishings,73,-3.37900495357896,-1.6654266391134398,6
2026-09-17,1W,Other Consumer Specialties,74,-3.41095139419734,-1.6973730797318198,21
2026-09-17,1W,Miscellaneous Manufacturing,75,-3.5645682272257213,-1.8509899127602008,11
2026-09-17,1W,Homebuilding,76,-3.5899454288492985,-1.8763671143837783,4
2026-09-17,1W,Wireless Telecommunications,77,-3.665654516124304,-1.952076201658784,3
2026-09-17,1W,Containers/Packaging,78,-3.759059902891262,-2.0454815884257416,12
2026-09-17,1W,Aerospace & Defense,79,-4.018314513896307,-2.3047361994307867,9
2026-09-17,1W,Internet Retail,80,-4.073991123451836,-2.3604128089863154,4
2026-09-17,1W,Other Transportation,81,-4.099320592139197,-2.3857422776736765,4
2026-09-17,1W,Other Consumer Services,82,-4.142391429001153,-2.4288131145356324,5
2026-09-17,1W,Oilfield Services/Equipment,83,-4.163578567441986,-2.4500002529764657,3
2026-09-17,1W,Electronic Production Equipment,84,-4.254941210911099,-2.5413628964455786,9
2026-09-17,1W,Industrial Specialties,85,-4.317972442471603,-2.6043941280060823,29
2026-09-17,1W,Electronics/Appliances,86,-4.658461301292065,-2.9448829868265447,7
2026-09-17,1W,Electronic Components,87,-4.82529396796305,-3.11171565349753,4
2026-09-17,1W,Financial Publishing/Services,88,-4.82567937918301,-3.11210106471749,2
2026-09-17,1W,Semiconductors,89,-5.29138580102069,-3.577807486555169,10
2026-09-17,1W,Specialty Stores,90,-5.422863170297634,-3.709284855832114,13
2026-09-17,1W,Aluminum,91,-5.851672210769099,-4.1380938963035785,4
2026-09-17,1W,Trucks/Construction/Farm Machinery,92,-5.981545910908062,-4.267967596442542,20
2026-09-17,1W,Other Metals/Minerals,93,-6.094324266313952,-4.380745951848431,17
2026-09-17,1W,Oil & Gas Production,94,-7.607305976916278,-5.8937276624507575,3
2026-09-18,1W,Movies/Entertainment,1,4.308998687035454,4.1555513994727,9
2026-09-18,1W,Airlines,2,4.2557614363368135,4.10231414877406,4
2026-09-18,1W,Electronics/Appliance Stores,3,4.233714490487365,4.080267202924611,2
2026-09-18,1W,Electronic Equipment/Instruments,4,4.071821827515947,3.918374539953193,8
2026-09-18,1W,Financial Conglomerates,5,3.411129647133485,3.257682359570731,10
2026-09-18,1W,Electronics Distributors,6,3.34512251783534,3.191675230272586,4
2026-09-18,1W,Gas Distributors,7,2.63961130385188,2.486164016289126,6
2026-09-18,1W,Restaurants,8,2.4218581441280644,2.2684108565653105,7
2026-09-18,1W,Hotels/Resorts/Cruise lines,9,2.3222998568117004,2.1688525692489464,16
2026-09-18,1W,Pulp & Paper,10,2.322192629709999,2.168745342147245,3
2026-09-18,1W,Investment Managers,11,2.012562081665685,1.859114794102931,15
2026-09-18,1W,Major Banks,12,1.9555023407954204,1.8020550532326665,21
2026-09-18,1W,Beverages: Alcoholic,13,1.884077749680364,1.7306304621176094,9
2026-09-18,1W,Tobacco,14,1.851554132296577,1.6981068447338228,3
2026-09-18,1W,Miscellaneous Commercial Services,15,1.6512060893593026,1.4977588017965484,34
2026-09-18,1W,Packaged Software,16,1.6451776491615775,1.4917303615988236,37
2026-09-18,1W,Wholesale Distributors,17,1.6434589350011723,1.4900116474384182,16
2026-09-18,1W,Metal Fabrication,18,1.469569354815483,1.3161220672527283,27
2026-09-18,1W,Hospital/Nursing Management,19,1.4382765869495922,1.284829299386838,20
2026-09-18,1W,Life/Health Insurance,20,1.4009048556138188,1.247457568051065,9
2026-09-18,1W,Household/Personal Care,21,1.3424939799621034,1.1890466923993492,13
2026-09-18,1W,Pharmaceuticals: Other,22,1.28653967742291,1.133092389860156,5
2026-09-18,1W,Food: Major Diversified,23,1.2186217551390386,1.0651744675762844,4
2026-09-18,1W,Air Freight/Couriers,24,1.135789928533428,0.982342640970674,11
2026-09-18,1W,Investment Banks/Brokers,25,1.0056527750564292,0.8522054874936751,21
2026-09-18,1W,Specialty Insurance,26,1.005381031862681,0.8519337442999269,2
2026-09-18,1W,Electronic Production Equipment,27,0.9162428395574568,0.7627955519947027,9
2026-09-18,1W,Pharmaceuticals: Major,28,0.7175410578170306,0.5640937702542765,85
2026-09-18,1W,Office Equipment/Supplies,29,0.6730200667729584,0.5195727792102043,4
2026-09-18,1W,Industrial Conglomerates,30,0.5746426093296373,0.4211953217668832,4
2026-09-18,1W,Major Telecommunications,31,0.5566666467730277,0.4032193592102736,6
2026-09-18,1W,Railroads,32,0.5180881247651269,0.3646408372023728,2
2026-09-18,1W,Automotive Aftermarket,33,0.511280916191265,0.3578336286285109,7
2026-09-18,1W,Medical/Nursing Services,34,0.502150445811346,0.3487031582485919,9
2026-09-18,1W,Other Transportation,35,0.4407676078646165,0.2873203203018624,4
2026-09-18,1W,Textiles,36,0.433432481440889,0.2799851938781349,27
2026-09-18,1W,Information Technology Services,37,0.4145297922654803,0.2610825047027262,33
2026-09-18,1W,Finance/Rental/Leasing,38,0.4003964567575964,0.2469491691948422,54
2026-09-18,1W,Real Estate Investment Trusts,39,0.3634754759819547,0.2100281884192006,7
2026-09-18,1W,Auto Parts: OEM,40,0.2792984854104724,0.1258511978477183,51
2026-09-18,1W,Electrical Products,41,0.27255625577283,0.1191089682100759,56
2026-09-18,1W,Engineering & Construction,42,0.1686748117518819,0.0152275241891277,59
2026-09-18,1W,Marine Shipping,43,0.1324913913944368,-0.0209558961683172,3
2026-09-18,1W,Apparel/Footwear Retail,44,0.0182070294195615,-0.1352402581431925,13
2026-09-18,1W,Alternative Power Generation,45,0.0019911193716437,-0.1514561681911103,10
2026-09-18,1W,Miscellaneous Manufacturing,46,-0.0404608853576182,-0.1939081729203723,11
2026-09-18,1W,Telecommunications Equipment,47,-0.1244469810779353,-0.2778942686406894,6
2026-09-18,1W,Other Consumer Services,48,-0.1389057856652373,-0.2923530732279915,5
2026-09-18,1W,Steel,49,-0.2454390411774096,-0.3988863287401638,50
2026-09-18,1W,Investment Trusts/Mutual Funds,50,-0.2726082703799325,-0.4260555579426866,4
2026-09-18,1W,Biotechnology,51,-0.3159524662814056,-0.4693997538441597,4
2026-09-18,1W,Construction Materials,52,-0.3308537123031285,-0.4843009998658826,21
2026-09-18,1W,Oil Refining/Marketing,53,-0.4016072101197623,-0.5550544976825165,8
2026-09-18,1W,Wireless Telecommunications,54,-0.420751702595721,-0.5741989901584752,3
2026-09-18,1W,Apparel/Footwear,55,-0.4434219723224255,-0.5968692598851797,17
2026-09-18,1W,Agricultural Commodities/Milling,56,-0.535590877183038,-0.6890381647457922,22
2026-09-18,1W,Trucking,57,-0.537383481738051,-0.6908307693008051,3
2026-09-18,1W,Food: Specialty/Candy,58,-0.5386392585422046,-0.6920865461049588,17
2026-09-18,1W,Chemicals: Agricultural,59,-0.5530839560519141,-0.7065312436146682,26
2026-09-18,1W,Industrial Machinery,60,-0.5998128121772599,-0.7532600997400141,54
2026-09-18,1W,Chemicals: Major Diversified,61,-0.6246286568948616,-0.7780759444576157,13
2026-09-18,1W,Broadcasting,62,-0.6397318974981782,-0.7931791850609322,3
2026-09-18,1W,Regional Banks,63,-0.6688116215853005,-0.8222589091480546,17
2026-09-18,1W,Chemicals: Specialty,64,-0.7097726820379793,-0.8632199696007334,55
2026-09-18,1W,Electric Utilities,65,-0.7294249589090883,-0.8828722464718424,25
2026-09-18,1W,Coal,66,-0.790197389570993,-0.943644677133747,4
2026-09-18,1W,Motor Vehicles,67,-0.8692590556343294,-1.0227063431970835,16
2026-09-18,1W,Other Consumer Specialties,68,-0.8990774302118401,-1.0525247177745942,21
2026-09-18,1W,Containers/Packaging,69,-0.908652717334868,-1.062100004897622,13
2026-09-18,1W,Internet Software/Services,70,-0.9637882516223584,-1.1172355391851123,11
2026-09-18,1W,Real Estate Development,71,-1.0410593483545367,-1.194506635917291,39
2026-09-18,1W,Aluminum,72,-1.0470867850996168,-1.200534072662371,4
2026-09-18,1W,Aerospace & Defense,73,-1.0699254783207472,-1.2233727658835014,9
2026-09-18,1W,Personnel Services,74,-1.0821770880876345,-1.2356243756503886,2
2026-09-18,1W,Food: Meat/Fish/Dairy,75,-1.2027472324852988,-1.356194520048053,7
2026-09-18,1W,Other Metals/Minerals,76,-1.2429589885153514,-1.3964062760781055,17
2026-09-18,1W,Multi-Line Insurance,77,-1.608383528121131,-1.761830815683885,4
2026-09-18,1W,Data Processing Services,78,-1.7373368503312734,-1.890784137894028,3
2026-09-18,1W,Semiconductors,79,-1.7520753264783384,-1.9055226140410928,11
2026-09-18,1W,Electronic Components,80,-1.7733939333622102,-1.9268412209249643,4
2026-09-18,1W,Trucks/Construction/Farm Machinery,81,-1.8612733880333112,-2.0147206755960654,20
2026-09-18,1W,Internet Retail,82,-1.9995298208891563,-2.1529771084519105,4
2026-09-18,1W,Building Products,83,-2.1711088260457627,-2.3245561136085167,12
2026-09-18,1W,Forest Products,84,-2.23216953075546,-2.385616818318214,4
2026-09-18,1W,Financial Publishing/Services,85,-2.3082140592445013,-2.4616613468072552,2
2026-09-18,1W,Home Furnishings,86,-2.349591347566045,-2.503038635128799,7
2026-09-18,1W,Homebuilding,87,-2.401873482194461,-2.555320769757215,4
2026-09-18,1W,Oilfield Services/Equipment,88,-2.409537218833533,-2.562984506396287,3
2026-09-18,1W,Specialty Stores,89,-2.5376560058481226,-2.6911032934108765,13
2026-09-18,1W,Industrial Specialties,90,-2.657729117773062,-2.811176405335816,29
2026-09-18,1W,Integrated Oil,91,-2.72727371545914,-2.8807210030218933,7
2026-09-18,1W,Electronics/Appliances,92,-4.345124147928511,-4.4985714354912645,9
2026-09-18,1W,Oil & Gas Production,93,-5.47572256570033,-5.629169853263084,3
2026-09-18,1W,Medical Specialties,94,-6.493624507247973,-6.647071794810727,6
2026-09-21,1W,Airlines,1,6.887848119099726,6.70701473596509,4
2026-09-21,1W,Movies/Entertainment,2,5.236855316120384,5.0560219329857485,8
2026-09-21,1W,Financial Conglomerates,3,4.082026831764998,3.9011934486303614,9
2026-09-21,1W,Electronics Distributors,4,3.606812646240713,3.4259792631060773,4
2026-09-21,1W,Electronic Components,5,3.5823298872399767,3.401496504105341,4
2026-09-21,1W,Electronic Equipment/Instruments,6,3.161160252945621,2.9803268698109857,8
2026-09-21,1W,Marine Shipping,7,2.6954637219648987,2.514630338830263,3
2026-09-21,1W,Air Freight/Couriers,8,2.34724853227804,2.166415149143404,11
2026-09-21,1W,Tobacco,9,2.3368839757915474,2.156050592656912,4
2026-09-21,1W,Electronics/Appliance Stores,10,2.293113109199893,2.1122797260652577,2
2026-09-21,1W,Major Banks,11,2.207625193280879,2.026791810146243,21
2026-09-21,1W,Restaurants,12,2.2005512821074293,2.019717898972793,6
2026-09-21,1W,Electronic Production Equipment,13,2.063840336166494,1.8830069530318585,10
2026-09-21,1W,Specialty Insurance,14,2.0452654393263696,1.8644320561917336,2
2026-09-21,1W,Commercial Printing/Forms,15,2.0241375683634883,1.8433041852288523,2
2026-09-21,1W,Pharmaceuticals: Major,16,2.01415858643466,1.833325203300024,83
2026-09-21,1W,Beverages: Alcoholic,17,1.992374662673,1.8115412795383643,9
2026-09-21,1W,Miscellaneous Commercial Services,18,1.964923091661693,1.7840897085270575,33
2026-09-21,1W,Hotels/Resorts/Cruise lines,19,1.8616995755181045,1.6808661923834685,16
2026-09-21,1W,Wholesale Distributors,20,1.7508338039912124,1.5700004208565763,15
2026-09-21,1W,Hospital/Nursing Management,21,1.6905730791886573,1.5097396960540217,20
2026-09-21,1W,Investment Managers,22,1.5791415897078378,1.398308206573202,15
2026-09-21,1W,Alternative Power Generation,23,1.520318002711356,1.33948461957672,9
2026-09-21,1W,Industrial Conglomerates,24,1.5071314903868287,1.3262981072521929,3
2026-09-21,1W,Metal Fabrication,25,1.4704430570617562,1.2896096739271203,27
2026-09-21,1W,Life/Health Insurance,26,1.4071599216116484,1.2263265384770126,9
2026-09-21,1W,Pharmaceuticals: Other,27,1.3057946470163966,1.1249612638817608,7
2026-09-21,1W,Household/Personal Care,28,1.1384810119006976,0.957647628766062,12
2026-09-21,1W,Coal,29,1.06999697461643,0.8891635914817942,4
2026-09-21,1W,Information Technology Services,30,0.9696958096565234,0.7888624265218876,31
2026-09-21,1W,Industrial Machinery,31,0.8908691804864348,0.7100357973517991,51
2026-09-21,1W,Agricultural Commodities/Milling,32,0.8733576914671376,0.6925243083325019,25
2026-09-21,1W,Gas Distributors,33,0.8369332989305273,0.6560999157958916,6
2026-09-21,1W,Textiles,34,0.8204503028925565,0.6396169197579208,28
2026-09-21,1W,Medical/Nursing Services,35,0.8063538875058699,0.6255205043712342,10
2026-09-21,1W,Containers/Packaging,36,0.6950386816152399,0.5142052984806041,12
2026-09-21,1W,Food: Major Diversified,37,0.5481847657174985,0.3673513825828628,4
2026-09-21,1W,Real Estate Investment Trusts,38,0.5205746527268735,0.3397412695922378,7
2026-09-21,1W,Biotechnology,39,0.3899631576176365,0.2091297744830008,4
2026-09-21,1W,Engineering & Construction,40,0.3206695849519911,0.1398362018173553,58
2026-09-21,1W,Internet Software/Services,41,0.2937693008114173,0.1129359176767816,12
2026-09-21,1W,Food: Meat/Fish/Dairy,42,0.2518718159283628,0.0710384327937271,7
2026-09-21,1W,Office Equipment/Supplies,43,0.1911995106951662,0.0103661275605305,5
2026-09-21,1W,Packaged Software,44,0.1842162890028282,0.0033829058681925,37
2026-09-21,1W,Apparel/Footwear Retail,45,0.1435108612901521,-0.0373225218444835,13
2026-09-21,1W,Chemicals: Major Diversified,46,0.1332323342278058,-0.0476010489068298,12
2026-09-21,1W,Major Telecommunications,47,0.0041943895224053,-0.1766389936122303,6
2026-09-21,1W,Real Estate Development,48,-0.0166091530214144,-0.1974425361560501,38
2026-09-21,1W,Electrical Products,49,-0.1249306269516394,-0.3057640100862752,56
2026-09-21,1W,Telecommunications Equipment,50,-0.1334957540851014,-0.3143291372197372,6
2026-09-21,1W,Auto Parts: OEM,51,-0.2472968416438702,-0.428130224778506,51
2026-09-21,1W,Other Transportation,52,-0.2767378602671599,-0.4575712434017956,4
2026-09-21,1W,Other Consumer Specialties,53,-0.2895085900951671,-0.4703419732298028,21
2026-09-21,1W,Pulp & Paper,54,-0.3407060469718502,-0.521539430106486,4
2026-09-21,1W,Other Consumer Services,55,-0.4642605917873326,-0.6450939749219683,5
2026-09-21,1W,Construction Materials,56,-0.4668123333606948,-0.6476457164953305,22
2026-09-21,1W,Chemicals: Agricultural,57,-0.4766823479844512,-0.6575157311190869,27
2026-09-21,1W,Oil Refining/Marketing,58,-0.4964538467939334,-0.6772872299285692,7
2026-09-21,1W,Food: Specialty/Candy,59,-0.5388927773669543,-0.71972616050159,19
2026-09-21,1W,Steel,60,-0.6785911837716176,-0.8594245669062534,50
2026-09-21,1W,Finance/Rental/Leasing,61,-0.728488374767664,-0.9093217579022996,54
2026-09-21,1W,Automotive Aftermarket,62,-0.7540948947117403,-0.934928277846376,7
2026-09-21,1W,Investment Trusts/Mutual Funds,63,-0.7581074408666602,-0.938940824001296,3
2026-09-21,1W,Investment Banks/Brokers,64,-0.7729646826128113,-0.953798065747447,22
2026-09-21,1W,Broadcasting,65,-0.7853064389467882,-0.966139822081424,3
2026-09-21,1W,Motor Vehicles,66,-0.9351614253518856,-1.1159948084865214,16
2026-09-21,1W,Regional Banks,67,-1.0104247704402558,-1.1912581535748916,18
2026-09-21,1W,Aerospace & Defense,68,-1.0105327359225154,-1.1913661190571512,9
2026-09-21,1W,Miscellaneous,69,-1.077139877410528,-1.257973260545164,2
2026-09-21,1W,Chemicals: Specialty,70,-1.1784658016098275,-1.359299184744463,56
2026-09-21,1W,Other Metals/Minerals,71,-1.2855778985430866,-1.4664112816777224,17
2026-09-21,1W,Data Processing Services,72,-1.3150968664815883,-1.4959302496162243,3
2026-09-21,1W,Aluminum,73,-1.3392671504399702,-1.520100533574606,4
2026-09-21,1W,Apparel/Footwear,74,-1.3719386745285411,-1.552772057663177,17
2026-09-21,1W,Electric Utilities,75,-1.3763772355394173,-1.557210618674053,23
2026-09-21,1W,Semiconductors,76,-1.3940959186079995,-1.5749293017426351,11
2026-09-21,1W,Trucking,77,-1.7248815298288165,-1.905714912963452,3
2026-09-21,1W,Industrial Specialties,78,-1.839945465191996,-2.020778848326632,29
2026-09-21,1W,Trucks/Construction/Farm Machinery,79,-1.86338391606354,-2.044217299198176,21
2026-09-21,1W,Multi-Line Insurance,80,-1.905840898220008,-2.0866742813546435,4
2026-09-21,1W,Specialty Stores,81,-1.9094143224508624,-2.0902477055854978,14
2026-09-21,1W,Internet Retail,82,-2.0732039973730445,-2.2540373805076803,4
2026-09-21,1W,Homebuilding,83,-2.086158762640156,-2.2669921457747915,4
2026-09-21,1W,Miscellaneous Manufacturing,84,-2.1999178025560826,-2.3807511856907184,10
2026-09-21,1W,Wireless Telecommunications,85,-2.2355485095748344,-2.4163818927094702,3
2026-09-21,1W,Railroads,86,-2.2760212326193145,-2.4568546157539504,2
2026-09-21,1W,Forest Products,87,-2.434079114980243,-2.614912498114879,3
2026-09-21,1W,Integrated Oil,88,-2.592833791835975,-2.773667174970611,7
2026-09-21,1W,Building Products,89,-2.694566134740608,-2.875399517875244,11
2026-09-21,1W,Oilfield Services/Equipment,90,-3.0937973222477524,-3.274630705382388,3
2026-09-21,1W,Financial Publishing/Services,91,-3.5178835643325224,-3.698716947467158,2
2026-09-21,1W,Home Furnishings,92,-3.70467711264656,-3.885510495781196,7
2026-09-21,1W,Electronics/Appliances,93,-4.0884563989560085,-4.269289782090644,9
2026-09-21,1W,Oil & Gas Production,94,-6.725006245329524,-6.90583962846416,3
2026-09-21,1W,Medical Specialties,95,-8.59337168416523,-8.774205067299865,6
2026-09-22,1W,Electronics Distributors,1,8.579907595251143,9.297224617866924,4
2026-09-22,1W,Movies/Entertainment,2,6.298359015800131,7.015676038415912,8
2026-09-22,1W,Electronic Components,3,5.345455909129942,6.062772931745724,3
2026-09-22,1W,Alternative Power Generation,4,2.5996724578591945,3.316989480474976,9
2026-09-22,1W,Airlines,5,2.4026529398558276,3.1199699624716093,3
2026-09-22,1W,Restaurants,6,1.9987639240843533,2.716080946700135,7
2026-09-22,1W,Coal,7,1.939425928756775,2.6567429513725567,4
2026-09-22,1W,Apparel/Footwear Retail,8,1.8253408982997017,2.542657920915483,13
2026-09-22,1W,Hotels/Resorts/Cruise lines,9,1.7016629203744398,2.4189799429902212,14
2026-09-22,1W,Tobacco,10,1.693577920388369,2.4108949430041506,4
2026-09-22,1W,Air Freight/Couriers,11,1.4718236829002787,2.1891407055160603,10
2026-09-22,1W,Containers/Packaging,12,1.461755220115747,2.1790722427315288,14
2026-09-22,1W,Electronics/Appliance Stores,13,1.4202766734645733,2.137593696080355,2
2026-09-22,1W,Metal Fabrication,14,1.0978163782951356,1.8151334009109172,27
2026-09-22,1W,Telecommunications Equipment,15,1.0564287583190624,1.7737457809348438,6
2026-09-22,1W,Real Estate Development,16,1.0143375040887104,1.7316545267044918,39
2026-09-22,1W,Agricultural Commodities/Milling,17,1.0013634949064567,1.7186805175222384,24
2026-09-22,1W,Pharmaceuticals: Major,18,0.985282508593516,1.7025995312092976,84
2026-09-22,1W,Real Estate Investment Trusts,19,0.9822996366458123,1.699616659261594,7
2026-09-22,1W,Financial Conglomerates,20,0.9809867885101896,1.6983038111259712,8
2026-09-22,1W,Life/Health Insurance,21,0.9020753963582779,1.6193924189740594,9
2026-09-22,1W,Beverages: Alcoholic,22,0.888451206517993,1.6057682291337745,9
2026-09-22,1W,Hospital/Nursing Management,23,0.8605041209348456,1.577821143550627,18
2026-09-22,1W,Personnel Services,24,0.8526825450078179,1.5699995676235994,2
2026-09-22,1W,Aluminum,25,0.7841071901304246,1.501424212746206,4
2026-09-22,1W,Commercial Printing/Forms,26,0.71658429472984,1.4339013173456214,2
2026-09-22,1W,Household/Personal Care,27,0.3808645082944093,1.0981815309101908,12
2026-09-22,1W,Investment Managers,28,0.37425244276477954,1.091569465380561,15
2026-09-22,1W,Miscellaneous Commercial Services,29,0.3471561376499308,1.0644731602657123,33
2026-09-22,1W,Electronic Equipment/Instruments,30,0.2996720054636961,1.0169890280794776,9
2026-09-22,1W,Engineering & Construction,31,0.29690437198138986,1.0142213945971714,59
2026-09-22,1W,Industrial Machinery,32,0.23393843941556325,0.9512554620313448,53
2026-09-22,1W,Broadcasting,33,0.07817275693463016,0.7954897795504117,3
2026-09-22,1W,Apparel/Footwear,34,0.056538569555449114,0.7738555921712307,16
2026-09-22,1W,Medical/Nursing Services,35,0.055741902318244496,0.7730589249340261,11
2026-09-22,1W,Pharmaceuticals: Other,36,0.050373056378346145,0.7676900789941277,6
2026-09-22,1W,Other Transportation,37,0.014961311585078407,0.73227833420086,4
2026-09-22,1W,Steel,38,-0.1348669738007513,0.5824500488150303,52
2026-09-22,1W,Oilfield Services/Equipment,39,-0.15500556577911118,0.5623114568366704,3
2026-09-22,1W,Oil Refining/Marketing,40,-0.15895587169145325,0.5583611509243283,7
2026-09-22,1W,Specialty Stores,41,-0.16495065873219308,0.5523663638835885,14
2026-09-22,1W,Industrial Conglomerates,42,-0.22300373189759493,0.49431329071818664,4
2026-09-22,1W,Electronic Production Equipment,43,-0.27634759342290494,0.4409694291928766,10
2026-09-22,1W,Gas Distributors,44,-0.3502972768171837,0.36701974579859786,6
2026-09-22,1W,Homebuilding,45,-0.3635458934072291,0.35377112920855247,4
2026-09-22,1W,Marine Shipping,46,-0.36601493335908897,0.3513020892566926,3
2026-09-22,1W,Other Consumer Specialties,47,-0.37323880661324227,0.3440782160025393,21
2026-09-22,1W,Auto Parts: OEM,48,-0.3891907295888333,0.3281262930269483,51
2026-09-22,1W,Major Banks,49,-0.40505910885898605,0.3122579137567955,21
2026-09-22,1W,Food: Major Diversified,50,-0.42298403390139905,0.2943329887143825,4
2026-09-22,1W,Wholesale Distributors,51,-0.4672429420745182,0.25007408054126334,16
2026-09-22,1W,Chemicals: Major Diversified,52,-0.4784256587073282,0.23889136390845334,13
2026-09-22,1W,Miscellaneous Manufacturing,53,-0.5153669828935975,0.20195003972218406,12
2026-09-22,1W,Other Metals/Minerals,54,-0.5452787178576353,0.1720383047581463,18
2026-09-22,1W,Specialty Insurance,55,-0.5722113502935436,0.14510567232223792,2
2026-09-22,1W,Textiles,56,-0.576933226447789,0.14038379616799257,27
2026-09-22,1W,Internet Software/Services,57,-0.6627858079994705,0.05453121461631105,11
2026-09-22,1W,Chemicals: Specialty,58,-0.6960242013690395,0.021292821246742033,55
2026-09-22,1W,Major Telecommunications,59,-0.7097675105771701,0.007549512038611428,6
2026-09-22,1W,Food: Meat/Fish/Dairy,60,-0.7507944649390621,-0.03347744232328054,7
2026-09-22,1W,Aerospace & Defense,61,-0.7652097711968516,-0.047892748581070066,9
2026-09-22,1W,Automotive Aftermarket,62,-0.9850698334229713,-0.2677528108071897,6
2026-09-22,1W,Other Consumer Services,63,-1.0671699403099248,-0.3498529176941433,4
2026-09-22,1W,Forest Products,64,-1.3032427741190773,-0.5859257515032957,3
2026-09-22,1W,Construction Materials,65,-1.3335931501813267,-0.6162761275655452,21
2026-09-22,1W,Office Equipment/Supplies,66,-1.3751595036059863,-0.6578424809902047,6
2026-09-22,1W,Electrical Products,67,-1.397352273077066,-0.6800352504612844,56
2026-09-22,1W,Electric Utilities,68,-1.4672342501051547,-0.7499172274893732,24
2026-09-22,1W,Chemicals: Agricultural,69,-1.5796619015397118,-0.8623448789239302,26
2026-09-22,1W,Industrial Specialties,70,-1.6273220691174675,-0.9100050465016859,29
2026-09-22,1W,Investment Banks/Brokers,71,-1.6414777591603522,-0.9241607365445706,21
2026-09-22,1W,Food: Specialty/Candy,72,-1.6599960773348068,-0.9426790547190252,18
2026-09-22,1W,Regional Banks,73,-1.7083640995969402,-0.9910470769811587,18
2026-09-22,1W,Investment Trusts/Mutual Funds,74,-1.736384750608274,-1.0190677279924922,6
2026-09-22,1W,Trucking,75,-1.7680849450110077,-1.050767922395226,3
2026-09-22,1W,Trucks/Construction/Farm Machinery,76,-1.8108356841218676,-1.093518661506086,21
2026-09-22,1W,Integrated Oil,77,-1.9318887651037782,-1.2145717424879967,7
2026-09-22,1W,Finance/Rental/Leasing,78,-2.0459635689722107,-1.328646546356429,52
2026-09-22,1W,Packaged Software,79,-2.071222267079289,-1.3539052444635074,38
2026-09-22,1W,Semiconductors,80,-2.1112613239726388,-1.393944301356857,11
2026-09-22,1W,Building Products,81,-2.201150389213053,-1.4838333665972714,11
2026-09-22,1W,Wireless Telecommunications,82,-2.2289047754877895,-1.5115877528720079,3
2026-09-22,1W,Motor Vehicles,83,-2.2348230732144794,-1.5175060505986977,16
2026-09-22,1W,Pulp & Paper,84,-2.2928617861825273,-1.5755447635667457,3
2026-09-22,1W,Electronics/Appliances,85,-2.7569769325388473,-2.0396599099230657,9
2026-09-22,1W,Miscellaneous,86,-2.9609269878857023,-2.2436099652699206,2
2026-09-22,1W,Financial Publishing/Services,87,-3.1340742120351046,-2.416757189419323,2
2026-09-22,1W,Biotechnology,88,-3.3614624075377475,-2.644145384921966,4
2026-09-22,1W,Information Technology Services,89,-3.7030394756818876,-2.985722453066106,31
2026-09-22,1W,Multi-Line Insurance,90,-3.7107416083948532,-2.9934245857790716,4
2026-09-22,1W,Home Furnishings,91,-3.8248682313998867,-3.107551208784105,7
2026-09-22,1W,Internet Retail,92,-3.9184209772542076,-3.201103954638426,4
2026-09-22,1W,Data Processing Services,93,-4.788636654516025,-4.071319631900243,3
2026-09-22,1W,Medical Specialties,94,-5.449701364451628,-4.732384341835846,6
2026-09-22,1W,Railroads,95,-5.513087757373866,-4.795770734758085,2
2026-09-22,1W,Oil & Gas Production,96,-6.13494371715541,-5.417626694539629,3
