date,window,industry,rank,ret,rel,members
2026-08-02,3M,Electronics Distributors,1,61.96954769660856,56.74025652576569,4
2026-08-02,3M,Telecommunications Equipment,2,43.871255917894025,38.64196474705116,7
2026-08-02,3M,Biotechnology,3,35.10751116392887,29.878219993086,4
2026-08-02,3M,Electronic Components,4,34.31311743767936,29.08382626683649,5
2026-08-02,3M,Personnel Services,5,32.963871859744735,27.734580688901865,2
2026-08-02,3M,Medical Specialties,6,32.374285011187105,27.144993840344235,5
2026-08-02,3M,Forest Products,7,30.015206864327585,24.78591569348472,2
2026-08-02,3M,Wholesale Distributors,8,26.925579360897142,21.696288190054275,16
2026-08-02,3M,Electronic Production Equipment,9,23.76198850259513,18.53269733175226,9
2026-08-02,3M,Medical/Nursing Services,10,22.573176240325445,17.343885069482575,12
2026-08-02,3M,Specialty Stores,11,21.87003767316847,16.640746502325598,11
2026-08-02,3M,Other Consumer Specialties,12,21.577131594805497,16.34784042396263,16
2026-08-02,3M,Other Transportation,13,18.449219695870017,13.219928525027148,4
2026-08-02,3M,Pharmaceuticals: Major,14,17.411576262303413,12.182285091460544,77
2026-08-02,3M,Hospital/Nursing Management,15,16.077292871656205,10.848001700813336,17
2026-08-02,3M,Industrial Specialties,16,15.593551711615213,10.364260540772342,25
2026-08-02,3M,Real Estate Development,17,14.71286904234686,9.483577871503991,32
2026-08-02,3M,Internet Software/Services,18,14.277361801004425,9.048070630161556,13
2026-08-02,3M,Containers/Packaging,19,14.087498373350003,8.858207202507137,10
2026-08-02,3M,Auto Parts: OEM,20,14.00665004301068,8.777358872167811,51
2026-08-02,3M,Miscellaneous Commercial Services,21,13.58603439198183,8.356743221138961,33
2026-08-02,3M,Electronic Equipment/Instruments,22,13.32385418452084,8.094563013677972,8
2026-08-02,3M,Air Freight/Couriers,23,12.96478259878012,7.7354914279372515,9
2026-08-02,3M,Apparel/Footwear,24,12.491547190705433,7.262256019862564,15
2026-08-02,3M,Pharmaceuticals: Other,25,12.41349545971781,7.184204288874941,6
2026-08-02,3M,Motor Vehicles,26,12.336231254879753,7.106940084036884,16
2026-08-02,3M,Electronics/Appliance Stores,27,12.299080774053198,7.06978960321033,2
2026-08-02,3M,Chemicals: Major Diversified,28,11.789739727089046,6.560448556246177,11
2026-08-02,3M,Internet Retail,29,11.655321586948252,6.426030416105384,4
2026-08-02,3M,Packaged Software,30,11.33652158757158,6.107230416728712,35
2026-08-02,3M,Metal Fabrication,31,11.09595662928433,5.866665458441462,26
2026-08-02,3M,Homebuilding,32,11.044692176451395,5.815401005608528,4
2026-08-02,3M,Wireless Telecommunications,33,10.969841416537866,5.7405502456949975,3
2026-08-02,3M,Home Furnishings,34,10.667810325781886,5.4385191549390175,6
2026-08-02,3M,Chemicals: Specialty,35,9.988005983049764,4.758714812206895,48
2026-08-02,3M,Food: Major Diversified,36,9.752882297164538,4.523591126321669,5
2026-08-02,3M,Beverages: Alcoholic,37,9.608151955390875,4.378860784548008,9
2026-08-02,3M,Textiles,38,9.564848058508169,4.3355568876653,24
2026-08-02,3M,Finance/Rental/Leasing,39,9.436170091577273,4.206878920734404,53
2026-08-02,3M,Hotels/Resorts/Cruise lines,40,8.686432227441774,3.457141056598905,11
2026-08-02,3M,Movies/Entertainment,41,8.637016805758833,3.4077256349159644,7
2026-08-02,3M,Electronics/Appliances,42,8.141700602277275,2.9124094314344067,9
2026-08-02,3M,Regional Banks,43,7.993650149071023,2.764358978228154,20
2026-08-02,3M,Oilfield Services/Equipment,44,7.316246481205495,2.086955310362626,2
2026-08-02,3M,Financial Conglomerates,45,7.071369036368181,1.8420778655253125,7
2026-08-02,3M,Life/Health Insurance,46,5.875375674568814,0.6460845037259455,8
2026-08-02,3M,Information Technology Services,47,5.641532683937346,0.412241513094477,30
2026-08-02,3M,Electrical Products,48,5.364343141797732,0.135051970954863,52
2026-08-02,3M,Industrial Machinery,49,5.157096289709524,-0.0721948811333446,55
2026-08-02,3M,Food: Specialty/Candy,50,4.386058377508084,-0.843232793334785,19
2026-08-02,3M,Integrated Oil,51,4.0351795039438,-1.1941116668990688,3
2026-08-02,3M,Automotive Aftermarket,52,3.810144698990912,-1.419146471851957,7
2026-08-02,3M,Construction Materials,53,3.277950831342637,-1.951340339500232,19
2026-08-02,3M,Real Estate Investment Trusts,54,3.2063063128799505,-2.022984857962918,7
2026-08-02,3M,Coal,55,2.859667151505388,-2.3696240193374813,4
2026-08-02,3M,Office Equipment/Supplies,56,2.634837552594579,-2.5944536182482896,6
2026-08-02,3M,Railroads,57,2.3929494712103367,-2.836341699632532,2
2026-08-02,3M,Engineering & Construction,58,2.390169260508449,-2.8391219103344194,54
2026-08-02,3M,Aerospace & Defense,59,2.380307100641079,-2.848984070201789,9
2026-08-02,3M,Investment Managers,60,2.0916543738137867,-3.137636797029082,13
2026-08-02,3M,Household/Personal Care,61,2.0068549085233807,-3.222436262319488,11
2026-08-02,3M,Oil & Gas Production,62,1.6326481870145075,-3.596642983828361,3
2026-08-02,3M,Broadcasting,63,1.5855336033454104,-3.6437575674974574,3
2026-08-02,3M,Marine Shipping,64,1.4836597438143295,-3.745631427028539,3
2026-08-02,3M,Multi-Line Insurance,65,1.4334972967339534,-3.7957938741089152,5
2026-08-02,3M,Chemicals: Agricultural,66,1.070634612763519,-4.15865655807935,24
2026-08-02,3M,Investment Trusts/Mutual Funds,67,0.788023770756495,-4.441267400086374,4
2026-08-02,3M,Building Products,68,0.6907402496649941,-4.538550921177874,12
2026-08-02,3M,Restaurants,69,0.3769244984099362,-4.852366672432932,7
2026-08-02,3M,Major Banks,70,0.1339303035818855,-5.095360867260983,22
2026-08-02,3M,Apparel/Footwear Retail,71,-0.4234088847147881,-5.6527000555576565,12
2026-08-02,3M,Agricultural Commodities/Milling,72,-0.6420203315277816,-5.87131150237065,22
2026-08-02,3M,Trucks/Construction/Farm Machinery,73,-1.6615359042762323,-6.890827075119101,19
2026-08-02,3M,Investment Banks/Brokers,74,-2.122211065078812,-7.35150223592168,21
2026-08-02,3M,Semiconductors,75,-2.331896893995615,-7.5611880648384835,9
2026-08-02,3M,Gas Distributors,76,-2.4102755438235755,-7.639566714666444,6
2026-08-02,3M,Food: Meat/Fish/Dairy,77,-2.4288319999889234,-7.658123170831792,6
2026-08-02,3M,Data Processing Services,78,-2.8675325678789143,-8.096823738721783,3
2026-08-02,3M,Pulp & Paper,79,-3.002264036411232,-8.2315552072541,4
2026-08-02,3M,Trucking,80,-3.145220052760139,-8.374511223603008,3
2026-08-02,3M,Steel,81,-3.34529883643272,-8.574590007275589,46
2026-08-02,3M,Miscellaneous Manufacturing,82,-3.581785721250636,-8.811076892093505,13
2026-08-02,3M,Major Telecommunications,83,-3.791560238829071,-9.02085140967194,6
2026-08-02,3M,Financial Publishing/Services,84,-3.915106233966116,-9.144397404808984,2
2026-08-02,3M,Publishing: Newspapers,85,-4.023790814434404,-9.253081985277271,2
2026-08-02,3M,Alternative Power Generation,86,-4.027970111107362,-9.257261281950232,10
2026-08-02,3M,Electric Utilities,87,-4.076406679921291,-9.30569785076416,24
2026-08-02,3M,Industrial Conglomerates,88,-4.372066150502208,-9.601357321345075,3
2026-08-02,3M,Oil Refining/Marketing,89,-5.863722717329647,-11.093013888172516,10
2026-08-02,3M,Other Consumer Services,90,-6.242993137788534,-11.4722843086314,5
2026-08-02,3M,Other Metals/Minerals,91,-8.206537765461775,-13.435828936304643,15
2026-08-02,3M,Specialty Insurance,92,-9.297159090909089,-14.526450261751956,2
2026-08-02,3M,Tobacco,93,-10.726985375391678,-15.956276546234546,3
2026-08-02,3M,Aluminum,94,-11.721104436839624,-16.950395607682495,4
2026-08-03,3M,Electronics Distributors,1,64.3662242883142,58.24723135549431,4
2026-08-03,3M,Telecommunications Equipment,2,39.83968190861864,33.720688975798744,7
2026-08-03,3M,Biotechnology,3,37.363412743494905,31.24441981067501,4
2026-08-03,3M,Medical Specialties,4,34.55760186913732,28.43860893631743,5
2026-08-03,3M,Electronic Components,5,31.42735463554096,25.308361702721065,5
2026-08-03,3M,Wholesale Distributors,6,30.46831647660924,24.349323543789342,16
2026-08-03,3M,Airlines,7,29.0701659642066,22.951173031386706,2
2026-08-03,3M,Personnel Services,8,27.303000652315724,21.18400771949583,2
2026-08-03,3M,Specialty Stores,9,24.37770083570894,18.258707902889043,11
2026-08-03,3M,Other Consumer Specialties,10,24.16805511695283,18.049062184132936,17
2026-08-03,3M,Electronic Production Equipment,11,21.24672503864916,15.127732105829262,10
2026-08-03,3M,Medical/Nursing Services,12,17.582767721665064,11.46377478884517,10
2026-08-03,3M,Industrial Specialties,13,17.169555927001017,11.050562994181124,25
2026-08-03,3M,Auto Parts: OEM,14,16.442865749043985,10.32387281622409,52
2026-08-03,3M,Internet Software/Services,15,16.412867370795574,10.29387443797568,13
2026-08-03,3M,Pharmaceuticals: Major,16,16.030302624944667,9.911309692124773,79
2026-08-03,3M,Other Transportation,17,15.189882747536403,9.07088981471651,4
2026-08-03,3M,Electronic Equipment/Instruments,18,14.813829619308844,8.69483668648895,8
2026-08-03,3M,Forest Products,19,14.224036333447646,8.105043400627752,4
2026-08-03,3M,Real Estate Development,20,13.638502741339906,7.519509808520011,35
2026-08-03,3M,Air Freight/Couriers,21,13.579111292899965,7.46011836008007,9
2026-08-03,3M,Packaged Software,22,13.15260994255152,7.033617009731625,37
2026-08-03,3M,Miscellaneous Commercial Services,23,12.746924929968074,6.627931997148179,34
2026-08-03,3M,Metal Fabrication,24,12.61456297900658,6.495570046186685,28
2026-08-03,3M,Internet Retail,25,12.541956576594934,6.42296364377504,4
2026-08-03,3M,Containers/Packaging,26,12.433335232506147,6.314342299686254,11
2026-08-03,3M,Motor Vehicles,27,12.078600492454653,5.959607559634758,16
2026-08-03,3M,Wireless Telecommunications,28,12.007919558384415,5.888926625564521,3
2026-08-03,3M,Beverages: Alcoholic,29,11.959483504190375,5.840490571370482,9
2026-08-03,3M,Movies/Entertainment,30,11.692385115942106,5.573392183122211,7
2026-08-03,3M,Pharmaceuticals: Other,31,11.678464122885696,5.559471190065802,5
2026-08-03,3M,Apparel/Footwear,32,11.67362468988349,5.554631757063595,18
2026-08-03,3M,Hospital/Nursing Management,33,11.48089558454815,5.361902651728256,16
2026-08-03,3M,Electronics/Appliance Stores,34,11.381841362732242,5.262848429912348,2
2026-08-03,3M,Textiles,35,11.137236008345385,5.018243075525488,26
2026-08-03,3M,Home Furnishings,36,10.364877677342305,4.245884744522408,7
2026-08-03,3M,Chemicals: Major Diversified,37,10.023562859559682,3.904569926739788,12
2026-08-03,3M,Finance/Rental/Leasing,38,9.858811733544057,3.739818800724162,55
2026-08-03,3M,Financial Conglomerates,39,9.769377886878788,3.650384954058893,8
2026-08-03,3M,Regional Banks,40,9.493091566277434,3.374098633457539,19
2026-08-03,3M,Information Technology Services,41,9.45188183551774,3.332888902697844,30
2026-08-03,3M,Electronics/Appliances,42,9.313123711288304,3.194130778468409,9
2026-08-03,3M,Homebuilding,43,9.302109006742793,3.1831160739228963,4
2026-08-03,3M,Oilfield Services/Equipment,44,9.208729092934137,3.089736160114242,3
2026-08-03,3M,Food: Major Diversified,45,9.01345853800654,2.894465605186644,5
2026-08-03,3M,Chemicals: Specialty,46,8.914337838185515,2.7953449053656207,51
2026-08-03,3M,Hotels/Resorts/Cruise lines,47,8.513264252407893,2.3942713195879985,16
2026-08-03,3M,Life/Health Insurance,48,8.383411892774683,2.2644189599547886,8
2026-08-03,3M,Automotive Aftermarket,49,6.883306757715004,0.7643138248951091,8
2026-08-03,3M,Construction Materials,50,6.315655913864043,0.196662981044148,21
2026-08-03,3M,Industrial Machinery,51,5.983088220071444,-0.1359047127484505,57
2026-08-03,3M,Coal,52,5.690383168653165,-0.4286097641667297,4
2026-08-03,3M,Restaurants,53,5.143430266959064,-0.9755626658608304,7
2026-08-03,3M,Food: Specialty/Candy,54,4.935476804795729,-1.1835161280241655,19
2026-08-03,3M,Multi-Line Insurance,55,4.742052400478134,-1.3769405323417605,5
2026-08-03,3M,Electrical Products,56,4.289944894986453,-1.8290480378334413,53
2026-08-03,3M,Data Processing Services,57,3.758578821897816,-2.360414110922078,3
2026-08-03,3M,Trucks/Construction/Farm Machinery,58,3.306434118737427,-2.812558814082468,19
2026-08-03,3M,Real Estate Investment Trusts,59,3.0131963967302124,-3.105796536089682,7
2026-08-03,3M,Major Banks,60,2.5813620280584386,-3.537630904761456,22
2026-08-03,3M,Building Products,61,2.5070305024320447,-3.61196243038785,12
2026-08-03,3M,Engineering & Construction,62,2.4209420014910767,-3.698050931328818,55
2026-08-03,3M,Household/Personal Care,63,2.387276129574283,-3.731716803245612,12
2026-08-03,3M,Agricultural Commodities/Milling,64,2.083710806679136,-4.035282126140759,24
2026-08-03,3M,Investment Managers,65,2.077118205113837,-4.041874727706057,13
2026-08-03,3M,Aerospace & Defense,66,1.895759499848747,-4.223233432971147,9
2026-08-03,3M,Oil & Gas Production,67,1.8484047127623,-4.270588220057595,3
2026-08-03,3M,Food: Meat/Fish/Dairy,68,1.4985008051429882,-4.620492127676906,6
2026-08-03,3M,Marine Shipping,69,1.4098135334736028,-4.709179399346292,3
2026-08-03,3M,Chemicals: Agricultural,70,1.2990789882616391,-4.819913944558255,26
2026-08-03,3M,Semiconductors,71,0.9983256091132622,-5.120667323706632,10
2026-08-03,3M,Railroads,72,0.8772429444168157,-5.241749988403079,2
2026-08-03,3M,Office Equipment/Supplies,73,-0.6877779995328619,-6.806770932352757,5
2026-08-03,3M,Gas Distributors,74,-1.7580626425400805,-7.877055575359975,6
2026-08-03,3M,Steel,75,-2.01904015274521,-8.138033085565105,49
2026-08-03,3M,Major Telecommunications,76,-2.33013057084807,-8.449123503667966,5
2026-08-03,3M,Trucking,77,-2.3948796859949693,-8.513872618814863,3
2026-08-03,3M,Financial Publishing/Services,78,-2.464375132000208,-8.583368064820103,2
2026-08-03,3M,Miscellaneous Manufacturing,79,-2.4853458527592376,-8.604338785579133,13
2026-08-03,3M,Investment Banks/Brokers,80,-2.49836202676787,-8.617354959587765,22
2026-08-03,3M,Other Consumer Services,81,-2.63022223532952,-8.749215168149416,5
2026-08-03,3M,Integrated Oil,82,-2.811206638910289,-8.930199571730183,4
2026-08-03,3M,Apparel/Footwear Retail,83,-3.11581930654591,-9.234812239365803,12
2026-08-03,3M,Investment Trusts/Mutual Funds,84,-3.414355338121495,-9.533348270941389,3
2026-08-03,3M,Oil Refining/Marketing,85,-3.942168677702116,-10.06116161052201,10
2026-08-03,3M,Pulp & Paper,86,-4.306524563177071,-10.425517495996964,4
2026-08-03,3M,Alternative Power Generation,87,-4.633361206034206,-10.752354138854102,10
2026-08-03,3M,Broadcasting,88,-4.864942424299331,-10.983935357119226,3
2026-08-03,3M,Electric Utilities,89,-5.20084659670246,-11.319839529522357,24
2026-08-03,3M,Other Metals/Minerals,90,-5.543948757769729,-11.662941690589625,15
2026-08-03,3M,Publishing: Newspapers,91,-5.602941230812956,-11.72193416363285,2
2026-08-03,3M,Tobacco,92,-7.321602195691374,-13.44059512851127,3
2026-08-03,3M,Industrial Conglomerates,93,-8.185518720604176,-14.30451165342407,4
2026-08-03,3M,Specialty Insurance,94,-8.799325536083957,-14.918318468903852,2
2026-08-03,3M,Aluminum,95,-10.581602123154582,-16.700595055974475,4
2026-08-04,3M,Electronics Distributors,1,60.55930126206327,55.77966301406905,4
2026-08-04,3M,Biotechnology,2,41.49297086226533,36.71333261427111,4
2026-08-04,3M,Telecommunications Equipment,3,38.673869620895815,33.8942313729016,7
2026-08-04,3M,Medical Specialties,4,32.22350921316821,27.443870965174,5
2026-08-04,3M,Electronic Components,5,30.494108404022025,25.714470156027808,5
2026-08-04,3M,Wholesale Distributors,6,29.29520438375575,24.51556613576153,16
2026-08-04,3M,Specialty Stores,7,24.82655993625909,20.04692168826488,11
2026-08-04,3M,Other Consumer Specialties,8,20.86036061398784,16.080722365993616,16
2026-08-04,3M,Electronic Production Equipment,9,20.565545888310208,15.785907640315992,9
2026-08-04,3M,Personnel Services,10,19.87452651515152,15.094888267157303,2
2026-08-04,3M,Consumer Sundries,11,18.302006800306845,13.52236855231263,2
2026-08-04,3M,Forest Products,12,16.52603249980642,11.746394251812204,5
2026-08-04,3M,Other Transportation,13,16.478946531935392,11.699308283941177,4
2026-08-04,3M,Medical/Nursing Services,14,16.153629385315416,11.3739911373212,12
2026-08-04,3M,Containers/Packaging,15,15.537682579141164,10.758044331146948,11
2026-08-04,3M,Auto Parts: OEM,16,15.38886554880524,10.609227300811025,51
2026-08-04,3M,Industrial Specialties,17,15.13029626196082,10.350658013966603,25
2026-08-04,3M,Oilfield Services/Equipment,18,15.126486634380951,10.346848386386736,2
2026-08-04,3M,Pharmaceuticals: Major,19,14.923260522724124,10.143622274729909,80
2026-08-04,3M,Internet Retail,20,14.778141887810404,9.998503639816189,4
2026-08-04,3M,Internet Software/Services,21,14.721981152472114,9.9423429044779,13
2026-08-04,3M,Electronic Equipment/Instruments,22,14.533426539771998,9.753788291777784,8
2026-08-04,3M,Air Freight/Couriers,23,13.75529226050454,8.975654012510324,8
2026-08-04,3M,Beverages: Alcoholic,24,13.31504685428915,8.535408606294935,9
2026-08-04,3M,Movies/Entertainment,25,13.068700315136873,8.289062067142655,7
2026-08-04,3M,Packaged Software,26,12.689835442807864,7.910197194813648,36
2026-08-04,3M,Miscellaneous Commercial Services,27,12.194511094518516,7.4148728465243,33
2026-08-04,3M,Textiles,28,12.00619215555248,7.226553907558264,31
2026-08-04,3M,Real Estate Development,29,11.645551023220085,6.865912775225867,35
2026-08-04,3M,Chemicals: Major Diversified,30,11.320930831954913,6.541292583960695,13
2026-08-04,3M,Apparel/Footwear,31,11.310509149502543,6.530870901508328,18
2026-08-04,3M,Metal Fabrication,32,11.243794550901708,6.464156302907492,27
2026-08-04,3M,Electronics/Appliance Stores,33,10.906212562226838,6.126574314232622,2
2026-08-04,3M,Hospital/Nursing Management,34,10.853690249278232,6.0740520012840165,17
2026-08-04,3M,Motor Vehicles,35,10.57080802127602,5.791169773281805,16
2026-08-04,3M,Home Furnishings,36,10.405151449129214,5.625513201134998,7
2026-08-04,3M,Pharmaceuticals: Other,37,10.247499551760676,5.46786130376646,5
2026-08-04,3M,Wireless Telecommunications,38,10.233484554050507,5.453846306056292,3
2026-08-04,3M,Financial Conglomerates,39,9.66188436333768,4.882246115343463,8
2026-08-04,3M,Restaurants,40,8.917102380781674,4.137464132787459,7
2026-08-04,3M,Chemicals: Specialty,41,8.61790527927724,3.838267031283024,49
2026-08-04,3M,Homebuilding,42,8.601089515739538,3.8214512677453225,4
2026-08-04,3M,Regional Banks,43,8.566055074406078,3.786416826411864,19
2026-08-04,3M,Electronics/Appliances,44,8.066862876579332,3.2872246285851165,9
2026-08-04,3M,Hotels/Resorts/Cruise lines,45,7.904150075283356,3.1245118272891403,15
2026-08-04,3M,Finance/Rental/Leasing,46,7.685295268701366,2.9056570207071504,55
2026-08-04,3M,Food: Major Diversified,47,7.510012244830055,2.730373996835839,5
2026-08-04,3M,Information Technology Services,48,7.35726581461379,2.577627566619574,30
2026-08-04,3M,Automotive Aftermarket,49,7.297513335325815,2.5178750873316,8
2026-08-04,3M,Oil & Gas Production,50,6.832458712764312,2.0528204647700967,2
2026-08-04,3M,Industrial Machinery,51,5.920159984390208,1.140521736395992,52
2026-08-04,3M,Coal,52,5.783089366134227,1.0034511181400116,4
2026-08-04,3M,Electrical Products,53,4.807613465706477,0.0279752177122611,51
2026-08-04,3M,Life/Health Insurance,54,4.228787780653673,-0.5508504673405428,8
2026-08-04,3M,Real Estate Investment Trusts,55,3.471069651170703,-1.3085685968235126,7
2026-08-04,3M,Construction Materials,56,3.3900767345762715,-1.3895615134179442,17
2026-08-04,3M,Food: Specialty/Candy,57,3.213098117599744,-1.566540130394472,18
2026-08-04,3M,Marine Shipping,58,3.0227619477687884,-1.7568763002254273,3
2026-08-04,3M,Miscellaneous,59,2.766585653909601,-2.0130525940846145,2
2026-08-04,3M,Building Products,60,2.5248821555121594,-2.254756092482056,12
2026-08-04,3M,Engineering & Construction,61,2.490832007151094,-2.2888062408431216,51
2026-08-04,3M,Semiconductors,62,2.0180402044648,-2.761598043529416,10
2026-08-04,3M,Integrated Oil,63,1.3410352961889531,-3.4386029518052625,4
2026-08-04,3M,Major Banks,64,0.8599108176382382,-3.9197274303559775,22
2026-08-04,3M,Multi-Line Insurance,65,0.6450674173341513,-4.134570830660064,5
2026-08-04,3M,Agricultural Commodities/Milling,66,0.5889017332013804,-4.190736514792835,24
2026-08-04,3M,Data Processing Services,67,0.4445306103921395,-4.335107637602076,3
2026-08-04,3M,Trucks/Construction/Farm Machinery,68,0.1859287469038498,-4.593709501090366,19
2026-08-04,3M,Aerospace & Defense,69,0.1822119908273797,-4.597426257166836,9
2026-08-04,3M,Cable/Satellite TV,70,-0.0035063113604469,-4.783144559354662,2
2026-08-04,3M,Financial Publishing/Services,71,-0.6358143162756094,-5.415452564269825,2
2026-08-04,3M,Investment Managers,72,-0.683607205742722,-5.4632454537369375,12
2026-08-04,3M,Chemicals: Agricultural,73,-0.6884803745731223,-5.468118622567338,25
2026-08-04,3M,Investment Trusts/Mutual Funds,74,-1.0881426297183945,-5.86778087771261,5
2026-08-04,3M,Railroads,75,-1.1016923959178415,-5.881330643912057,2
2026-08-04,3M,Food: Meat/Fish/Dairy,76,-1.155266559836931,-5.934904807831146,6
2026-08-04,3M,Trucking,77,-1.354357871292489,-6.133996119286705,3
2026-08-04,3M,Office Equipment/Supplies,78,-1.5795208046102582,-6.359159052604474,6
2026-08-04,3M,Apparel/Footwear Retail,79,-1.9716510397414568,-6.7512892877356725,12
2026-08-04,3M,Household/Personal Care,80,-2.022442452635775,-6.802080700629991,12
2026-08-04,3M,Steel,81,-2.1685364724432734,-6.948174720437489,48
2026-08-04,3M,Gas Distributors,82,-2.529273603591275,-7.30891185158549,6
2026-08-04,3M,Other Consumer Services,83,-2.660932277713483,-7.440570525707699,5
2026-08-04,3M,Miscellaneous Manufacturing,84,-2.7037680490231697,-7.483406297017385,12
2026-08-04,3M,Investment Banks/Brokers,85,-3.345595779437325,-8.12523402743154,22
2026-08-04,3M,Major Telecommunications,86,-4.463534183197779,-9.243172431191994,5
2026-08-04,3M,Pulp & Paper,87,-4.661179544371807,-9.440817792366024,3
2026-08-04,3M,Oil Refining/Marketing,88,-4.939475169928616,-9.71911341792283,10
2026-08-04,3M,Broadcasting,89,-5.175369272260943,-9.955007520255158,3
2026-08-04,3M,Publishing: Newspapers,90,-5.477575185576107,-10.257213433570325,2
2026-08-04,3M,Alternative Power Generation,91,-6.096048711204606,-10.875686959198822,10
2026-08-04,3M,Other Metals/Minerals,92,-6.483302601361435,-11.262940849355653,15
2026-08-04,3M,Tobacco,93,-6.543083711164306,-11.32272195915852,3
2026-08-04,3M,Electric Utilities,94,-6.986025556357343,-11.765663804351558,23
2026-08-04,3M,Industrial Conglomerates,95,-8.398521019051284,-13.1781592670455,4
2026-08-04,3M,Specialty Insurance,96,-9.160524944265202,-13.940163192259416,2
2026-08-04,3M,Aluminum,97,-10.33245161366072,-15.112089861654937,4
2026-08-05,3M,Electronics Distributors,1,60.5570718057752,56.48837752643036,4
2026-08-05,3M,Biotechnology,2,41.26313730393096,37.19444302458612,4
2026-08-05,3M,Telecommunications Equipment,3,32.92064962547987,28.851955346135032,7
2026-08-05,3M,Electronic Components,4,32.461191745782195,28.39249746643736,5
2026-08-05,3M,Medical Specialties,5,32.08732384695912,28.01862956761428,5
2026-08-05,3M,Wholesale Distributors,6,28.50499124497974,24.436296965634902,15
2026-08-05,3M,Airlines,7,22.739529880603023,18.670835601258187,2
2026-08-05,3M,Specialty Stores,8,22.003479361251102,17.93478508190627,11
2026-08-05,3M,Electronic Production Equipment,9,20.45949200448084,16.390797725135997,9
2026-08-05,3M,Oilfield Services/Equipment,10,19.69891034403165,15.63021606468681,2
2026-08-05,3M,Other Consumer Specialties,11,19.120036256128085,15.051341976783249,18
2026-08-05,3M,Personnel Services,12,17.143517163578313,13.074822884233477,2
2026-08-05,3M,Electronic Equipment/Instruments,13,16.792848353910934,12.724154074566098,8
2026-08-05,3M,Electronics/Appliance Stores,14,16.532523284176122,12.463829004831286,2
2026-08-05,3M,Auto Parts: OEM,15,15.68140618031089,11.612711900966056,51
2026-08-05,3M,Medical/Nursing Services,16,15.658261309337249,11.58956702999241,10
2026-08-05,3M,Other Transportation,17,15.194997433026291,11.126303153681455,4
2026-08-05,3M,Internet Retail,18,14.367524060244351,10.298829780899515,4
2026-08-05,3M,Beverages: Alcoholic,19,13.6519658324914,9.583271553146565,9
2026-08-05,3M,Internet Software/Services,20,13.14375901641078,9.075064737065944,13
2026-08-05,3M,Packaged Software,21,13.083191475487013,9.014497196142177,35
2026-08-05,3M,Pharmaceuticals: Major,22,12.901873635787265,8.833179356442425,77
2026-08-05,3M,Movies/Entertainment,23,12.890783568502997,8.82208928915816,8
2026-08-05,3M,Metal Fabrication,24,12.585354676574354,8.516660397229519,26
2026-08-05,3M,Restaurants,25,12.486268577876189,8.417574298531353,7
2026-08-05,3M,Containers/Packaging,26,12.384507883463066,8.31581360411823,10
2026-08-05,3M,Industrial Specialties,27,12.322274061290356,8.253579781945518,26
2026-08-05,3M,Home Furnishings,28,12.307541555152854,8.238847275808016,7
2026-08-05,3M,Apparel/Footwear,29,11.917157550718528,7.848463271373691,18
2026-08-05,3M,Chemicals: Major Diversified,30,10.772563117795029,6.703868838450192,11
2026-08-05,3M,Textiles,31,10.692958946693553,6.624264667348714,28
2026-08-05,3M,Miscellaneous Commercial Services,32,10.663279660631158,6.594585381286321,32
2026-08-05,3M,Electronics/Appliances,33,10.40540637447342,6.336712095128584,9
2026-08-05,3M,Real Estate Development,34,9.953590440482378,5.884896161137541,33
2026-08-05,3M,Motor Vehicles,35,9.887178485214651,5.818484205869814,16
2026-08-05,3M,Hospital/Nursing Management,36,9.782405611173653,5.713711331828816,18
2026-08-05,3M,Forest Products,37,9.40251006922217,5.333815789877334,4
2026-08-05,3M,Air Freight/Couriers,38,8.860353324914433,4.791659045569596,10
2026-08-05,3M,Pharmaceuticals: Other,39,8.68741778544176,4.618723506096923,6
2026-08-05,3M,Financial Conglomerates,40,8.156437494631486,4.0877432152866495,8
2026-08-05,3M,Wireless Telecommunications,41,7.470437612567171,3.401743333222336,3
2026-08-05,3M,Information Technology Services,42,7.064320838662871,2.9956265593180342,29
2026-08-05,3M,Regional Banks,43,6.713441269372806,2.644746990027969,20
2026-08-05,3M,Finance/Rental/Leasing,44,6.589717695151415,2.521023415806578,55
2026-08-05,3M,Oil & Gas Production,45,6.534920538003947,2.46622625865911,2
2026-08-05,3M,Electrical Products,46,6.041050490434581,1.9723562110897443,52
2026-08-05,3M,Automotive Aftermarket,47,6.034083877104617,1.9653895977597804,8
2026-08-05,3M,Chemicals: Specialty,48,6.018770953287509,1.9500766739426725,47
2026-08-05,3M,Industrial Machinery,49,5.879497651641896,1.810803372297059,53
2026-08-05,3M,Homebuilding,50,5.516348907445515,1.447654628100678,4
2026-08-05,3M,Hotels/Resorts/Cruise lines,51,5.417227399010666,1.348533119665829,16
2026-08-05,3M,Coal,52,5.0855639064854286,1.0168696271405917,4
2026-08-05,3M,Food: Major Diversified,53,4.8251373832592765,0.7564431039144397,5
2026-08-05,3M,Real Estate Investment Trusts,54,3.5067985621730964,-0.5618957171717405,7
2026-08-05,3M,Integrated Oil,55,3.329220480643101,-0.7394737987017357,4
2026-08-05,3M,Food: Specialty/Candy,56,3.2790109462778854,-0.7896833330669515,17
2026-08-05,3M,Multi-Line Insurance,57,2.901090499677019,-1.167603779667818,5
2026-08-05,3M,Construction Materials,58,2.8924736858754576,-1.1762205934693792,19
2026-08-05,3M,Engineering & Construction,59,2.535872874450616,-1.532821404894221,52
2026-08-05,3M,Life/Health Insurance,60,2.287189222642005,-1.781505056702832,8
2026-08-05,3M,Semiconductors,61,1.8805712548193736,-2.1881230245254635,10
2026-08-05,3M,Investment Trusts/Mutual Funds,62,1.5582440823209822,-2.510450197023854,6
2026-08-05,3M,Marine Shipping,63,1.217849047070449,-2.850845232274388,3
2026-08-05,3M,Aerospace & Defense,64,0.3945738499313474,-3.6741204294134895,9
2026-08-05,3M,Building Products,65,0.2787603178961474,-3.7899339614486895,13
2026-08-05,3M,Household/Personal Care,66,0.1845019255043021,-3.884192353840535,11
2026-08-05,3M,Data Processing Services,67,-0.3591609790787323,-4.427855258423569,3
2026-08-05,3M,Trucks/Construction/Farm Machinery,68,-0.5839019899993949,-4.652596269344231,19
2026-08-05,3M,Agricultural Commodities/Milling,69,-0.7990023987337967,-4.867696678078634,23
2026-08-05,3M,Investment Managers,70,-0.816708824505454,-4.885403103850291,12
2026-08-05,3M,Financial Publishing/Services,71,-0.8389148209745421,-4.9076091003193785,2
2026-08-05,3M,Steel,72,-0.9196070351941628,-4.988301314538999,50
2026-08-05,3M,Major Banks,73,-0.97073856601229,-5.039432845357127,22
2026-08-05,3M,Chemicals: Agricultural,74,-2.717709755267381,-6.786404034612218,25
2026-08-05,3M,Office Equipment/Supplies,75,-2.8471038130011044,-6.915798092345941,5
2026-08-05,3M,Food: Meat/Fish/Dairy,76,-2.8669419690367004,-6.935636248381537,6
2026-08-05,3M,Trucking,77,-2.9703436601563324,-7.039037939501169,3
2026-08-05,3M,Railroads,78,-3.297216110750376,-7.3659103900952125,2
2026-08-05,3M,Apparel/Footwear Retail,79,-3.555114783921443,-7.62380906326628,12
2026-08-05,3M,Gas Distributors,80,-3.734280638444064,-7.8029749177889,6
2026-08-05,3M,Miscellaneous Manufacturing,81,-3.85272973828059,-7.921424017625426,12
2026-08-05,3M,Other Metals/Minerals,82,-4.02445708665975,-8.093151366004587,15
2026-08-05,3M,Other Consumer Services,83,-4.713899708562266,-8.782593987907102,5
2026-08-05,3M,Oil Refining/Marketing,84,-5.097183887200224,-9.16587816654506,10
2026-08-05,3M,Major Telecommunications,85,-5.63595501857126,-9.704649297916095,5
2026-08-05,3M,Investment Banks/Brokers,86,-6.27083957410993,-10.339533853454768,22
2026-08-05,3M,Publishing: Newspapers,87,-6.322033932081366,-10.390728211426204,2
2026-08-05,3M,Electric Utilities,88,-6.4328998122217085,-10.501594091566544,23
2026-08-05,3M,Pulp & Paper,89,-6.896934956752633,-10.96562923609747,4
2026-08-05,3M,Alternative Power Generation,90,-6.936599908444298,-11.005294187789136,9
2026-08-05,3M,Tobacco,91,-7.319223749179564,-11.3879180285244,3
2026-08-05,3M,Specialty Insurance,92,-8.815739270426029,-12.884433549770865,2
2026-08-05,3M,Broadcasting,93,-9.353000937766009,-13.421695217110845,3
2026-08-05,3M,Industrial Conglomerates,94,-9.355358330853392,-13.424052610198228,4
2026-08-05,3M,Aluminum,95,-10.474208001934953,-14.54290228127979,4
2026-08-06,3M,Electronics Distributors,1,55.49886447478078,51.40861722728226,4
2026-08-06,3M,Biotechnology,2,42.90062579797504,38.810378550476514,4
2026-08-06,3M,Medical Specialties,3,31.08980834704388,26.99956109954536,5
2026-08-06,3M,Electronic Components,4,30.362562410306808,26.272315162808283,5
2026-08-06,3M,Wholesale Distributors,5,28.18627707799552,24.09602983049699,16
2026-08-06,3M,Airlines,6,23.69317757172325,19.60293032422473,2
2026-08-06,3M,Telecommunications Equipment,7,23.54105436728291,19.450807119784383,6
2026-08-06,3M,Specialty Stores,8,22.544475354635683,18.45422810713716,11
2026-08-06,3M,Electronic Production Equipment,9,19.20973738213626,15.119490134637736,10
2026-08-06,3M,Other Consumer Specialties,10,18.40459728106195,14.314350033563423,17
2026-08-06,3M,Electronics/Appliance Stores,11,17.91720041101074,13.826953163512217,2
2026-08-06,3M,Personnel Services,12,16.54883781623093,12.458590568732404,2
2026-08-06,3M,Other Transportation,13,16.371644038051617,12.281396790553092,4
2026-08-06,3M,Oilfield Services/Equipment,14,14.90762802276508,10.817380775266557,2
2026-08-06,3M,Electronic Equipment/Instruments,15,14.78619591239599,10.695948664897465,8
2026-08-06,3M,Medical/Nursing Services,16,14.48622993507808,10.395982687579554,9
2026-08-06,3M,Auto Parts: OEM,17,13.995019538659813,9.904772291161288,52
2026-08-06,3M,Electronics/Appliances,18,13.898251317701927,9.808004070203404,9
2026-08-06,3M,Internet Software/Services,19,13.579937389628656,9.48969014213013,13
2026-08-06,3M,Pharmaceuticals: Major,20,13.054541461604371,8.964294214105845,76
2026-08-06,3M,Internet Retail,21,12.956839130078508,8.866591882579982,4
2026-08-06,3M,Packaged Software,22,12.79378158561402,8.703534338115492,35
2026-08-06,3M,Beverages: Alcoholic,23,12.28265204014594,8.192404792647416,9
2026-08-06,3M,Restaurants,24,11.823995744749318,7.733748497250793,7
2026-08-06,3M,Chemicals: Major Diversified,25,11.758538847282107,7.668291599783582,11
2026-08-06,3M,Movies/Entertainment,26,11.53752936499198,7.447282117493455,7
2026-08-06,3M,Industrial Specialties,27,11.337709232905311,7.247461985406788,25
2026-08-06,3M,Apparel/Footwear,28,11.044618860213683,6.954371612715158,18
2026-08-06,3M,Home Furnishings,29,11.007939013460506,6.9176917659619805,7
2026-08-06,3M,Containers/Packaging,30,10.140080212952014,6.049832965453489,12
2026-08-06,3M,Pharmaceuticals: Other,31,9.573345135186308,5.483097887687783,5
2026-08-06,3M,Forest Products,32,9.26141767490406,5.171170427405536,5
2026-08-06,3M,Financial Conglomerates,33,9.225669769136662,5.135422521638136,9
2026-08-06,3M,Metal Fabrication,34,9.025352541645344,4.93510529414682,25
2026-08-06,3M,Textiles,35,8.921360606380327,4.831113358881802,29
2026-08-06,3M,Motor Vehicles,36,8.597108574529216,4.50686132703069,16
2026-08-06,3M,Hospital/Nursing Management,37,8.44756002177117,4.357312774272645,19
2026-08-06,3M,Miscellaneous Commercial Services,38,8.398580872726484,4.308333625227959,32
2026-08-06,3M,Regional Banks,39,8.390138873858154,4.299891626359629,19
2026-08-06,3M,Real Estate Development,40,7.90868750811922,3.818440260620695,36
2026-08-06,3M,Chemicals: Specialty,41,7.472908661699682,3.3826614142011566,50
2026-08-06,3M,Finance/Rental/Leasing,42,7.3959299020933855,3.30568265459486,55
2026-08-06,3M,Information Technology Services,43,6.892146692532634,2.801899445034109,30
2026-08-06,3M,Wireless Telecommunications,44,6.667511283043152,2.5772640355446264,3
2026-08-06,3M,Air Freight/Couriers,45,6.393147892957667,2.3029006454591414,9
2026-08-06,3M,Automotive Aftermarket,46,6.351239196010345,2.26099194851182,7
2026-08-06,3M,Hotels/Resorts/Cruise lines,47,6.223706196572171,2.133458949073645,16
2026-08-06,3M,Industrial Machinery,48,5.711631640719117,1.621384393220592,57
2026-08-06,3M,Coal,49,5.410474935074458,1.3202276875759322,4
2026-08-06,3M,Food: Major Diversified,50,5.387532404680065,1.2972851571815394,5
2026-08-06,3M,Homebuilding,51,4.206293135771264,0.1160458882727386,4
2026-08-06,3M,Oil & Gas Production,52,3.866894985271669,-0.2233522622268564,2
2026-08-06,3M,Real Estate Investment Trusts,53,3.784400684078128,-0.3058465634203977,7
2026-08-06,3M,Electrical Products,54,3.72919725678712,-0.3610499907114053,53
2026-08-06,3M,Pulp & Paper,55,3.1137729907679064,-0.976474256730619,2
2026-08-06,3M,Integrated Oil,56,2.935195225845108,-1.1550520216534177,4
2026-08-06,3M,Semiconductors,57,2.4433375533212334,-1.646909694177292,9
2026-08-06,3M,Food: Specialty/Candy,58,2.4329677362509585,-1.657279511247567,17
2026-08-06,3M,Building Products,59,2.385746741318417,-1.704500506180108,11
2026-08-06,3M,Construction Materials,60,1.4125543008671464,-2.677692946631379,20
2026-08-06,3M,Life/Health Insurance,61,1.3298756364864297,-2.760371611012096,8
2026-08-06,3M,Household/Personal Care,62,0.9413953585846728,-3.1488518889138524,12
2026-08-06,3M,Food: Meat/Fish/Dairy,63,0.814243878915303,-3.2760033685832224,6
2026-08-06,3M,Engineering & Construction,64,0.5296986752626798,-3.5605485722358456,56
2026-08-06,3M,Aerospace & Defense,65,0.4268808268889175,-3.663366420609608,9
2026-08-06,3M,Multi-Line Insurance,66,0.33740905245235,-3.7528381950461753,5
2026-08-06,3M,Major Banks,67,0.0944756675213774,-3.995771579977148,22
2026-08-06,3M,Financial Publishing/Services,68,-0.1451301849608954,-4.235377432459421,2
2026-08-06,3M,Trucks/Construction/Farm Machinery,69,-0.1962222865801221,-4.286469534078647,19
2026-08-06,3M,Investment Trusts/Mutual Funds,70,-0.8570664451826955,-4.947313692681221,4
2026-08-06,3M,Marine Shipping,71,-1.164591288757923,-5.2548385362564485,3
2026-08-06,3M,Data Processing Services,72,-1.3992026654214151,-5.489449912919941,4
2026-08-06,3M,Investment Managers,73,-1.768949863421874,-5.8591971109204,15
2026-08-06,3M,Office Equipment/Supplies,74,-1.898547316280896,-5.988794563779421,5
2026-08-06,3M,Steel,75,-2.295229733401062,-6.385476980899588,47
2026-08-06,3M,Chemicals: Agricultural,76,-2.488061243293456,-6.578308490791981,22
2026-08-06,3M,Miscellaneous Manufacturing,77,-3.065621643926926,-7.155868891425452,14
2026-08-06,3M,Railroads,78,-3.423800199373395,-7.51404744687192,2
2026-08-06,3M,Apparel/Footwear Retail,79,-3.5165496830996785,-7.606796930598204,12
2026-08-06,3M,Gas Distributors,80,-3.570807124511149,-7.661054372009675,6
2026-08-06,3M,Oil Refining/Marketing,81,-3.844486408491946,-7.934733655990471,10
2026-08-06,3M,Trucking,82,-4.250880648789761,-8.341127896288286,3
2026-08-06,3M,Other Consumer Services,83,-4.309016754166371,-8.399264001664896,5
2026-08-06,3M,Other Metals/Minerals,84,-4.586199667527689,-8.676446915026215,15
2026-08-06,3M,Major Telecommunications,85,-5.663150577102917,-9.753397824601445,6
2026-08-06,3M,Agricultural Commodities/Milling,86,-6.436283108246447,-10.526530355744972,24
2026-08-06,3M,Electric Utilities,87,-7.123604798637649,-11.213852046136177,24
2026-08-06,3M,Investment Banks/Brokers,88,-7.396868918366419,-11.487116165864943,20
2026-08-06,3M,Alternative Power Generation,89,-7.735579800106515,-11.82582704760504,9
2026-08-06,3M,Publishing: Newspapers,90,-7.922770908088284,-12.01301815558681,2
2026-08-06,3M,Aluminum,91,-7.974330792241288,-12.064578039739814,4
2026-08-06,3M,Tobacco,92,-8.151436709403187,-12.241683956901714,3
2026-08-06,3M,Industrial Conglomerates,93,-8.93943799651692,-13.029685244015448,4
2026-08-06,3M,Broadcasting,94,-9.76345360406487,-13.853700851563396,3
2026-08-06,3M,Specialty Insurance,95,-10.413459644806307,-14.503706892304834,2
2026-08-07,3M,Electronics Distributors,1,57.33751014260804,53.18479509297361,4
2026-08-07,3M,Biotechnology,2,46.17189945217023,42.0191844025358,4
2026-08-07,3M,Medical Specialties,3,32.33700638888105,28.184291339246617,5
2026-08-07,3M,Electronic Components,4,30.8893307233171,26.736615673682667,5
2026-08-07,3M,Wholesale Distributors,5,27.65733334298188,23.50461829334745,15
2026-08-07,3M,Airlines,6,27.146569518263625,22.99385446862919,2
2026-08-07,3M,Telecommunications Equipment,7,24.428233276392103,20.275518226757672,7
2026-08-07,3M,Electronics/Appliance Stores,8,23.475664790447667,19.322949740813232,2
2026-08-07,3M,Specialty Stores,9,23.006409151797385,18.85369410216295,11
2026-08-07,3M,Other Consumer Specialties,10,21.71140995608976,17.558694906455326,17
2026-08-07,3M,Electronic Production Equipment,11,20.96488730354738,16.812172253912944,9
2026-08-07,3M,Restaurants,12,18.3743486623495,14.221633612715069,7
2026-08-07,3M,Oilfield Services/Equipment,13,17.210837976732808,13.058122927098374,2
2026-08-07,3M,Auto Parts: OEM,14,16.48004549508595,12.327330445451516,52
2026-08-07,3M,Other Transportation,15,16.14925185848745,11.996536808853016,4
2026-08-07,3M,Personnel Services,16,15.622954285676528,11.470239236042094,2
2026-08-07,3M,Electronic Equipment/Instruments,17,15.428057074023965,11.27534202438953,8
2026-08-07,3M,Medical/Nursing Services,18,14.817945785706318,10.665230736071884,9
2026-08-07,3M,Packaged Software,19,14.51525330533418,10.362538255699748,36
2026-08-07,3M,Electronics/Appliances,20,14.34511850045452,10.192403450820088,9
2026-08-07,3M,Pharmaceuticals: Major,21,13.30020400517172,9.147488955537288,77
2026-08-07,3M,Internet Retail,22,13.01914240729714,8.866427357662705,4
2026-08-07,3M,Internet Software/Services,23,12.934494119081,8.781779069446568,13
2026-08-07,3M,Apparel/Footwear,24,12.037547634678871,7.88483258504444,18
2026-08-07,3M,Beverages: Alcoholic,25,11.846847236307806,7.6941321866733725,9
2026-08-07,3M,Chemicals: Major Diversified,26,11.65473198637446,7.502016936740026,11
2026-08-07,3M,Containers/Packaging,27,11.111926217719429,6.959211168084994,11
2026-08-07,3M,Industrial Specialties,28,10.779351860817506,6.626636811183073,26
2026-08-07,3M,Pharmaceuticals: Other,29,10.51190684987485,6.359191800240416,6
2026-08-07,3M,Movies/Entertainment,30,10.498820367430806,6.346105317796373,7
2026-08-07,3M,Metal Fabrication,31,9.90077177434722,5.748056724712787,27
2026-08-07,3M,Hospital/Nursing Management,32,9.74482881431546,5.592113764681026,18
2026-08-07,3M,Motor Vehicles,33,9.415980161670774,5.263265112036341,16
2026-08-07,3M,Textiles,34,9.350309361922372,5.197594312287939,28
2026-08-07,3M,Home Furnishings,35,8.416660047557004,4.263944997922571,7
2026-08-07,3M,Information Technology Services,36,8.358846381949,4.206131332314567,29
2026-08-07,3M,Forest Products,37,8.340004637972775,4.187289588338342,5
2026-08-07,3M,Financial Conglomerates,38,8.111037317953212,3.958322268318778,8
2026-08-07,3M,Real Estate Development,39,7.864774899652148,3.712059850017715,36
2026-08-07,3M,Miscellaneous Commercial Services,40,7.781621546126933,3.6289064964925,33
2026-08-07,3M,Wireless Telecommunications,41,7.617498935539038,3.4647838859046045,3
2026-08-07,3M,Regional Banks,42,7.399828573997859,3.247113524363426,19
2026-08-07,3M,Chemicals: Specialty,43,6.4804719262203365,2.327756876585904,49
2026-08-07,3M,Food: Major Diversified,44,5.686063933666129,1.533348884031696,5
2026-08-07,3M,Coal,45,5.6803137820800265,1.5275987324455933,4
2026-08-07,3M,Industrial Machinery,46,5.652402739014439,1.4996876893800062,56
2026-08-07,3M,Automotive Aftermarket,47,5.614221611377072,1.461506561742639,6
2026-08-07,3M,Air Freight/Couriers,48,5.588674175153253,1.4359591255188198,9
2026-08-07,3M,Hotels/Resorts/Cruise lines,49,5.163084748641549,1.010369699007116,16
2026-08-07,3M,Finance/Rental/Leasing,50,4.918234623741111,0.765519574106678,55
2026-08-07,3M,Homebuilding,51,4.426459625530004,0.273744575895571,4
2026-08-07,3M,Electrical Products,52,4.329296692850554,0.1765816432161209,53
2026-08-07,3M,Real Estate Investment Trusts,53,4.092641017648735,-0.0600740319856978,7
2026-08-07,3M,Oil & Gas Production,54,3.3374250275046933,-0.8152900221297399,2
2026-08-07,3M,Food: Specialty/Candy,55,3.202848883018961,-0.9498661666154716,18
2026-08-07,3M,Construction Materials,56,2.151251021471604,-2.0014640281628293,19
2026-08-07,3M,Semiconductors,57,1.6318313155776438,-2.520883734056789,10
2026-08-07,3M,Data Processing Services,58,1.3801325775398108,-2.7725824720946224,4
2026-08-07,3M,Food: Meat/Fish/Dairy,59,1.1456440118119655,-3.007071037822468,6
2026-08-07,3M,Household/Personal Care,60,0.958492096678926,-3.194222952955508,12
2026-08-07,3M,Integrated Oil,61,0.6417492403791396,-3.5109658092552936,4
2026-08-07,3M,Aerospace & Defense,62,0.5868209122122678,-3.5658941374221653,9
2026-08-07,3M,Building Products,63,0.530746308216159,-3.621968741418274,11
2026-08-07,3M,Engineering & Construction,64,0.5213507307195611,-3.631364318914872,54
2026-08-07,3M,Life/Health Insurance,65,0.3528987249493172,-3.799816324685116,8
2026-08-07,3M,Major Banks,66,-0.200148632651364,-4.352863682285797,22
2026-08-07,3M,Trucks/Construction/Farm Machinery,67,-0.295399743668423,-4.448114793302857,20
2026-08-07,3M,Financial Publishing/Services,68,-0.3226431693113798,-4.4753582189458125,2
2026-08-07,3M,Office Equipment/Supplies,69,-0.5003610304833477,-4.653076080117781,5
2026-08-07,3M,Multi-Line Insurance,70,-1.48910563958295,-5.641820689217383,5
2026-08-07,3M,Pulp & Paper,71,-1.7004470278641888,-5.853162077498622,3
2026-08-07,3M,Investment Managers,72,-1.978928593609684,-6.131643643244117,14
2026-08-07,3M,Investment Trusts/Mutual Funds,73,-1.9988376239553125,-6.1515526735897454,4
2026-08-07,3M,Marine Shipping,74,-2.276700421702709,-6.429415471337142,3
2026-08-07,3M,Steel,75,-2.374862153511577,-6.527577203146011,49
2026-08-07,3M,Chemicals: Agricultural,76,-2.4063360984272406,-6.559051148061673,19
2026-08-07,3M,Other Metals/Minerals,77,-3.640969168606337,-7.79368421824077,15
2026-08-07,3M,Miscellaneous Manufacturing,78,-3.6787122204181206,-7.831427270052554,13
2026-08-07,3M,Oil Refining/Marketing,79,-3.936828623816125,-8.089543673450558,10
2026-08-07,3M,Apparel/Footwear Retail,80,-3.948666800599517,-8.10138185023395,12
2026-08-07,3M,Gas Distributors,81,-4.25776189678627,-8.410476946420703,6
2026-08-07,3M,Railroads,82,-4.513018608183802,-8.665733657818235,2
2026-08-07,3M,Other Consumer Services,83,-5.319896239410709,-9.472611289045142,5
2026-08-07,3M,Major Telecommunications,84,-5.520857327221417,-9.673572376855851,4
2026-08-07,3M,Trucking,85,-5.617034049555464,-9.769749099189898,3
2026-08-07,3M,Agricultural Commodities/Milling,86,-6.014293926459772,-10.167008976094206,25
2026-08-07,3M,Electric Utilities,87,-7.040454527821334,-11.193169577455766,23
2026-08-07,3M,Publishing: Newspapers,88,-7.4725530902768735,-11.625268139911306,2
2026-08-07,3M,Alternative Power Generation,89,-7.59927424820957,-11.751989297844004,10
2026-08-07,3M,Investment Banks/Brokers,90,-7.667464942866642,-11.820179992501076,21
2026-08-07,3M,Aluminum,91,-7.890775171588664,-12.043490221223095,4
2026-08-07,3M,Tobacco,92,-8.141782165146378,-12.294497214780812,3
2026-08-07,3M,Industrial Conglomerates,93,-8.481446447983672,-12.634161497618106,4
2026-08-07,3M,Broadcasting,94,-9.535859554499416,-13.688574604133851,3
2026-08-07,3M,Specialty Insurance,95,-11.131529037879954,-15.284244087514388,2
2026-08-10,3M,Electronics Distributors,1,53.25360799656051,47.1053435263618,4
2026-08-10,3M,Biotechnology,2,51.81894113976784,45.67067666956913,4
2026-08-10,3M,Medical Specialties,3,36.49605273544297,30.34778826524426,5
2026-08-10,3M,Electronics/Appliance Stores,4,35.325,29.176735529801284,2
2026-08-10,3M,Airlines,5,31.77495053215904,25.626686061960324,2
2026-08-10,3M,Wholesale Distributors,6,31.551143325487235,25.402878855288524,15
2026-08-10,3M,Electronic Components,7,30.13744565742422,23.98918118722551,5
2026-08-10,3M,Specialty Stores,8,30.012944401273828,23.86467993107512,11
2026-08-10,3M,Telecommunications Equipment,9,27.827157174068063,21.67889270386935,7
2026-08-10,3M,Other Consumer Specialties,10,27.79151201175449,21.64324754155578,16
2026-08-10,3M,Electronic Production Equipment,11,21.79454928898076,15.646284818782044,9
2026-08-10,3M,Electronic Equipment/Instruments,12,20.07631150285234,13.92804703265363,8
2026-08-10,3M,Restaurants,13,20.026141578677542,13.877877108478836,7
2026-08-10,3M,Auto Parts: OEM,14,18.674957569807603,12.526693099608892,51
2026-08-10,3M,Internet Software/Services,15,17.69353023920952,11.545265769010808,13
2026-08-10,3M,Personnel Services,16,17.568175437700987,11.419910967502275,2
2026-08-10,3M,Packaged Software,17,16.63016007208266,10.481895601883949,36
2026-08-10,3M,Oilfield Services/Equipment,18,16.601064043934343,10.452799573735632,3
2026-08-10,3M,Other Transportation,19,15.805766483639244,9.657502013440531,4
2026-08-10,3M,Electronics/Appliances,20,15.718403105187758,9.570138634989046,8
2026-08-10,3M,Apparel/Footwear,21,14.447290951427773,8.29902648122906,18
2026-08-10,3M,Containers/Packaging,22,14.167227472979176,8.018963002780463,10
2026-08-10,3M,Pharmaceuticals: Other,23,13.37071381949712,7.22244934929841,6
2026-08-10,3M,Beverages: Alcoholic,24,13.099606915626422,6.951342445427711,9
2026-08-10,3M,Internet Retail,25,13.038178976711018,6.889914506512307,4
2026-08-10,3M,Chemicals: Major Diversified,26,12.519633155182294,6.371368684983583,12
2026-08-10,3M,Real Estate Development,27,12.307371615450892,6.159107145252181,37
2026-08-10,3M,Regional Banks,28,12.300501034367684,6.152236564168971,20
2026-08-10,3M,Medical/Nursing Services,29,11.779766772762695,5.631502302563984,11
2026-08-10,3M,Industrial Specialties,30,11.753218826615171,5.604954356416462,26
2026-08-10,3M,Pharmaceuticals: Major,31,11.5252415728118,5.37697710261309,80
2026-08-10,3M,Movies/Entertainment,32,11.377190032995664,5.228925562796952,8
2026-08-10,3M,Textiles,33,11.237175749179524,5.088911278980811,27
2026-08-10,3M,Motor Vehicles,34,11.113703995360163,4.965439525161454,16
2026-08-10,3M,Forest Products,35,9.796645796657057,3.648381326458345,5
2026-08-10,3M,Financial Conglomerates,36,9.42298582260918,3.27472135241047,8
2026-08-10,3M,Metal Fabrication,37,9.18508916577104,3.0368246955723297,27
2026-08-10,3M,Automotive Aftermarket,38,9.08579219271505,2.9375277225163394,6
2026-08-10,3M,Oil & Gas Production,39,8.926071148280762,2.777806678082051,3
2026-08-10,3M,Chemicals: Specialty,40,8.479228122592023,2.3309636523933115,49
2026-08-10,3M,Finance/Rental/Leasing,41,8.467202440831052,2.3189379706323408,55
2026-08-10,3M,Electrical Products,42,7.997331501221554,1.8490670310228428,53
2026-08-10,3M,Wireless Telecommunications,43,7.940683751118663,1.792419280919952,3
2026-08-10,3M,Information Technology Services,44,7.752120679960377,1.603856209761665,30
2026-08-10,3M,Air Freight/Couriers,45,7.710632431607792,1.5623679614090813,9
2026-08-10,3M,Home Furnishings,46,7.449985069784553,1.301720599585842,7
2026-08-10,3M,Hospital/Nursing Management,47,7.1605552336628735,1.0122907634641622,19
2026-08-10,3M,Industrial Machinery,48,6.650521508606934,0.5022570384082226,56
2026-08-10,3M,Miscellaneous Commercial Services,49,6.2394641683763545,0.0911996981776432,33
2026-08-10,3M,Coal,50,6.178086605091366,0.0298221348926546,4
2026-08-10,3M,Homebuilding,51,5.726831738723769,-0.4214327314749422,4
2026-08-10,3M,Hotels/Resorts/Cruise lines,52,5.722043021051025,-0.4262214491476861,14
2026-08-10,3M,Investment Trusts/Mutual Funds,53,5.502007442224834,-0.6462570279738769,3
2026-08-10,3M,Data Processing Services,54,4.848736548516809,-1.299527921681903,3
2026-08-10,3M,Real Estate Investment Trusts,55,4.353837406675762,-1.7944270635229491,7
2026-08-10,3M,Food: Specialty/Candy,56,4.25610453635943,-1.892159933839281,17
2026-08-10,3M,Integrated Oil,57,4.220685968655233,-1.9275785015434783,5
2026-08-10,3M,Aerospace & Defense,58,3.8057607311497663,-2.342503739048945,9
2026-08-10,3M,Construction Materials,59,3.775234495167115,-2.373029975031596,20
2026-08-10,3M,Food: Major Diversified,60,3.5633759777235623,-2.584888492475149,5
2026-08-10,3M,Food: Meat/Fish/Dairy,61,3.30506978811912,-2.843194682079592,6
2026-08-10,3M,Trucks/Construction/Farm Machinery,62,3.2295767163801368,-2.9186877538185745,21
2026-08-10,3M,Engineering & Construction,63,3.126397782343696,-3.021866687855016,55
2026-08-10,3M,Semiconductors,64,2.264329775884807,-3.883934694313904,10
2026-08-10,3M,Financial Publishing/Services,65,2.0818406454774445,-4.066423824721267,2
2026-08-10,3M,Major Banks,66,1.987198659883015,-4.161065810315696,22
2026-08-10,3M,Life/Health Insurance,67,1.7499462645295871,-4.398318205669124,8
2026-08-10,3M,Household/Personal Care,68,1.3625094833079354,-4.785754986890776,12
2026-08-10,3M,Building Products,69,1.165394684496357,-4.982869785702354,11
2026-08-10,3M,Miscellaneous Manufacturing,70,1.1644974513204005,-4.983767018878311,13
2026-08-10,3M,Chemicals: Agricultural,71,1.1597542181815177,-4.988510252017194,23
2026-08-10,3M,Office Equipment/Supplies,72,0.3308274975753438,-5.817436972623368,5
2026-08-10,3M,Investment Managers,73,-0.0414946580594138,-6.1897591282581255,13
2026-08-10,3M,Pulp & Paper,74,-0.2579265774052988,-6.40619104760401,2
2026-08-10,3M,Steel,75,-0.3105034405363904,-6.4587679107351015,48
2026-08-10,3M,Multi-Line Insurance,76,-0.3106525549695567,-6.458917025168268,5
2026-08-10,3M,Other Consumer Services,77,-0.4761283759716068,-6.624392846170318,5
2026-08-10,3M,Gas Distributors,78,-0.5126756488142798,-6.660940119012992,6
2026-08-10,3M,Trucking,79,-0.8383931949427192,-6.986657665141431,3
2026-08-10,3M,Marine Shipping,80,-1.6811366618816246,-7.829401132080336,3
2026-08-10,3M,Major Telecommunications,81,-1.8594111199667367,-8.007675590165448,6
2026-08-10,3M,Agricultural Commodities/Milling,82,-1.8838593753410189,-8.03212384553973,24
2026-08-10,3M,Apparel/Footwear Retail,83,-1.9619581750080657,-8.110222645206777,12
2026-08-10,3M,Oil Refining/Marketing,84,-2.0296935216467498,-8.17795799184546,10
2026-08-10,3M,Railroads,85,-3.384730048932116,-9.532994519130828,2
2026-08-10,3M,Other Metals/Minerals,86,-3.413659039715493,-9.561923509914203,15
2026-08-10,3M,Electric Utilities,87,-4.179590854359573,-10.327855324558286,24
2026-08-10,3M,Investment Banks/Brokers,88,-4.889387195819021,-11.037651666017732,24
2026-08-10,3M,Industrial Conglomerates,89,-5.425284003153559,-11.57354847335227,4
2026-08-10,3M,Miscellaneous,90,-6.428447941519655,-12.576712411718368,2
2026-08-10,3M,Broadcasting,91,-6.5881104260669305,-12.73637489626564,3
2026-08-10,3M,Alternative Power Generation,92,-6.6667417155809785,-12.81500618577969,11
2026-08-10,3M,Publishing: Newspapers,93,-6.859615503492613,-13.007879973691324,2
2026-08-10,3M,Aluminum,94,-7.003191357562137,-13.151455827760849,4
2026-08-10,3M,Tobacco,95,-8.72907145861564,-14.877335928814352,3
2026-08-10,3M,Specialty Insurance,96,-9.46767771550303,-15.61594218570174,2
2026-08-11,3M,Electronics Distributors,1,59.12051063149539,50.74956982450521,4
2026-08-11,3M,Biotechnology,2,49.99420838929234,41.62326758230216,4
2026-08-11,3M,Medical Specialties,3,43.28198124406053,34.91104043707035,5
2026-08-11,3M,Electronic Components,4,39.91886234097539,31.547921533985203,4
2026-08-11,3M,Electronics/Appliance Stores,5,38.95097973587566,30.58003892888548,2
2026-08-11,3M,Other Consumer Specialties,6,37.12926660306433,28.758325796074143,17
2026-08-11,3M,Specialty Stores,7,35.03575784567629,26.664817038686103,11
2026-08-11,3M,Wholesale Distributors,8,33.983653414770025,25.61271260777984,15
2026-08-11,3M,Airlines,9,30.4801294656512,22.10918865866101,2
2026-08-11,3M,Telecommunications Equipment,10,29.94271942460485,21.57177861761466,7
2026-08-11,3M,Electronic Production Equipment,11,27.321695385770173,18.950754578779986,10
2026-08-11,3M,Restaurants,12,27.07192116889871,18.700980361908528,7
2026-08-11,3M,Internet Software/Services,13,24.18379791263521,15.812857105645028,13
2026-08-11,3M,Auto Parts: OEM,14,22.468988810531865,14.09804800354168,52
2026-08-11,3M,Personnel Services,15,21.53095540184722,13.160014594857032,2
2026-08-11,3M,Packaged Software,16,20.37013474632882,11.999193939338634,36
2026-08-11,3M,Oilfield Services/Equipment,17,19.99010268195273,11.619161874962543,3
2026-08-11,3M,Containers/Packaging,18,19.67519958334167,11.304258776351483,10
2026-08-11,3M,Electronic Equipment/Instruments,19,19.36385488552023,10.992914078530044,7
2026-08-11,3M,Chemicals: Major Diversified,20,17.785846955335693,9.414906148345509,12
2026-08-11,3M,Apparel/Footwear,21,17.745218277531134,9.374277470540948,18
2026-08-11,3M,Electronics/Appliances,22,17.439088752719528,9.068147945729342,9
2026-08-11,3M,Other Transportation,23,16.413303356772364,8.042362549782178,4
2026-08-11,3M,Medical/Nursing Services,24,16.11163236006482,7.740691553074635,11
2026-08-11,3M,Real Estate Development,25,15.989197788437504,7.618256981447319,36
2026-08-11,3M,Beverages: Alcoholic,26,15.977366994005443,7.606426187015257,9
2026-08-11,3M,Pharmaceuticals: Other,27,15.916860949751396,7.54592014276121,6
2026-08-11,3M,Internet Retail,28,15.408824389671611,7.037883582681426,4
2026-08-11,3M,Pharmaceuticals: Major,29,15.136861778776764,6.76592097178658,80
2026-08-11,3M,Movies/Entertainment,30,14.9876573745592,6.616716567569014,8
2026-08-11,3M,Textiles,31,13.950431540117249,5.579490733127061,27
2026-08-11,3M,Regional Banks,32,13.93631964488152,5.565378837891334,19
2026-08-11,3M,Motor Vehicles,33,13.323904838937224,4.952964031947039,16
2026-08-11,3M,Forest Products,34,13.282755644404729,4.911814837414541,4
2026-08-11,3M,Industrial Specialties,35,12.411433790690849,4.040492983700663,27
2026-08-11,3M,Metal Fabrication,36,12.33033698564521,3.959396178655025,28
2026-08-11,3M,Financial Conglomerates,37,12.231161811199357,3.860221004209169,7
2026-08-11,3M,Information Technology Services,38,11.73093205730216,3.359991250311973,30
2026-08-11,3M,Finance/Rental/Leasing,39,11.460553521039673,3.089612714049487,54
2026-08-11,3M,Air Freight/Couriers,40,11.369784465483695,2.998843658493509,9
2026-08-11,3M,Chemicals: Specialty,41,11.069793360565404,2.698852553575218,49
2026-08-11,3M,Automotive Aftermarket,42,11.0379342919356,2.666993484945415,6
2026-08-11,3M,Electrical Products,43,10.910747554114508,2.539806747124322,52
2026-08-11,3M,Oil & Gas Production,44,10.842631373635967,2.4716905666457816,3
2026-08-11,3M,Home Furnishings,45,9.96535245602256,1.5944116490323736,7
2026-08-11,3M,Data Processing Services,46,9.859763394293664,1.4888225873034775,3
2026-08-11,3M,Miscellaneous Commercial Services,47,9.482225938443296,1.1112851314531105,32
2026-08-11,3M,Hotels/Resorts/Cruise lines,48,8.72334947567618,0.3524086686859942,14
2026-08-11,3M,Industrial Machinery,49,8.537648256366046,0.1667074493758598,54
2026-08-11,3M,Hospital/Nursing Management,50,8.406808712674058,0.0358679056838724,18
2026-08-11,3M,Aerospace & Defense,51,8.349483047081238,-0.021457759908948,9
2026-08-11,3M,Homebuilding,52,7.206362180066581,-1.1645786269236051,3
2026-08-11,3M,Wireless Telecommunications,53,7.110497622426602,-1.2604431845635835,3
2026-08-11,3M,Trucks/Construction/Farm Machinery,54,6.987119268231158,-1.3838215387590278,20
2026-08-11,3M,Engineering & Construction,55,6.096015012215876,-2.27492579477431,55
2026-08-11,3M,Semiconductors,56,5.967493978688822,-2.403446828301364,10
2026-08-11,3M,Coal,57,5.4041058753778906,-2.966834931612296,4
2026-08-11,3M,Building Products,58,5.3530200483742325,-3.0179207586159533,11
2026-08-11,3M,Food: Specialty/Candy,59,5.268434616274856,-3.1025061907153297,18
2026-08-11,3M,Integrated Oil,60,5.128964411007542,-3.241976395982644,5
2026-08-11,3M,Other Consumer Services,61,5.003645343391399,-3.3672954635987864,5
2026-08-11,3M,Life/Health Insurance,62,4.719904679301276,-3.6510361276889096,8
2026-08-11,3M,Construction Materials,63,4.326389194838912,-4.044551612151274,21
2026-08-11,3M,Trucking,64,4.288873384592072,-4.082067422398114,3
2026-08-11,3M,Food: Meat/Fish/Dairy,65,4.241823992647034,-4.129116814343152,6
2026-08-11,3M,Real Estate Investment Trusts,66,4.2151170057705,-4.155823801219686,7
2026-08-11,3M,Investment Trusts/Mutual Funds,67,3.2572290728449818,-5.113711734145204,4
2026-08-11,3M,Chemicals: Agricultural,68,3.1139444897319537,-5.256996317258232,24
2026-08-11,3M,Major Banks,69,2.7375180926648564,-5.633422714325329,22
2026-08-11,3M,Gas Distributors,70,2.66200283728707,-5.708937969703116,6
2026-08-11,3M,Food: Major Diversified,71,2.5015448819009407,-5.869395925089245,4
2026-08-11,3M,Household/Personal Care,72,2.4268571184779466,-5.944083688512239,12
2026-08-11,3M,Multi-Line Insurance,73,2.353386774831548,-6.017554032158638,5
2026-08-11,3M,Miscellaneous Manufacturing,74,2.142616985602677,-6.228323821387509,13
2026-08-11,3M,Office Equipment/Supplies,75,1.4991515859075002,-6.871789221082686,6
2026-08-11,3M,Financial Publishing/Services,76,1.2105542266417657,-7.160386580348421,2
2026-08-11,3M,Investment Managers,77,1.1402494365451654,-7.230691370445021,15
2026-08-11,3M,Major Telecommunications,78,1.127228414476056,-7.24371239251413,6
2026-08-11,3M,Apparel/Footwear Retail,79,0.899452072332674,-7.471488734657512,12
2026-08-11,3M,Marine Shipping,80,0.832404210119515,-7.538536596870671,3
2026-08-11,3M,Pulp & Paper,81,0.2442752920126197,-8.126665514977566,2
2026-08-11,3M,Steel,82,-0.0490367032450078,-8.419977510235194,48
2026-08-11,3M,Railroads,83,-0.2553953704680213,-8.626336177458207,2
2026-08-11,3M,Electric Utilities,84,-0.2817939007443865,-8.652734707734572,23
2026-08-11,3M,Agricultural Commodities/Milling,85,-0.3177080786492091,-8.688648885639395,25
2026-08-11,3M,Oil Refining/Marketing,86,-1.5401464744742484,-9.911087281464434,10
2026-08-11,3M,Investment Banks/Brokers,87,-2.3655865011217934,-10.73652730811198,23
2026-08-11,3M,Publishing: Newspapers,88,-2.376513317191278,-10.747454124181465,2
2026-08-11,3M,Industrial Conglomerates,89,-3.402144750043059,-11.773085557033244,4
2026-08-11,3M,Alternative Power Generation,90,-3.746957829213599,-12.117898636203783,11
2026-08-11,3M,Other Metals/Minerals,91,-3.7490209991166905,-12.119961806106875,15
2026-08-11,3M,Broadcasting,92,-5.522344004197748,-13.893284811187934,3
2026-08-11,3M,Specialty Insurance,93,-7.340503926800714,-15.7114447337909,2
2026-08-11,3M,Tobacco,94,-8.98584551147797,-17.356786318468156,3
2026-08-11,3M,Aluminum,95,-10.60538322896413,-18.97632403595432,4
2026-08-12,3M,Electronics Distributors,1,56.54906016741029,49.31409376827549,4
2026-08-12,3M,Biotechnology,2,46.60037092852487,39.36540452939006,4
2026-08-12,3M,Medical Specialties,3,43.290321717224806,36.05535531809,5
2026-08-12,3M,Electronics/Appliance Stores,4,41.39260615730501,34.157639758170205,2
2026-08-12,3M,Electronic Components,5,36.97237062611421,29.737404226979407,4
2026-08-12,3M,Other Consumer Specialties,6,33.9492745362529,26.71430813711809,16
2026-08-12,3M,Specialty Stores,7,32.38996748924823,25.155001090113423,11
2026-08-12,3M,Airlines,8,30.0359260342029,22.800959635068097,2
2026-08-12,3M,Wholesale Distributors,9,29.269990827340767,22.03502442820596,15
2026-08-12,3M,Telecommunications Equipment,10,26.869076294145373,19.634109895010567,7
2026-08-12,3M,Personnel Services,11,26.05340515090601,18.8184387517712,2
2026-08-12,3M,Electronic Equipment/Instruments,12,24.62296355442534,17.387997155290535,8
2026-08-12,3M,Electronic Production Equipment,13,24.49506932406361,17.260102924928805,10
2026-08-12,3M,Restaurants,14,23.41979370391684,16.184827304782036,7
2026-08-12,3M,Internet Software/Services,15,22.497338457301485,15.26237205816668,13
2026-08-12,3M,Auto Parts: OEM,16,21.488828775319192,14.253862376184388,52
2026-08-12,3M,Oilfield Services/Equipment,17,21.238218037782907,14.003251638648102,3
2026-08-12,3M,Packaged Software,18,19.61581001243435,12.380843613299543,36
2026-08-12,3M,Containers/Packaging,19,18.80082288748468,11.565856488349876,13
2026-08-12,3M,Electronics/Appliances,20,18.79192962916941,11.556963230034604,8
2026-08-12,3M,Chemicals: Major Diversified,21,17.931498363935,10.696531964800194,12
2026-08-12,3M,Apparel/Footwear,22,17.13968574612782,9.904719346993016,17
2026-08-12,3M,Internet Retail,23,16.90051064448361,9.665544245348803,4
2026-08-12,3M,Real Estate Development,24,15.298950840634417,8.06398444149961,35
2026-08-12,3M,Beverages: Alcoholic,25,15.220326048020947,7.985359648886142,9
2026-08-12,3M,Regional Banks,26,14.786769514479056,7.551803115344251,19
2026-08-12,3M,Movies/Entertainment,27,14.68810117488818,7.453134775753375,8
2026-08-12,3M,Other Transportation,28,14.065160172733268,6.830193773598463,4
2026-08-12,3M,Pharmaceuticals: Major,29,14.042270411352304,6.8073040122175,78
2026-08-12,3M,Pharmaceuticals: Other,30,13.801835373164549,6.566868974029742,6
2026-08-12,3M,Forest Products,31,13.352600754708623,6.117634355573818,5
2026-08-12,3M,Motor Vehicles,32,13.237849249593197,6.002882850458391,16
2026-08-12,3M,Medical/Nursing Services,33,12.552993211407308,5.318026812272501,12
2026-08-12,3M,Textiles,34,11.929914506531537,4.69494810739673,28
2026-08-12,3M,Information Technology Services,35,11.67115987260713,4.436193473472326,30
2026-08-12,3M,Industrial Specialties,36,11.295081746747302,4.060115347612497,27
2026-08-12,3M,Metal Fabrication,37,10.708383398367836,3.473416999233031,26
2026-08-12,3M,Finance/Rental/Leasing,38,10.525075160947274,3.290108761812469,55
2026-08-12,3M,Air Freight/Couriers,39,10.507047764812937,3.272081365678132,10
2026-08-12,3M,Oil & Gas Production,40,10.443615443390714,3.208649044255909,2
2026-08-12,3M,Electrical Products,41,10.380204230613217,3.145237831478409,53
2026-08-12,3M,Financial Conglomerates,42,10.139637590016374,2.9046711908815688,7
2026-08-12,3M,Automotive Aftermarket,43,9.838198151546717,2.6032317524119097,8
2026-08-12,3M,Data Processing Services,44,9.818542246374657,2.5835758472398496,3
2026-08-12,3M,Hotels/Resorts/Cruise lines,45,9.629474864304395,2.394508465169592,12
2026-08-12,3M,Home Furnishings,46,8.396039339530676,1.1610729403958704,7
2026-08-12,3M,Chemicals: Specialty,47,8.310578652263436,1.0756122531286303,50
2026-08-12,3M,Miscellaneous Commercial Services,48,8.104361122487093,0.8693947233522881,33
2026-08-12,3M,Homebuilding,49,7.759477562402615,0.5245111632678103,4
2026-08-12,3M,Industrial Machinery,50,7.083012012922926,-0.1519543862118793,56
2026-08-12,3M,Trucks/Construction/Farm Machinery,51,6.037382824027793,-1.1975835751070123,20
2026-08-12,3M,Food: Specialty/Candy,52,5.671199943167504,-1.5637664559673017,17
2026-08-12,3M,Food: Meat/Fish/Dairy,53,5.549513695674057,-1.685452703460748,6
2026-08-12,3M,Investment Trusts/Mutual Funds,54,5.490966952512555,-1.74399944662225,4
2026-08-12,3M,Life/Health Insurance,55,5.356768307277598,-1.878198091857208,8
2026-08-12,3M,Building Products,56,5.098968354577684,-2.1359980445571214,12
2026-08-12,3M,Hospital/Nursing Management,57,4.860186771471902,-2.374779627662903,19
2026-08-12,3M,Aerospace & Defense,58,4.787460620114569,-2.4475057790202364,9
2026-08-12,3M,Engineering & Construction,59,4.709486192618219,-2.525480206516586,54
2026-08-12,3M,Semiconductors,60,4.573350597080616,-2.6616158020541896,10
2026-08-12,3M,Real Estate Investment Trusts,61,3.99499835901366,-3.2399680401211453,7
2026-08-12,3M,Wireless Telecommunications,62,3.965029754686512,-3.2699366444482934,3
2026-08-12,3M,Office Equipment/Supplies,63,3.830848640852104,-3.404117758282701,6
2026-08-12,3M,Trucking,64,3.822991626851692,-3.4119747722831137,3
2026-08-12,3M,Major Banks,65,3.2935649899319945,-3.94140140920281,21
2026-08-12,3M,Integrated Oil,66,2.930456337324636,-4.304510061810169,5
2026-08-12,3M,Construction Materials,67,2.846267696069188,-4.388698703065618,20
2026-08-12,3M,Food: Major Diversified,68,2.310416181996417,-4.924550217138388,5
2026-08-12,3M,Coal,69,2.035243741848301,-5.199722657286504,4
2026-08-12,3M,Other Consumer Services,70,1.5765663275801511,-5.658400071554654,5
2026-08-12,3M,Gas Distributors,71,1.5551327568440054,-5.6798336422908,6
2026-08-12,3M,Multi-Line Insurance,72,1.3093430379929412,-5.925623361141864,5
2026-08-12,3M,Household/Personal Care,73,1.2413303959404465,-5.993636003194359,12
2026-08-12,3M,Miscellaneous Manufacturing,74,1.0814139179922964,-6.153552481142508,12
2026-08-12,3M,Chemicals: Agricultural,75,0.9402573744173478,-6.2947090247174575,25
2026-08-12,3M,Cable/Satellite TV,76,0.6840486046577071,-6.550917794477098,2
2026-08-12,3M,Investment Managers,77,0.181165305470511,-7.053801093664294,14
2026-08-12,3M,Major Telecommunications,78,-1.619549890971667,-8.854516290106472,6
2026-08-12,3M,Financial Publishing/Services,79,-1.8290329252849584,-9.063999324419765,2
2026-08-12,3M,Pulp & Paper,80,-1.8931684963612807,-9.128134895496084,3
2026-08-12,3M,Agricultural Commodities/Milling,81,-2.135115039819937,-9.370081438954742,26
2026-08-12,3M,Railroads,82,-2.3576280843820854,-9.59259448351689,2
2026-08-12,3M,Apparel/Footwear Retail,83,-2.926220045481068,-10.161186444615872,12
2026-08-12,3M,Marine Shipping,84,-3.013507765084835,-10.24847416421964,3
2026-08-12,3M,Investment Banks/Brokers,85,-3.072548605080529,-10.307515004215334,20
2026-08-12,3M,Broadcasting,86,-3.184187529292179,-10.419153928426985,3
2026-08-12,3M,Electric Utilities,87,-3.2888052425930048,-10.52377164172781,22
2026-08-12,3M,Industrial Conglomerates,88,-3.8065361678786926,-11.0415025670135,4
2026-08-12,3M,Steel,89,-4.01000381858917,-11.244970217723974,47
2026-08-12,3M,Oil Refining/Marketing,90,-4.075293740527301,-11.310260139662104,10
2026-08-12,3M,Other Metals/Minerals,91,-6.469068992407313,-13.704035391542115,15
2026-08-12,3M,Specialty Insurance,92,-8.793189418163681,-16.028155817298487,2
2026-08-12,3M,Alternative Power Generation,93,-9.01989433589403,-16.254860735028835,10
2026-08-12,3M,Aluminum,94,-9.549134022095096,-16.7841004212299,4
2026-08-12,3M,Tobacco,95,-11.218001261034052,-18.45296766016886,3
2026-08-13,3M,Electronics Distributors,1,60.47697351111577,53.8367995979255,4
2026-08-13,3M,Medical Specialties,2,44.42802376200493,37.78784984881466,5
2026-08-13,3M,Biotechnology,3,43.985466442072045,37.34529252888177,4
2026-08-13,3M,Electronic Components,4,38.465253584361264,31.82507967117099,4
2026-08-13,3M,Electronics/Appliance Stores,5,35.56603305934098,28.925859146150707,2
2026-08-13,3M,Specialty Stores,6,34.44750765401182,27.807333740821548,11
2026-08-13,3M,Other Consumer Specialties,7,33.19081726488201,26.550643351691733,16
2026-08-13,3M,Airlines,8,30.813962437589296,24.173788524399026,2
2026-08-13,3M,Telecommunications Equipment,9,30.62402806944432,23.983854156254047,6
2026-08-13,3M,Electronic Production Equipment,10,29.031855012067247,22.391681098876973,9
2026-08-13,3M,Wholesale Distributors,11,27.26196540730516,20.621791494114888,16
2026-08-13,3M,Personnel Services,12,26.294897675121334,19.65472376193106,2
2026-08-13,3M,Restaurants,13,23.56068051926845,16.920506606078185,7
2026-08-13,3M,Electronic Equipment/Instruments,14,22.38553399697854,15.745360083788269,8
2026-08-13,3M,Oilfield Services/Equipment,15,22.06773966659445,15.42756575340418,3
2026-08-13,3M,Internet Software/Services,16,21.330027872559725,14.689853959369453,13
2026-08-13,3M,Auto Parts: OEM,17,20.87753777736152,14.237363864171243,52
2026-08-13,3M,Packaged Software,18,20.45790148038548,13.817727567195208,37
2026-08-13,3M,Chemicals: Major Diversified,19,18.718653804452995,12.078479891262722,11
2026-08-13,3M,Containers/Packaging,20,18.67354425947609,12.033370346285816,12
2026-08-13,3M,Consumer Sundries,21,17.55146454052673,10.911290627336458,2
2026-08-13,3M,Beverages: Alcoholic,22,16.87582831585174,10.235654402661469,9
2026-08-13,3M,Apparel/Footwear,23,16.52062851238356,9.880454599193287,15
2026-08-13,3M,Internet Retail,24,16.295536167189056,9.655362253998783,4
2026-08-13,3M,Real Estate Development,25,16.192303144855114,9.55212923166484,35
2026-08-13,3M,Electronics/Appliances,26,15.334326977765468,8.694153064575195,8
2026-08-13,3M,Data Processing Services,27,14.15950596637946,7.519332053189188,3
2026-08-13,3M,Other Transportation,28,14.04965685930764,7.409482946117366,4
2026-08-13,3M,Regional Banks,29,14.017977692735943,7.377803779545671,19
2026-08-13,3M,Motor Vehicles,30,13.933390822240812,7.293216909050541,16
2026-08-13,3M,Medical/Nursing Services,31,13.87633467897348,7.236160765783207,10
2026-08-13,3M,Movies/Entertainment,32,13.42911827232592,6.788944359135646,8
2026-08-13,3M,Information Technology Services,33,13.322015688726122,6.681841775535849,30
2026-08-13,3M,Trucking,34,13.020541411560403,6.380367498370132,2
2026-08-13,3M,Homebuilding,35,12.728263022542976,6.088089109352705,4
2026-08-13,3M,Metal Fabrication,36,12.6811725449209,6.040998631730627,27
2026-08-13,3M,Forest Products,37,12.313717996924192,5.673544083733921,5
2026-08-13,3M,Pharmaceuticals: Major,38,12.20292857835478,5.562754665164507,79
2026-08-13,3M,Textiles,39,11.698477273475806,5.058303360285533,24
2026-08-13,3M,Industrial Specialties,40,11.357810117379366,4.717636204189093,27
2026-08-13,3M,Finance/Rental/Leasing,41,10.842123215988977,4.201949302798704,54
2026-08-13,3M,Pharmaceuticals: Other,42,10.518288109780531,3.878114196590261,6
2026-08-13,3M,Food: Meat/Fish/Dairy,43,10.31060383408692,3.6704299208966464,6
2026-08-13,3M,Home Furnishings,44,10.04927263970764,3.409098726517368,7
2026-08-13,3M,Financial Conglomerates,45,9.701453104408015,3.061279191217743,10
2026-08-13,3M,Air Freight/Couriers,46,9.374043972847453,2.7338700596571783,10
2026-08-13,3M,Chemicals: Specialty,47,8.958967245557037,2.3187933323667647,50
2026-08-13,3M,Miscellaneous Commercial Services,48,8.792674848474547,2.1525009352842748,32
2026-08-13,3M,Hotels/Resorts/Cruise lines,49,8.753430491293804,2.113256578103531,12
2026-08-13,3M,Electrical Products,50,8.534629464206896,1.8944555510166232,52
2026-08-13,3M,Oil & Gas Production,51,7.87546840401976,1.2352944908294878,2
2026-08-13,3M,Industrial Machinery,52,7.207877053495131,0.5677031403048582,56
2026-08-13,3M,Trucks/Construction/Farm Machinery,53,7.006162048398632,0.3659881352083598,20
2026-08-13,3M,Food: Specialty/Candy,54,6.735104566716471,0.0949306535261982,17
2026-08-13,3M,Building Products,55,6.356445022350991,-0.2837288908392814,12
2026-08-13,3M,Automotive Aftermarket,56,6.0599838873254,-0.5801900258648729,8
2026-08-13,3M,Aerospace & Defense,57,5.749302719219193,-0.8908711939710798,9
2026-08-13,3M,Semiconductors,58,5.421551151271019,-1.2186227619192538,10
2026-08-13,3M,Office Equipment/Supplies,59,5.394857430178529,-1.2453164830117434,5
2026-08-13,3M,Cable/Satellite TV,60,4.763389368932366,-1.876784544257907,2
2026-08-13,3M,Real Estate Investment Trusts,61,4.738942565040665,-1.901231348149608,8
2026-08-13,3M,Engineering & Construction,62,4.316920149094807,-2.3232537640954654,54
2026-08-13,3M,Integrated Oil,63,4.260215328730803,-2.379958584459469,5
2026-08-13,3M,Hospital/Nursing Management,64,3.920997253573775,-2.719176659616498,19
2026-08-13,3M,Investment Trusts/Mutual Funds,65,3.896084005839022,-2.744089907351251,4
2026-08-13,3M,Life/Health Insurance,66,3.749472096716098,-2.8907018164741745,8
2026-08-13,3M,Wireless Telecommunications,67,3.298278434960674,-3.341895478229598,3
2026-08-13,3M,Household/Personal Care,68,3.2675824457376392,-3.3725914674526334,12
2026-08-13,3M,Miscellaneous Manufacturing,69,3.18755467946191,-3.4526192337283628,10
2026-08-13,3M,Food: Major Diversified,70,2.132914834480256,-4.507259078710017,5
2026-08-13,3M,Other Consumer Services,71,1.927466119305203,-4.71270779388507,4
2026-08-13,3M,Major Banks,72,1.548273815616377,-5.091900097573896,22
2026-08-13,3M,Pulp & Paper,73,1.5008196844210608,-5.139354228769212,2
2026-08-13,3M,Construction Materials,74,1.3755803202005144,-5.264593592989758,20
2026-08-13,3M,Chemicals: Agricultural,75,1.2870892989444012,-5.353084614245871,26
2026-08-13,3M,Coal,76,1.037315619382709,-5.602858293807564,4
2026-08-13,3M,Investment Managers,77,0.3198011341767888,-6.320372779013484,14
2026-08-13,3M,Gas Distributors,78,0.1385184369217642,-6.501655476268509,6
2026-08-13,3M,Railroads,79,0.1203841420915539,-6.519789771098719,2
2026-08-13,3M,Multi-Line Insurance,80,0.1044508243059368,-6.535723088884335,5
2026-08-13,3M,Marine Shipping,81,-1.6192417885930936,-8.259415701783366,3
2026-08-13,3M,Financial Publishing/Services,82,-1.9356820922705191,-8.575856005460793,2
2026-08-13,3M,Publishing: Newspapers,83,-1.9921764601898515,-8.632350373380124,2
2026-08-13,3M,Apparel/Footwear Retail,84,-2.125329911317116,-8.765503824507388,12
2026-08-13,3M,Agricultural Commodities/Milling,85,-2.7208923683447632,-9.361066281535036,24
2026-08-13,3M,Industrial Conglomerates,86,-2.8494548696033624,-9.489628782793634,4
2026-08-13,3M,Oil Refining/Marketing,87,-3.1304800923784843,-9.770654005568757,10
2026-08-13,3M,Broadcasting,88,-3.258523473239822,-9.898697386430094,3
2026-08-13,3M,Major Telecommunications,89,-3.6411230538656754,-10.281296967055948,6
2026-08-13,3M,Steel,90,-4.125171247718497,-10.765345160908767,51
2026-08-13,3M,Investment Banks/Brokers,91,-4.863678022841103,-11.503851936031376,20
2026-08-13,3M,Electric Utilities,92,-5.408986279324374,-12.049160192514648,22
2026-08-13,3M,Other Metals/Minerals,93,-8.105490116158219,-14.745664029348491,16
2026-08-13,3M,Specialty Insurance,94,-10.48952679387462,-17.12970070706489,2
2026-08-13,3M,Alternative Power Generation,95,-10.689201301797338,-17.32937521498761,10
2026-08-13,3M,Tobacco,96,-11.76478196264886,-18.40495587583913,3
2026-08-13,3M,Aluminum,97,-12.395404342775176,-19.035578255965447,4
2026-08-14,3M,Electronics Distributors,1,58.52186378975766,52.10667546885935,4
2026-08-14,3M,Medical Specialties,2,45.19016462990128,38.77497630900297,5
2026-08-14,3M,Biotechnology,3,42.35370499806855,35.93851667717024,4
2026-08-14,3M,Electronic Components,4,37.3948894279777,30.9797011070794,4
2026-08-14,3M,Electronics/Appliance Stores,5,35.12124612445021,28.7060578035519,2
2026-08-14,3M,Specialty Stores,6,34.091394067936555,27.67620574703825,11
2026-08-14,3M,Other Consumer Specialties,7,33.08031421120336,26.66512589030505,16
2026-08-14,3M,Telecommunications Equipment,8,29.73445042566572,23.319262104767407,7
2026-08-14,3M,Airlines,9,29.65112875846325,23.235940437564945,2
2026-08-14,3M,Wholesale Distributors,10,28.333199215228703,21.9180108943304,15
2026-08-14,3M,Electronic Production Equipment,11,28.252238535475207,21.83705021457689,10
2026-08-14,3M,Personnel Services,12,27.354381115533947,20.93919279463564,2
2026-08-14,3M,Restaurants,13,24.5532547477127,18.13806642681439,7
2026-08-14,3M,Oilfield Services/Equipment,14,23.9101489284252,17.49496060752689,3
2026-08-14,3M,Auto Parts: OEM,15,21.558813395801355,15.143625074903046,50
2026-08-14,3M,Electronic Equipment/Instruments,16,21.45214732657604,15.03695900567773,8
2026-08-14,3M,Internet Software/Services,17,21.22792977475904,14.812741453860731,14
2026-08-14,3M,Packaged Software,18,21.119581679819127,14.704393358920818,37
2026-08-14,3M,Chemicals: Major Diversified,19,19.562506085204745,13.147317764306433,11
2026-08-14,3M,Consumer Sundries,20,19.47518400733773,13.059995686439429,2
2026-08-14,3M,Internet Retail,21,18.91498499672609,12.49979667582778,4
2026-08-14,3M,Containers/Packaging,22,18.04684443458365,11.631656113685343,12
2026-08-14,3M,Beverages: Alcoholic,23,16.641691520648312,10.226503199750002,9
2026-08-14,3M,Apparel/Footwear,24,16.37789525057992,9.962706929681609,18
2026-08-14,3M,Data Processing Services,25,16.01115671932516,9.595968398426852,3
2026-08-14,3M,Real Estate Development,26,15.807176722929452,9.391988402031142,35
2026-08-14,3M,Electronics/Appliances,27,15.477765126286858,9.062576805388549,8
2026-08-14,3M,Other Transportation,28,14.262687984789489,7.84749966389118,4
2026-08-14,3M,Medical/Nursing Services,29,13.284468978416047,6.869280657517739,11
2026-08-14,3M,Textiles,30,13.256453315842348,6.84126499494404,23
2026-08-14,3M,Regional Banks,31,13.240161173218793,6.8249728523204825,20
2026-08-14,3M,Motor Vehicles,32,13.176013937432138,6.76082561653383,16
2026-08-14,3M,Information Technology Services,33,12.8552511594856,6.440062838587292,30
2026-08-14,3M,Movies/Entertainment,34,12.782247727140522,6.367059406242213,8
2026-08-14,3M,Metal Fabrication,35,12.481106479578632,6.065918158680323,28
2026-08-14,3M,Homebuilding,36,12.162664147396606,5.747475826498298,4
2026-08-14,3M,Forest Products,37,11.776272143015436,5.361083822117126,5
2026-08-14,3M,Pharmaceuticals: Major,38,11.5639934400013,5.148805119102991,79
2026-08-14,3M,Trucking,39,11.214261920946438,4.799073600048129,2
2026-08-14,3M,Home Furnishings,40,10.73785696937588,4.322668648477571,7
2026-08-14,3M,Industrial Specialties,41,10.20239989957254,3.7872115786742304,28
2026-08-14,3M,Food: Meat/Fish/Dairy,42,10.01711387400695,3.601925553108642,6
2026-08-14,3M,Finance/Rental/Leasing,43,9.893442699773964,3.478254378875657,55
2026-08-14,3M,Pharmaceuticals: Other,44,9.611205058672471,3.196016737774163,6
2026-08-14,3M,Chemicals: Specialty,45,9.142875503985085,2.7276871830867746,50
2026-08-14,3M,Electrical Products,46,8.295145775828676,1.879957454930368,54
2026-08-14,3M,Air Freight/Couriers,47,8.254179512498192,1.838991191599884,10
2026-08-14,3M,Industrial Machinery,48,8.211060850331055,1.795872529432747,56
2026-08-14,3M,Miscellaneous Commercial Services,49,8.082361398700526,1.6671730778022171,32
2026-08-14,3M,Financial Conglomerates,50,7.817930219063985,1.4027418981656767,8
2026-08-14,3M,Hotels/Resorts/Cruise lines,51,7.017812108968356,0.6026237880700478,13
2026-08-14,3M,Wireless Telecommunications,52,6.776795607310545,0.3616072864122364,3
2026-08-14,3M,Food: Specialty/Candy,53,6.71190543891609,0.2967171180177814,19
2026-08-14,3M,Aerospace & Defense,54,6.6878137589147855,0.272625438016477,9
2026-08-14,3M,Automotive Aftermarket,55,6.390940377085035,-0.0242479438132736,7
2026-08-14,3M,Trucks/Construction/Farm Machinery,56,6.1224938702094525,-0.292694450688856,20
2026-08-14,3M,Building Products,57,5.821765180043277,-0.5934231408550312,11
2026-08-14,3M,Hospital/Nursing Management,58,5.446777330684745,-0.9684109902135632,19
2026-08-14,3M,Semiconductors,59,5.390033254733662,-1.025155066164647,10
2026-08-14,3M,Office Equipment/Supplies,60,5.289474781899511,-1.1257135389987978,5
2026-08-14,3M,Investment Trusts/Mutual Funds,61,5.119391500384978,-1.2957968205133303,3
2026-08-14,3M,Real Estate Investment Trusts,62,4.4407153974665405,-1.974472923431768,8
2026-08-14,3M,Engineering & Construction,63,4.202226594897382,-2.212961726000927,54
2026-08-14,3M,Oil & Gas Production,64,3.5938937148696977,-2.821294606028611,2
2026-08-14,3M,Life/Health Insurance,65,3.4759943659999024,-2.939193954898406,8
2026-08-14,3M,Miscellaneous Manufacturing,66,3.142910151137017,-3.272278169761292,11
2026-08-14,3M,Household/Personal Care,67,3.092837702174097,-3.322350618724212,12
2026-08-14,3M,Marine Shipping,68,2.5947170187706785,-3.82047130212763,3
2026-08-14,3M,Integrated Oil,69,1.7672550704613834,-4.647933250436925,5
2026-08-14,3M,Food: Major Diversified,70,1.7349373422077237,-4.680250978690585,5
2026-08-14,3M,Chemicals: Agricultural,71,1.5249291773871998,-4.890259143511109,26
2026-08-14,3M,Major Banks,72,1.3744242289323847,-5.040764091965924,22
2026-08-14,3M,Construction Materials,73,0.7176602653367499,-5.697528055561559,19
2026-08-14,3M,Coal,74,0.1886701346979689,-6.226518186200339,4
2026-08-14,3M,Gas Distributors,75,0.1025809192776457,-6.312607401620663,6
2026-08-14,3M,Other Consumer Services,76,-0.2356302241689509,-6.65081854506726,5
2026-08-14,3M,Investment Managers,77,-0.6633141366669234,-7.078502457565232,13
2026-08-14,3M,Multi-Line Insurance,78,-0.6746413540036511,-7.08982967490196,5
2026-08-14,3M,Railroads,79,-0.8963093145869944,-7.311497635485303,2
2026-08-14,3M,Broadcasting,80,-1.2123023918879057,-7.627490712786214,3
2026-08-14,3M,Financial Publishing/Services,81,-1.6018996743859923,-8.017087995284301,2
2026-08-14,3M,Publishing: Newspapers,82,-2.198611341566093,-8.613799662464402,2
2026-08-14,3M,Agricultural Commodities/Milling,83,-2.2986336267434377,-8.713821947641746,25
2026-08-14,3M,Industrial Conglomerates,84,-2.970551141724437,-9.385739462622746,4
2026-08-14,3M,Apparel/Footwear Retail,85,-3.088527378438428,-9.503715699336736,12
2026-08-14,3M,Oil Refining/Marketing,86,-4.28393748975886,-10.699125810657169,10
2026-08-14,3M,Steel,87,-4.647215193716443,-11.06240351461475,44
2026-08-14,3M,Major Telecommunications,88,-5.359250949347857,-11.774439270246166,6
2026-08-14,3M,Electric Utilities,89,-5.572127092102404,-11.987315413000712,23
2026-08-14,3M,Investment Banks/Brokers,90,-5.915324627072284,-12.330512947970591,21
2026-08-14,3M,Other Metals/Minerals,91,-9.856012018007494,-16.271200338905803,16
2026-08-14,3M,Specialty Insurance,92,-9.926209382731116,-16.341397703629426,2
2026-08-14,3M,Alternative Power Generation,93,-10.4259170979562,-16.841105418854507,10
2026-08-14,3M,Tobacco,94,-12.102429247273973,-18.51761756817228,3
2026-08-14,3M,Aluminum,95,-14.2964523046288,-20.711640625527107,4
2026-08-17,3M,Electronics Distributors,1,61.131150031550206,53.801342551367625,4
2026-08-17,3M,Biotechnology,2,48.12362021803338,40.7938127378508,4
2026-08-17,3M,Medical Specialties,3,46.07042699801179,38.74061951782921,5
2026-08-17,3M,Electronic Components,4,40.4852248539642,33.15541737378162,4
2026-08-17,3M,Electronics/Appliance Stores,5,37.212669245647966,29.882861765465385,2
2026-08-17,3M,Specialty Stores,6,36.64149669224821,29.31168921206563,11
2026-08-17,3M,Telecommunications Equipment,7,36.11790906255296,28.788101582370373,6
2026-08-17,3M,Other Consumer Specialties,8,35.38274216713555,28.05293468695297,16
2026-08-17,3M,Electronic Production Equipment,9,33.13359423147606,25.80378675129348,10
2026-08-17,3M,Personnel Services,10,32.14284544767814,24.81303796749556,2
2026-08-17,3M,Wholesale Distributors,11,28.53170291096348,21.20189543078089,14
2026-08-17,3M,Oilfield Services/Equipment,12,28.044790793998462,20.714983313815885,3
2026-08-17,3M,Restaurants,13,27.31540983990152,19.98560235971893,7
2026-08-17,3M,Containers/Packaging,14,24.888960559609664,17.559153079427084,12
2026-08-17,3M,Internet Software/Services,15,23.922208691338543,16.59240121115596,14
2026-08-17,3M,Auto Parts: OEM,16,22.78411185189488,15.454304371712295,52
2026-08-17,3M,Internet Retail,17,22.6222229100572,15.292415429874614,4
2026-08-17,3M,Real Estate Development,18,20.956427974770524,13.62662049458794,34
2026-08-17,3M,Electronic Equipment/Instruments,19,20.779745166190192,13.44993768600761,8
2026-08-17,3M,Chemicals: Major Diversified,20,20.00475758611877,12.674950105936196,11
2026-08-17,3M,Consumer Sundries,21,19.22400258487381,11.894195104691226,2
2026-08-17,3M,Beverages: Alcoholic,22,18.66272255762473,11.332915077442143,9
2026-08-17,3M,Packaged Software,23,17.851503305641234,10.521695825458652,34
2026-08-17,3M,Metal Fabrication,24,17.83445291248884,10.504645432306257,26
2026-08-17,3M,Electronics/Appliances,25,16.42023469003812,9.09042720985554,8
2026-08-17,3M,Apparel/Footwear,26,15.971175494699146,8.641368014516564,18
2026-08-17,3M,Movies/Entertainment,27,15.94652312006867,8.616715639886088,8
2026-08-17,3M,Motor Vehicles,28,15.093777749107216,7.763970268924634,16
2026-08-17,3M,Food: Meat/Fish/Dairy,29,14.725545835428012,7.395738355245431,6
2026-08-17,3M,Regional Banks,30,14.529572775052564,7.19976529486998,19
2026-08-17,3M,Data Processing Services,31,13.413904877958831,6.084097397776249,3
2026-08-17,3M,Homebuilding,32,13.243907081117236,5.914099600934653,4
2026-08-17,3M,Medical/Nursing Services,33,12.479140594166664,5.149333113984083,10
2026-08-17,3M,Home Furnishings,34,12.18482747109137,4.855019990908788,7
2026-08-17,3M,Electrical Products,35,11.931197963866644,4.60139048368406,53
2026-08-17,3M,Textiles,36,11.591160873146476,4.261353392963894,26
2026-08-17,3M,Industrial Machinery,37,11.555542491867737,4.225735011685153,54
2026-08-17,3M,Semiconductors,38,11.122194153317704,3.7923866731351215,10
2026-08-17,3M,Aerospace & Defense,39,11.106952185460695,3.777144705278115,9
2026-08-17,3M,Automotive Aftermarket,40,11.097138339948556,3.767330859765975,7
2026-08-17,3M,Pharmaceuticals: Other,41,11.032416623424965,3.702609143242382,6
2026-08-17,3M,Chemicals: Specialty,42,10.830168673877797,3.5003611936952144,50
2026-08-17,3M,Other Transportation,43,10.823958915902384,3.4941514357198,4
2026-08-17,3M,Finance/Rental/Leasing,44,10.803100281449368,3.473292801266785,56
2026-08-17,3M,Pharmaceuticals: Major,45,10.17651241246248,2.8467049322798985,80
2026-08-17,3M,Miscellaneous Commercial Services,46,9.903350340492644,2.573542860310063,32
2026-08-17,3M,Trucks/Construction/Farm Machinery,47,9.853093320773906,2.523285840591324,20
2026-08-17,3M,Industrial Specialties,48,9.410902352172725,2.0810948719901425,27
2026-08-17,3M,Air Freight/Couriers,49,8.832351187024384,1.5025437068418022,12
2026-08-17,3M,Hotels/Resorts/Cruise lines,50,8.814083715772895,1.484276235590313,14
2026-08-17,3M,Oil & Gas Production,51,8.403466599190276,1.0736591190076936,2
2026-08-17,3M,Investment Trusts/Mutual Funds,52,7.859982252861158,0.5301747726785759,3
2026-08-17,3M,Financial Conglomerates,53,7.82841200462418,0.498604524441598,8
2026-08-17,3M,Food: Specialty/Candy,54,7.6069708776993235,0.2771633975167411,19
2026-08-17,3M,Building Products,55,7.406227561194957,0.0764200810123751,11
2026-08-17,3M,Information Technology Services,56,7.251063607151487,-0.0787438730310956,30
2026-08-17,3M,Forest Products,57,7.046404469895971,-0.2834030102866114,5
2026-08-17,3M,Engineering & Construction,58,6.230477634548275,-1.0993298456343077,54
2026-08-17,3M,Hospital/Nursing Management,59,5.572630196380517,-1.757177283802065,18
2026-08-17,3M,Office Equipment/Supplies,60,4.690538952446976,-2.6392685277356067,5
2026-08-17,3M,Broadcasting,61,4.549360258730047,-2.780447221452535,3
2026-08-17,3M,Life/Health Insurance,62,4.488470643704956,-2.841336836477626,8
2026-08-17,3M,Trucking,63,4.426150469483675,-2.9036570106989075,3
2026-08-17,3M,Miscellaneous Manufacturing,64,4.299719997536831,-3.030087482645751,12
2026-08-17,3M,Real Estate Investment Trusts,65,3.821394629730509,-3.508412850452073,8
2026-08-17,3M,Railroads,66,3.4329842934496937,-3.8968231867328886,2
2026-08-17,3M,Major Banks,67,3.117860044105909,-4.211947436076674,22
2026-08-17,3M,Wireless Telecommunications,68,3.011305759333995,-4.318501720848587,3
2026-08-17,3M,Chemicals: Agricultural,69,2.7108009658491485,-4.619006514333433,27
2026-08-17,3M,Construction Materials,70,2.1525767792643857,-5.177230700918196,21
2026-08-17,3M,Household/Personal Care,71,2.0894774932365507,-5.240329986946032,13
2026-08-17,3M,Investment Managers,72,2.0810146132389504,-5.248792866943632,13
2026-08-17,3M,Food: Major Diversified,73,1.766002273881253,-5.563805206301329,5
2026-08-17,3M,Integrated Oil,74,1.7443358459044571,-5.585471634278125,5
2026-08-17,3M,Multi-Line Insurance,75,1.1876960685604174,-6.142111411622165,5
2026-08-17,3M,Gas Distributors,76,1.1430802668994426,-6.18672721328314,6
2026-08-17,3M,Marine Shipping,77,-0.1526318747939541,-7.482439354976536,3
2026-08-17,3M,Agricultural Commodities/Milling,78,-0.3400990983488379,-7.66990657853142,25
2026-08-17,3M,Other Consumer Services,79,-0.8271729464084574,-8.15698042659104,5
2026-08-17,3M,Industrial Conglomerates,80,-0.884629228283871,-8.214436708466453,4
2026-08-17,3M,Steel,81,-0.9984523731811918,-8.328259853363774,47
2026-08-17,3M,Oil Refining/Marketing,82,-1.182332361277819,-8.512139841460401,10
2026-08-17,3M,Coal,83,-1.6839196876840257,-9.013727167866609,4
2026-08-17,3M,Apparel/Footwear Retail,84,-1.7861108705945912,-9.115918350777171,12
2026-08-17,3M,Major Telecommunications,85,-3.2419243611850748,-10.571731841367658,6
2026-08-17,3M,Financial Publishing/Services,86,-3.8891427727470735,-11.218950252929655,2
2026-08-17,3M,Other Metals/Minerals,87,-4.14658136851558,-11.476388848698162,16
2026-08-17,3M,Electric Utilities,88,-4.790628208523561,-12.120435688706143,24
2026-08-17,3M,Investment Banks/Brokers,89,-5.750285467501192,-13.080092947683774,21
2026-08-17,3M,Alternative Power Generation,90,-7.827838431862101,-15.157645912044684,10
2026-08-17,3M,Specialty Insurance,91,-9.775599610133298,-17.10540709031588,2
2026-08-17,3M,Aluminum,92,-10.067135843284603,-17.396943323467184,4
2026-08-17,3M,Tobacco,93,-12.37209093415298,-19.701898414335563,3
2026-08-18,3M,Electronics Distributors,1,59.297099230268216,51.76906961187819,4
2026-08-18,3M,Biotechnology,2,48.62272253455204,41.09469291616201,4
2026-08-18,3M,Electronic Components,3,46.22622821787319,38.69819859948316,4
2026-08-18,3M,Electronics/Appliance Stores,4,39.5653908516603,32.03736123327027,2
2026-08-18,3M,Medical Specialties,5,38.89688997338375,31.36886035499372,6
2026-08-18,3M,Telecommunications Equipment,6,38.38876657023491,30.86073695184488,6
2026-08-18,3M,Specialty Stores,7,36.7479783514596,29.21994873306956,11
2026-08-18,3M,Electronic Production Equipment,8,35.31264734244655,27.78461772405652,10
2026-08-18,3M,Other Consumer Specialties,9,34.002813562330594,26.47478394394056,16
2026-08-18,3M,Airlines,10,32.84877878439302,25.320749166002987,2
2026-08-18,3M,Oilfield Services/Equipment,11,32.24975491651538,24.721725298125342,3
2026-08-18,3M,Wholesale Distributors,12,30.81247684040571,23.28444722201568,15
2026-08-18,3M,Personnel Services,13,27.69611550177875,20.16808588338872,2
2026-08-18,3M,Restaurants,14,26.723284450937825,19.1952548325478,7
2026-08-18,3M,Internet Retail,15,24.22783508627332,16.699805467883287,4
2026-08-18,3M,Auto Parts: OEM,16,24.177700775793024,16.64967115740299,51
2026-08-18,3M,Internet Software/Services,17,22.38104434303708,14.853014724647046,12
2026-08-18,3M,Electronic Equipment/Instruments,18,22.25702896722694,14.728999348836908,7
2026-08-18,3M,Containers/Packaging,19,22.06910769503276,14.541078076642725,11
2026-08-18,3M,Chemicals: Major Diversified,20,20.37837316877661,12.85034355038658,12
2026-08-18,3M,Metal Fabrication,21,19.90734656232002,12.379316943929986,27
2026-08-18,3M,Electronics/Appliances,22,18.49099442691438,10.962964808524347,8
2026-08-18,3M,Real Estate Development,23,18.15229772380508,10.62426810541504,34
2026-08-18,3M,Beverages: Alcoholic,24,17.31154900934513,9.783519390955096,9
2026-08-18,3M,Movies/Entertainment,25,15.731935942450772,8.203906324060743,8
2026-08-18,3M,Motor Vehicles,26,15.569996166188938,8.041966547798907,16
2026-08-18,3M,Regional Banks,27,15.257178398205948,7.729148779815916,19
2026-08-18,3M,Packaged Software,28,15.243935482376326,7.715905863986294,35
2026-08-18,3M,Homebuilding,29,15.034533404703431,7.5065037863134,4
2026-08-18,3M,Aerospace & Defense,30,14.689297613457937,7.161267995067905,9
2026-08-18,3M,Food: Meat/Fish/Dairy,31,14.188726554923004,6.660696936532973,6
2026-08-18,3M,Other Transportation,32,13.112138780111462,5.58410916172143,4
2026-08-18,3M,Oil & Gas Production,33,12.854755957982992,5.326726339592962,3
2026-08-18,3M,Industrial Machinery,34,12.719394438857655,5.1913648204676255,54
2026-08-18,3M,Apparel/Footwear,35,12.323424837191087,4.795395218801057,18
2026-08-18,3M,Trucks/Construction/Farm Machinery,36,12.317514167738755,4.7894845493487255,20
2026-08-18,3M,Textiles,37,12.12347396801845,4.595444349628418,24
2026-08-18,3M,Finance/Rental/Leasing,38,11.788446592273598,4.260416973883566,56
2026-08-18,3M,Automotive Aftermarket,39,11.376146392149131,3.8481167737591,7
2026-08-18,3M,Electrical Products,40,11.3258575554555,3.797827937065468,53
2026-08-18,3M,Medical/Nursing Services,41,11.282875029590274,3.7548454112002414,11
2026-08-18,3M,Home Furnishings,42,11.190804559173836,3.662774940783805,7
2026-08-18,3M,Chemicals: Specialty,43,10.63358869515316,3.105559076763128,49
2026-08-18,3M,Forest Products,44,10.434617563441368,2.906587945051336,5
2026-08-18,3M,Industrial Specialties,45,10.383806220694831,2.8557766023047995,28
2026-08-18,3M,Semiconductors,46,10.25859494680578,2.730565328415749,10
2026-08-18,3M,Pharmaceuticals: Other,47,10.250442237428697,2.722412619038665,6
2026-08-18,3M,Pharmaceuticals: Major,48,10.064465968552712,2.5364363501626803,79
2026-08-18,3M,Air Freight/Couriers,49,9.300111304368874,1.7720816859788426,11
2026-08-18,3M,Hotels/Resorts/Cruise lines,50,8.990406429573897,1.4623768111838649,13
2026-08-18,3M,Food: Specialty/Candy,51,8.60938029762729,1.081350679237258,20
2026-08-18,3M,Miscellaneous Commercial Services,52,8.394558404882774,0.8665287864927427,32
2026-08-18,3M,Financial Conglomerates,53,7.55742335710533,0.0293937387152984,5
2026-08-18,3M,Data Processing Services,54,7.430360234448996,-0.0976693839410351,3
2026-08-18,3M,Engineering & Construction,55,7.362090922762626,-0.165938695627406,56
2026-08-18,3M,Miscellaneous Manufacturing,56,7.013988282438898,-0.5140413359511333,13
2026-08-18,3M,Building Products,57,6.361197721498843,-1.166831896891189,11
2026-08-18,3M,Hospital/Nursing Management,58,6.25908246972727,-1.268947148662762,18
2026-08-18,3M,Investment Trusts/Mutual Funds,59,4.961712248931208,-2.566317369458824,5
2026-08-18,3M,Broadcasting,60,4.681767407953215,-2.8462622104368167,3
2026-08-18,3M,Trucking,61,4.290755488745265,-3.237274129644767,3
2026-08-18,3M,Information Technology Services,62,4.24126017375804,-3.286769444631992,29
2026-08-18,3M,Life/Health Insurance,63,3.837857318396919,-3.6901722999931126,8
2026-08-18,3M,Real Estate Investment Trusts,64,3.3802300416632214,-4.14779957672681,8
2026-08-18,3M,Major Banks,65,3.2630421351309264,-4.264987483259105,22
2026-08-18,3M,Office Equipment/Supplies,66,3.1960614750739773,-4.331968143316054,5
2026-08-18,3M,Integrated Oil,67,3.031622123014654,-4.496407495375378,4
2026-08-18,3M,Construction Materials,68,2.9659116555988496,-4.562117962791183,21
2026-08-18,3M,Household/Personal Care,69,2.832356206927056,-4.695673411462977,13
2026-08-18,3M,Railroads,70,2.169732246171093,-5.358297372218939,2
2026-08-18,3M,Investment Managers,71,2.0810493325246595,-5.446980285865372,12
2026-08-18,3M,Gas Distributors,72,1.793650285216632,-5.7343793331734,6
2026-08-18,3M,Wireless Telecommunications,73,1.7520226818054727,-5.776006936584559,3
2026-08-18,3M,Chemicals: Agricultural,74,1.2762237155382006,-6.251805902851832,25
2026-08-18,3M,Multi-Line Insurance,75,0.9359697311036588,-6.592059887286373,5
2026-08-18,3M,Other Consumer Services,76,0.2261094105374734,-7.301920207852558,5
2026-08-18,3M,Food: Major Diversified,77,-0.1611803458279729,-7.689209964218005,5
2026-08-18,3M,Steel,78,-0.2574546623258315,-7.785484280715863,45
2026-08-18,3M,Agricultural Commodities/Milling,79,-0.5750877913715375,-8.10311740976157,26
2026-08-18,3M,Coal,80,-0.7373643111796246,-8.265393929569656,4
2026-08-18,3M,Oil Refining/Marketing,81,-0.8069955987122168,-8.335025217102249,9
2026-08-18,3M,Pulp & Paper,82,-1.1288880539568902,-8.656917672346921,2
2026-08-18,3M,Industrial Conglomerates,83,-1.426427301986119,-8.95445692037615,4
2026-08-18,3M,Apparel/Footwear Retail,84,-2.473231176022621,-10.001260794412651,12
2026-08-18,3M,Other Metals/Minerals,85,-3.0031180244008526,-10.531147642790884,16
2026-08-18,3M,Major Telecommunications,86,-3.1289204822374206,-10.656950100627451,6
2026-08-18,3M,Marine Shipping,87,-3.729755296776871,-11.257784915166903,3
2026-08-18,3M,Electric Utilities,88,-3.904304900997719,-11.432334519387751,23
2026-08-18,3M,Publishing: Newspapers,89,-4.059128940153702,-11.587158558543734,2
2026-08-18,3M,Financial Publishing/Services,90,-5.465986618108609,-12.99401623649864,2
2026-08-18,3M,Investment Banks/Brokers,91,-6.502853648665481,-14.030883267055511,19
2026-08-18,3M,Alternative Power Generation,92,-7.6899901118023966,-15.218019730192427,10
2026-08-18,3M,Specialty Insurance,93,-8.247404246505955,-15.775433864895987,2
2026-08-18,3M,Aluminum,94,-11.424875714743132,-18.952905333133163,4
2026-08-18,3M,Tobacco,95,-12.738531701696022,-20.26656132008605,3
2026-08-19,3M,Electronics Distributors,1,55.04061242560829,49.62914725335877,4
2026-08-19,3M,Biotechnology,2,46.24254787152336,40.83108269927384,4
2026-08-19,3M,Electronics/Appliance Stores,3,37.65666384029585,32.24519866804633,2
2026-08-19,3M,Electronic Components,4,37.31922019777956,31.90775502553004,4
2026-08-19,3M,Medical Specialties,5,35.13492790708032,29.7234627348308,6
2026-08-19,3M,Specialty Stores,6,35.1215817430586,29.71011657080908,11
2026-08-19,3M,Electronic Production Equipment,7,32.67371287311406,27.262247700864545,10
2026-08-19,3M,Telecommunications Equipment,8,31.01526175432031,25.60379658207079,7
2026-08-19,3M,Other Consumer Specialties,9,29.908898393025893,24.49743322077637,17
2026-08-19,3M,Wholesale Distributors,10,28.270585215336475,22.85912004308696,15
2026-08-19,3M,Oilfield Services/Equipment,11,28.06326799173184,22.65180281948232,3
2026-08-19,3M,Personnel Services,12,25.57832360013742,20.1668584278879,2
2026-08-19,3M,Restaurants,13,25.40798371699596,19.99651854474644,7
2026-08-19,3M,Internet Retail,14,24.83518904537419,19.42372387312467,4
2026-08-19,3M,Containers/Packaging,15,24.2229336129076,18.81146844065807,11
2026-08-19,3M,Internet Software/Services,16,21.70457088988868,16.29310571763916,13
2026-08-19,3M,Chemicals: Major Diversified,17,20.77768882456151,15.366223652311987,11
2026-08-19,3M,Auto Parts: OEM,18,20.46012680030874,15.048661628059218,48
2026-08-19,3M,Metal Fabrication,19,17.893015069935142,12.48154989768562,29
2026-08-19,3M,Beverages: Alcoholic,20,16.38663702622754,10.97517185397802,9
2026-08-19,3M,Electronics/Appliances,21,15.850840681301346,10.439375509051825,8
2026-08-19,3M,Real Estate Development,22,15.439687810415768,10.028222638166245,35
2026-08-19,3M,Food: Meat/Fish/Dairy,23,15.19115801476168,9.77969284251216,7
2026-08-19,3M,Packaged Software,24,14.058147599492669,8.646682427243146,35
2026-08-19,3M,Regional Banks,25,13.251366204169468,7.839901031919946,19
2026-08-19,3M,Motor Vehicles,26,12.973011327067212,7.56154615481769,16
2026-08-19,3M,Other Transportation,27,12.66756723410984,7.256102061860317,4
2026-08-19,3M,Electronic Equipment/Instruments,28,12.39869806464928,6.987232892399759,8
2026-08-19,3M,Homebuilding,29,11.760622877434717,6.349157705185193,4
2026-08-19,3M,Oil & Gas Production,30,11.09715557765122,5.685690405401698,3
2026-08-19,3M,Apparel/Footwear,31,10.93717297513181,5.525707802882288,17
2026-08-19,3M,Textiles,32,10.656802939991774,5.245337767742252,21
2026-08-19,3M,Movies/Entertainment,33,10.613372828295551,5.201907656046031,8
2026-08-19,3M,Medical/Nursing Services,34,10.541045284185218,5.129580111935696,11
2026-08-19,3M,Aerospace & Defense,35,10.412390536992332,5.00092536474281,9
2026-08-19,3M,Industrial Machinery,36,10.102904316517938,4.691439144268416,56
2026-08-19,3M,Finance/Rental/Leasing,37,9.38729136655292,3.975826194303399,56
2026-08-19,3M,Pharmaceuticals: Other,38,9.319720661695325,3.908255489445801,6
2026-08-19,3M,Pharmaceuticals: Major,39,9.063417776612129,3.651952604362607,79
2026-08-19,3M,Semiconductors,40,8.98354173772019,3.572076565470668,10
2026-08-19,3M,Chemicals: Specialty,41,8.9030415843203,3.491576412070778,51
2026-08-19,3M,Home Furnishings,42,8.884554823508983,3.4730896512594613,7
2026-08-19,3M,Automotive Aftermarket,43,8.697099859436683,3.2856346871871613,7
2026-08-19,3M,Hotels/Resorts/Cruise lines,44,8.632421985603392,3.2209568133538697,13
2026-08-19,3M,Trucks/Construction/Farm Machinery,45,8.228394256250425,2.816929084000903,20
2026-08-19,3M,Forest Products,46,7.995559562037087,2.584094389787565,5
2026-08-19,3M,Air Freight/Couriers,47,7.298691843665884,1.8872266714163617,10
2026-08-19,3M,Miscellaneous Commercial Services,48,7.154892412986318,1.7434272407367963,32
2026-08-19,3M,Food: Specialty/Candy,49,6.9371354235945,1.5256702513449776,20
2026-08-19,3M,Industrial Specialties,50,6.830622025044656,1.419156852795134,26
2026-08-19,3M,Data Processing Services,51,6.717686461221437,1.3062212889719147,3
2026-08-19,3M,Miscellaneous Manufacturing,52,6.212971665043445,0.8015064927939228,14
2026-08-19,3M,Engineering & Construction,53,5.405665855220922,-0.0057993170286003,55
2026-08-19,3M,Electrical Products,54,5.235174851271651,-0.1762903209778707,53
2026-08-19,3M,Financial Conglomerates,55,5.007313153259931,-0.4041520189895911,9
2026-08-19,3M,Information Technology Services,56,4.054399316460158,-1.3570658557893642,31
2026-08-19,3M,Hospital/Nursing Management,57,3.3808127460544344,-2.030652426195088,19
2026-08-19,3M,Real Estate Investment Trusts,58,3.341187083902688,-2.070278088346834,8
2026-08-19,3M,Trucking,59,3.3374705053693523,-2.0739946668801696,3
2026-08-19,3M,Gas Distributors,60,2.878159746714104,-2.533305425535418,6
2026-08-19,3M,Building Products,61,2.8469513992199738,-2.564513773029548,11
2026-08-19,3M,Life/Health Insurance,62,2.755106214778288,-2.6563589574712343,8
2026-08-19,3M,Investment Managers,63,2.2668582514729367,-3.144606920776585,13
2026-08-19,3M,Broadcasting,64,2.213615351142616,-3.197849821106906,3
2026-08-19,3M,Investment Trusts/Mutual Funds,65,1.730487282803289,-3.6809778894462335,4
2026-08-19,3M,Household/Personal Care,66,1.6748698408812828,-3.736595331368239,13
2026-08-19,3M,Major Banks,67,1.3124579553258746,-4.099007216923647,22
2026-08-19,3M,Integrated Oil,68,1.1820506537116384,-4.229414518537883,4
2026-08-19,3M,Wireless Telecommunications,69,0.7141280979490954,-4.697337074300426,3
2026-08-19,3M,Office Equipment/Supplies,70,0.5125053335145148,-4.898959838735007,6
2026-08-19,3M,Railroads,71,0.4867715988552882,-4.924693573394234,2
2026-08-19,3M,Chemicals: Agricultural,72,0.3985713223384109,-5.012893849911111,27
2026-08-19,3M,Construction Materials,73,0.1228665615252063,-5.288598610724316,22
2026-08-19,3M,Agricultural Commodities/Milling,74,-0.2847625283973955,-5.696227700646918,26
2026-08-19,3M,Multi-Line Insurance,75,-0.8305652644838233,-6.242030436733345,5
2026-08-19,3M,Steel,76,-1.3233273270291548,-6.734792499278677,47
2026-08-19,3M,Other Consumer Services,77,-1.8254719148920424,-7.236937087141564,5
2026-08-19,3M,Food: Major Diversified,78,-2.0820371671686697,-7.493502339418192,5
2026-08-19,3M,Industrial Conglomerates,79,-2.867320933158388,-8.27878610540791,4
2026-08-19,3M,Coal,80,-3.345902327806949,-8.757367500056471,4
2026-08-19,3M,Marine Shipping,81,-3.5490955338728667,-8.960560706122388,3
2026-08-19,3M,Apparel/Footwear Retail,82,-3.9766349879172,-9.38810016016672,12
2026-08-19,3M,Oil Refining/Marketing,83,-4.114336531383486,-9.525801703633007,10
2026-08-19,3M,Financial Publishing/Services,84,-5.5628072117969305,-10.974272384046452,2
2026-08-19,3M,Other Metals/Minerals,85,-6.084277615624145,-11.495742787873668,16
2026-08-19,3M,Major Telecommunications,86,-6.733086253539478,-12.144551425789,6
2026-08-19,3M,Electric Utilities,87,-6.880538084684679,-12.2920032569342,23
2026-08-19,3M,Investment Banks/Brokers,88,-8.422483155833596,-13.833948328083116,21
2026-08-19,3M,Specialty Insurance,89,-8.564416388313013,-13.975881560562534,2
2026-08-19,3M,Alternative Power Generation,90,-8.910293448179724,-14.321758620429248,10
2026-08-19,3M,Aluminum,91,-13.095266450003963,-18.506731622253486,4
2026-08-19,3M,Tobacco,92,-13.70782447283248,-19.119289645082,3
2026-08-20,3M,Electronics Distributors,1,59.29355356097712,53.04077752867506,4
2026-08-20,3M,Biotechnology,2,46.57882997616063,40.32605394385857,4
2026-08-20,3M,Medical Specialties,3,41.40015836971322,35.14738233741116,6
2026-08-20,3M,Electronics/Appliance Stores,4,39.05352251491182,32.80074648260976,2
2026-08-20,3M,Electronic Components,5,34.23372560883916,27.9809495765371,4
2026-08-20,3M,Specialty Stores,6,33.274465259443986,27.021689227141927,11
2026-08-20,3M,Electronic Production Equipment,7,30.51941582236513,24.26663979006307,10
2026-08-20,3M,Oilfield Services/Equipment,8,30.181653458905004,23.928877426602945,3
2026-08-20,3M,Restaurants,9,28.337746497348338,22.08497046504628,7
2026-08-20,3M,Telecommunications Equipment,10,28.08017649937109,21.82740046706904,6
2026-08-20,3M,Other Consumer Specialties,11,27.93356093867507,21.68078490637301,18
2026-08-20,3M,Personnel Services,12,27.875447246241,21.622671213938943,2
2026-08-20,3M,Wholesale Distributors,13,27.081801652177745,20.829025619875686,15
2026-08-20,3M,Containers/Packaging,14,26.33176833682544,20.07899230452338,11
2026-08-20,3M,Internet Software/Services,15,23.803513974736138,17.55073794243408,13
2026-08-20,3M,Internet Retail,16,23.49310329734544,17.240327265043383,4
2026-08-20,3M,Airlines,17,22.94371969050712,16.690943658205057,2
2026-08-20,3M,Auto Parts: OEM,18,20.948102080231976,14.695326047929916,50
2026-08-20,3M,Food: Meat/Fish/Dairy,19,19.643503000338164,13.390726968036104,7
2026-08-20,3M,Chemicals: Major Diversified,20,19.38564611310363,13.13287008080157,12
2026-08-20,3M,Electronics/Appliances,21,19.13394851026503,12.88117247796297,8
2026-08-20,3M,Beverages: Alcoholic,22,17.345513706347116,11.092737674045058,9
2026-08-20,3M,Metal Fabrication,23,16.439518362894276,10.186742330592216,28
2026-08-20,3M,Real Estate Development,24,16.229676462976826,9.976900430674768,34
2026-08-20,3M,Packaged Software,25,14.99037748480762,8.737601452505562,35
2026-08-20,3M,Regional Banks,26,14.493921672397414,8.241145640095356,19
2026-08-20,3M,Motor Vehicles,27,13.93496683006664,7.682190797764582,16
2026-08-20,3M,Movies/Entertainment,28,13.279223549584268,7.026447517282209,8
2026-08-20,3M,Homebuilding,29,12.178738987498605,5.925962955196544,4
2026-08-20,3M,Oil & Gas Production,30,12.079887218045108,5.82711118574305,3
2026-08-20,3M,Finance/Rental/Leasing,31,12.01754769624085,5.764771663938792,55
2026-08-20,3M,Apparel/Footwear,32,11.384074659424666,5.131298627122607,17
2026-08-20,3M,Textiles,33,10.943675540085042,4.690899507782984,26
2026-08-20,3M,Electronic Equipment/Instruments,34,10.592925704363154,4.340149672061095,8
2026-08-20,3M,Industrial Machinery,35,10.53269805137388,4.279922019071821,55
2026-08-20,3M,Trucking,36,10.480395101060216,4.227619068758157,2
2026-08-20,3M,Semiconductors,37,10.137804844167707,3.8850288118656495,10
2026-08-20,3M,Pharmaceuticals: Major,38,9.883005625763516,3.6302295934614577,81
2026-08-20,3M,Hotels/Resorts/Cruise lines,39,9.631745371367607,3.3789693390655504,13
2026-08-20,3M,Other Transportation,40,9.560734079201625,3.3079580468995644,4
2026-08-20,3M,Automotive Aftermarket,41,9.521093707692009,3.26831767538995,7
2026-08-20,3M,Home Furnishings,42,9.134524123449165,2.881748091147106,7
2026-08-20,3M,Air Freight/Couriers,43,9.031766689129125,2.778990656827066,9
2026-08-20,3M,Chemicals: Specialty,44,8.766780847000081,2.5140048146980227,50
2026-08-20,3M,Pharmaceuticals: Other,45,8.675579532392359,2.4228035000903,6
2026-08-20,3M,Aerospace & Defense,46,8.67041752625898,2.4176414939569213,9
2026-08-20,3M,Medical/Nursing Services,47,8.597211926003533,2.3444358937014744,10
2026-08-20,3M,Data Processing Services,48,8.297643851760451,2.0448678194583927,3
2026-08-20,3M,Miscellaneous Commercial Services,49,7.98841280698403,1.7356367746819714,32
2026-08-20,3M,Trucks/Construction/Farm Machinery,50,7.979890195330332,1.727114163028273,19
2026-08-20,3M,Food: Specialty/Candy,51,7.516227814324795,1.2634517820227362,17
2026-08-20,3M,Industrial Specialties,52,6.525714341906347,0.2729383096042879,26
2026-08-20,3M,Broadcasting,53,6.401384052249754,0.1486080199476953,3
2026-08-20,3M,Engineering & Construction,54,6.099497221900907,-0.1532788104011517,53
2026-08-20,3M,Electrical Products,55,5.946628439984851,-0.3061475923172079,51
2026-08-20,3M,Forest Products,56,5.944285845668933,-0.3084901866331258,4
2026-08-20,3M,Miscellaneous Manufacturing,57,5.261629162891774,-0.9911468694102848,13
2026-08-20,3M,Information Technology Services,58,4.90008267355028,-1.3526933587517789,31
2026-08-20,3M,Financial Conglomerates,59,3.830367691943819,-2.42240834035824,7
2026-08-20,3M,Real Estate Investment Trusts,60,3.591784418563434,-2.660991613738625,8
2026-08-20,3M,Household/Personal Care,61,3.402986000643568,-2.8497900316584914,13
2026-08-20,3M,Investment Trusts/Mutual Funds,62,3.375612930763529,-2.877163101538529,4
2026-08-20,3M,Agricultural Commodities/Milling,63,3.2691446201445813,-2.9836314121574774,25
2026-08-20,3M,Building Products,64,3.0746020620352184,-3.1781739702668403,11
2026-08-20,3M,Wireless Telecommunications,65,2.949484557317485,-3.303291474984573,3
2026-08-20,3M,Major Banks,66,2.935057951846938,-3.31771808045512,22
2026-08-20,3M,Hospital/Nursing Management,67,2.863628893477057,-3.3891471388250016,19
2026-08-20,3M,Cable/Satellite TV,68,2.8436276012889987,-3.40914843101306,2
2026-08-20,3M,Life/Health Insurance,69,2.676462738541693,-3.576313293760365,8
2026-08-20,3M,Investment Managers,70,2.5095942606869275,-3.743181771615131,13
2026-08-20,3M,Office Equipment/Supplies,71,2.1242880449179697,-4.128487987384089,4
2026-08-20,3M,Gas Distributors,72,2.0543284218406628,-4.198447610461396,6
2026-08-20,3M,Railroads,73,1.5447856153553683,-4.70799041694669,2
2026-08-20,3M,Integrated Oil,74,0.7591492220987839,-5.493626810203275,4
2026-08-20,3M,Multi-Line Insurance,75,0.3883119779031,-5.864464054398959,5
2026-08-20,3M,Construction Materials,76,-0.8270431684613839,-7.079819200763443,21
2026-08-20,3M,Chemicals: Agricultural,77,-0.8513850843286953,-7.104161116630754,23
2026-08-20,3M,Industrial Conglomerates,78,-0.9257942268375036,-7.178570259139562,4
2026-08-20,3M,Steel,79,-1.060809282168288,-7.313585314470346,48
2026-08-20,3M,Other Consumer Services,80,-1.286498712731864,-7.539274745033923,5
2026-08-20,3M,Food: Major Diversified,81,-1.6412595576539053,-7.894035589955964,5
2026-08-20,3M,Apparel/Footwear Retail,82,-2.9977839374922106,-9.250559969794269,12
2026-08-20,3M,Coal,83,-3.7882104691314655,-10.040986501433524,4
2026-08-20,3M,Oil Refining/Marketing,84,-3.920380005596031,-10.173156037898089,10
2026-08-20,3M,Other Metals/Minerals,85,-4.945205441230435,-11.197981473532494,16
2026-08-20,3M,Publishing: Newspapers,86,-5.922316889900918,-12.175092922202976,2
2026-08-20,3M,Marine Shipping,87,-6.047946552793503,-12.300722585095562,3
2026-08-20,3M,Electric Utilities,88,-6.304265190067402,-12.55704122236946,22
2026-08-20,3M,Financial Publishing/Services,89,-6.3805001887365,-12.63327622103856,2
2026-08-20,3M,Investment Banks/Brokers,90,-6.583615626979882,-12.83639165928194,22
2026-08-20,3M,Alternative Power Generation,91,-7.290112271560502,-13.54288830386256,10
2026-08-20,3M,Major Telecommunications,92,-7.721854316623605,-13.974630348925665,6
2026-08-20,3M,Specialty Insurance,93,-8.562092049856307,-14.814868082158366,2
2026-08-20,3M,Tobacco,94,-12.272587532512215,-18.52536356481428,3
2026-08-20,3M,Aluminum,95,-12.592835359770216,-18.84561139207227,4
2026-08-21,3M,Electronics Distributors,1,59.80250740893639,53.425819772532925,4
2026-08-21,3M,Biotechnology,2,46.91368830376157,40.5370006673581,4
2026-08-21,3M,Medical Specialties,3,42.20486301741757,35.828175381014105,6
2026-08-21,3M,Electronics/Appliance Stores,4,36.2830139774211,29.90632634101763,2
2026-08-21,3M,Specialty Stores,5,34.492682736297695,28.115995099894224,11
2026-08-21,3M,Oilfield Services/Equipment,6,33.39730089799372,27.020613261590253,3
2026-08-21,3M,Electronic Components,7,32.7067293823302,26.33004174592673,4
2026-08-21,3M,Other Consumer Specialties,8,31.441984988999447,25.065297352595977,17
2026-08-21,3M,Electronic Production Equipment,9,30.90026028358672,24.523572647183247,10
2026-08-21,3M,Wholesale Distributors,10,29.77654428950681,23.39985665310333,15
2026-08-21,3M,Consumer Sundries,11,28.86815061867339,22.49146298226992,2
2026-08-21,3M,Telecommunications Equipment,12,27.690824290743752,21.31413665434028,7
2026-08-21,3M,Restaurants,13,27.390814999418232,21.01412736301476,7
2026-08-21,3M,Containers/Packaging,14,26.226308319987503,19.849620683584035,11
2026-08-21,3M,Food: Meat/Fish/Dairy,15,25.116795908181704,18.74010827177824,7
2026-08-21,3M,Internet Software/Services,16,24.37636865657305,17.99968102016958,13
2026-08-21,3M,Internet Retail,17,24.076296936428893,17.699609300025422,4
2026-08-21,3M,Airlines,18,20.758458549209813,14.381770912806342,2
2026-08-21,3M,Chemicals: Major Diversified,19,20.52153948635894,14.144851849955469,11
2026-08-21,3M,Auto Parts: OEM,20,20.17489579153205,13.798208155128584,53
2026-08-21,3M,Electronics/Appliances,21,18.472684420205173,12.095996783801702,8
2026-08-21,3M,Beverages: Alcoholic,22,17.674411158983215,11.297723522579744,7
2026-08-21,3M,Metal Fabrication,23,16.991246378978865,10.614558742575394,28
2026-08-21,3M,Real Estate Development,24,16.60967422338174,10.23298658697827,35
2026-08-21,3M,Regional Banks,25,15.189641540645656,8.812953904242185,19
2026-08-21,3M,Packaged Software,26,15.113595718996857,8.736908082593384,35
2026-08-21,3M,Movies/Entertainment,27,14.636980648184505,8.260293011781034,8
2026-08-21,3M,Oil & Gas Production,28,13.997363159386238,7.620675522982768,3
2026-08-21,3M,Motor Vehicles,29,13.229277332668731,6.8525896962652615,16
2026-08-21,3M,Homebuilding,30,12.722778382777316,6.346090746373847,4
2026-08-21,3M,Industrial Machinery,31,12.409274359734964,6.032586723331494,56
2026-08-21,3M,Finance/Rental/Leasing,32,12.189994204665616,5.813306568262145,54
2026-08-21,3M,Apparel/Footwear,33,11.528182797825393,5.151495161421923,16
2026-08-21,3M,Electronic Equipment/Instruments,34,11.156245459030597,4.779557822627125,8
2026-08-21,3M,Semiconductors,35,10.69032188947977,4.313634253076301,9
2026-08-21,3M,Textiles,36,10.469077082397336,4.092389445993866,25
2026-08-21,3M,Hotels/Resorts/Cruise lines,37,10.29952508644014,3.922837450036672,13
2026-08-21,3M,Medical/Nursing Services,38,10.13149461876178,3.7548069823583097,11
2026-08-21,3M,Other Transportation,39,9.868047727539947,3.491360091136479,4
2026-08-21,3M,Air Freight/Couriers,40,9.833392695348154,3.456705058944684,11
2026-08-21,3M,Pharmaceuticals: Major,41,9.576464761534275,3.1997771251308054,82
2026-08-21,3M,Aerospace & Defense,42,9.545756031552337,3.169068395148865,9
2026-08-21,3M,Automotive Aftermarket,43,9.411062843129312,3.0343752067258416,7
2026-08-21,3M,Home Furnishings,44,9.31837301144083,2.94168537503736,7
2026-08-21,3M,Data Processing Services,45,9.299850280698864,2.9231626442953926,3
2026-08-21,3M,Pharmaceuticals: Other,46,9.196200855773192,2.819513219369722,6
2026-08-21,3M,Chemicals: Specialty,47,8.46508733377666,2.08839969737319,50
2026-08-21,3M,Miscellaneous Commercial Services,48,8.266533539375507,1.889845902972037,32
2026-08-21,3M,Trucks/Construction/Farm Machinery,49,8.114378396909665,1.7376907605061946,20
2026-08-21,3M,Forest Products,50,6.83386023813185,0.4571726017283799,5
2026-08-21,3M,Industrial Specialties,51,6.428658027830669,0.0519703914271989,25
2026-08-21,3M,Engineering & Construction,52,6.216466894983349,-0.1602207414201206,54
2026-08-21,3M,Food: Specialty/Candy,53,6.058405936911748,-0.3182816994917221,18
2026-08-21,3M,Electrical Products,54,5.786482867869032,-0.5902047685344378,53
2026-08-21,3M,Broadcasting,55,5.236704687002701,-1.1399829494007685,3
2026-08-21,3M,Miscellaneous Manufacturing,56,4.9316851109222855,-1.4450025254811845,13
2026-08-21,3M,Financial Conglomerates,57,4.597308789346656,-1.7793788470568144,7
2026-08-21,3M,Information Technology Services,58,4.596353758333217,-1.780333878070253,31
2026-08-21,3M,Cable/Satellite TV,59,4.3040955295724,-2.0725921068310704,2
2026-08-21,3M,Building Products,60,4.156418230399009,-2.220269406004461,12
2026-08-21,3M,Investment Trusts/Mutual Funds,61,4.000048335433973,-2.3766393009694973,5
2026-08-21,3M,Life/Health Insurance,62,3.609985940095791,-2.76670169630768,8
2026-08-21,3M,Real Estate Investment Trusts,63,3.392719301627864,-2.9839683347756063,8
2026-08-21,3M,Major Banks,64,3.209077097688976,-3.1676105387144946,22
2026-08-21,3M,Investment Managers,65,2.8569652747635,-3.5197223616399707,12
2026-08-21,3M,Household/Personal Care,66,2.788678521884846,-3.588009114518624,13
2026-08-21,3M,Wireless Telecommunications,67,2.5073397416812706,-3.8693478947221993,3
2026-08-21,3M,Hospital/Nursing Management,68,2.3727304110380887,-4.003957225365381,18
2026-08-21,3M,Other Consumer Services,69,2.3409991079379724,-4.0356885284654975,5
2026-08-21,3M,Agricultural Commodities/Milling,70,2.314304585267781,-4.062383051135689,26
2026-08-21,3M,Office Equipment/Supplies,71,2.1958409754756776,-4.180846660927792,5
2026-08-21,3M,Trucking,72,1.9974889906145483,-4.379198645788922,3
2026-08-21,3M,Multi-Line Insurance,73,1.7239180327017063,-4.652769603701763,5
2026-08-21,3M,Gas Distributors,74,1.2151588737495342,-5.161528762653935,6
2026-08-21,3M,Integrated Oil,75,0.6363982301090562,-5.740289406294414,4
2026-08-21,3M,Pulp & Paper,76,0.4857235711964363,-5.890964065207034,2
2026-08-21,3M,Railroads,77,0.2848212552548659,-6.091866381148604,2
2026-08-21,3M,Construction Materials,78,-0.6711329793096765,-7.047820615713146,21
2026-08-21,3M,Industrial Conglomerates,79,-0.9120670369633378,-7.288754673366808,4
2026-08-21,3M,Steel,80,-1.1335284133806414,-7.510216049784111,50
2026-08-21,3M,Chemicals: Agricultural,81,-1.297899416582146,-7.674587052985616,23
2026-08-21,3M,Coal,82,-1.420994034542198,-7.797681670945668,4
2026-08-21,3M,Food: Major Diversified,83,-2.06422664907602,-8.44091428547949,5
2026-08-21,3M,Other Metals/Minerals,84,-3.6728673604832407,-10.04955499688671,16
2026-08-21,3M,Apparel/Footwear Retail,85,-3.8384715231525854,-10.215159159556055,12
2026-08-21,3M,Oil Refining/Marketing,86,-3.967352070811375,-10.344039707214844,9
2026-08-21,3M,Publishing: Newspapers,87,-5.90793882082803,-12.2846264572315,2
2026-08-21,3M,Electric Utilities,88,-6.007322537791871,-12.38401017419534,23
2026-08-21,3M,Marine Shipping,89,-6.131369088872498,-12.508056725275967,3
2026-08-21,3M,Investment Banks/Brokers,90,-6.182218715014977,-12.558906351418448,21
2026-08-21,3M,Financial Publishing/Services,91,-6.196863273357064,-12.573550909760534,2
2026-08-21,3M,Alternative Power Generation,92,-6.296539501087025,-12.673227137490496,10
2026-08-21,3M,Major Telecommunications,93,-6.809302257714239,-13.185989894117707,5
2026-08-21,3M,Specialty Insurance,94,-9.30703146493338,-15.683719101336852,2
2026-08-21,3M,Aluminum,95,-10.204979303030584,-16.581666939434054,4
2026-08-21,3M,Tobacco,96,-12.506710081881998,-18.88339771828547,3
2026-08-24,3M,Electronics Distributors,1,60.56095171272327,55.52025268936877,4
2026-08-24,3M,Biotechnology,2,51.43267425510366,46.39197523174917,4
2026-08-24,3M,Medical Specialties,3,47.378214162630606,42.33751513927611,6
2026-08-24,3M,Specialty Stores,4,33.58367825218491,28.54297922883041,12
2026-08-24,3M,Electronics/Appliance Stores,5,33.456613428505484,28.415914405150986,2
2026-08-24,3M,Oilfield Services/Equipment,6,29.74993324895815,24.70923422560365,3
2026-08-24,3M,Electronic Components,7,28.83817372150512,23.797474698150623,4
2026-08-24,3M,Food: Meat/Fish/Dairy,8,28.253506069481546,23.21280704612704,7
2026-08-24,3M,Other Consumer Specialties,9,27.870819643981395,22.830120620626893,17
2026-08-24,3M,Personnel Services,10,26.540068653855787,21.499369630501285,2
2026-08-24,3M,Internet Retail,11,26.35947829350124,21.31877927014673,4
2026-08-24,3M,Restaurants,12,25.791400263734776,20.75070124038028,7
2026-08-24,3M,Containers/Packaging,13,24.524134517551712,19.48343549419721,11
2026-08-24,3M,Electronic Production Equipment,14,24.268420335583446,19.227721312228944,10
2026-08-24,3M,Wholesale Distributors,15,24.10167799463308,19.06097897127858,16
2026-08-24,3M,Airlines,16,23.63808384918402,18.59738482582952,2
2026-08-24,3M,Internet Software/Services,17,23.2334359267912,18.192736903436703,13
2026-08-24,3M,Chemicals: Major Diversified,18,21.86525328899648,16.82455426564198,12
2026-08-24,3M,Telecommunications Equipment,19,20.384151404245063,15.343452380890565,7
2026-08-24,3M,Auto Parts: OEM,20,18.238389520793447,13.197690497438948,52
2026-08-24,3M,Oil & Gas Production,21,17.88873584390199,12.84803682054749,3
2026-08-24,3M,Movies/Entertainment,22,17.654875602584045,12.614176579229545,8
2026-08-24,3M,Beverages: Alcoholic,23,17.24675844660072,12.206059423246218,9
2026-08-24,3M,Real Estate Development,24,16.043180668188842,11.002481644834342,36
2026-08-24,3M,Metal Fabrication,25,15.933528493373723,10.892829470019224,28
2026-08-24,3M,Electronics/Appliances,26,14.749328422056768,9.708629398702266,8
2026-08-24,3M,Packaged Software,27,14.449561592787775,9.408862569433277,37
2026-08-24,3M,Industrial Machinery,28,13.254984503027693,8.21428547967319,56
2026-08-24,3M,Regional Banks,29,11.981980310770368,6.941281287415867,19
2026-08-24,3M,Motor Vehicles,30,11.381047535089992,6.340348511735492,16
2026-08-24,3M,Medical/Nursing Services,31,10.426979285397858,5.386280262043357,10
2026-08-24,3M,Pharmaceuticals: Major,32,9.94520063967123,4.904501616316729,81
2026-08-24,3M,Electronic Equipment/Instruments,33,9.825762679361375,4.785063656006875,7
2026-08-24,3M,Air Freight/Couriers,34,9.663046095600556,4.622347072246056,10
2026-08-24,3M,Textiles,35,9.639469973674748,4.598770950320247,27
2026-08-24,3M,Apparel/Footwear,36,9.630399024609542,4.589700001255041,18
2026-08-24,3M,Hotels/Resorts/Cruise lines,37,9.537997846729205,4.497298823374702,14
2026-08-24,3M,Homebuilding,38,9.528545345917893,4.4878463225633904,3
2026-08-24,3M,Pharmaceuticals: Other,39,9.208176261742125,4.167477238387624,6
2026-08-24,3M,Home Furnishings,40,8.985144380175871,3.94444535682137,7
2026-08-24,3M,Finance/Rental/Leasing,41,8.96760327254611,3.92690424919161,56
2026-08-24,3M,Other Transportation,42,7.837530526590573,2.7968315032360724,4
2026-08-24,3M,Automotive Aftermarket,43,7.815508627937716,2.774809604583216,7
2026-08-24,3M,Data Processing Services,44,7.797797302419914,2.757098279065413,3
2026-08-24,3M,Chemicals: Specialty,45,7.077802620536553,2.0371035971820524,52
2026-08-24,3M,Broadcasting,46,6.854960213719374,1.814261190364873,3
2026-08-24,3M,Aerospace & Defense,47,6.815505794590447,1.774806771235946,9
2026-08-24,3M,Trucks/Construction/Farm Machinery,48,6.416467681611839,1.3757686582573383,20
2026-08-24,3M,Food: Specialty/Candy,49,6.331997702096431,1.2912986787419305,18
2026-08-24,3M,Miscellaneous Commercial Services,50,5.874909066296945,0.8342100429424448,32
2026-08-24,3M,Office Equipment/Supplies,51,5.541648416643181,0.5009493932886802,5
2026-08-24,3M,Electrical Products,52,5.439371176017408,0.3986721526629075,52
2026-08-24,3M,Industrial Specialties,53,5.386224747874611,0.34552572452011,27
2026-08-24,3M,Semiconductors,54,5.062591050000447,0.0218920266459461,10
2026-08-24,3M,Information Technology Services,55,4.548077604262184,-0.4926214190923161,31
2026-08-24,3M,Engineering & Construction,56,4.421984049217321,-0.6187149741371796,56
2026-08-24,3M,Forest Products,57,4.406808639840344,-0.6338903835141565,4
2026-08-24,3M,Financial Conglomerates,58,4.074192399831335,-0.9665066235231654,7
2026-08-24,3M,Real Estate Investment Trusts,59,3.8041416001045727,-1.236557423249928,8
2026-08-24,3M,Hospital/Nursing Management,60,3.4538067353386155,-1.586892288015885,19
2026-08-24,3M,Building Products,61,3.1480069437748948,-1.8926920795796056,12
2026-08-24,3M,Railroads,62,2.781460844424803,-2.2592381789296976,2
2026-08-24,3M,Household/Personal Care,63,2.4825331413487643,-2.558165882005736,12
2026-08-24,3M,Wireless Telecommunications,64,2.4270443417446144,-2.6136546816098862,3
2026-08-24,3M,Miscellaneous Manufacturing,65,2.317232242887914,-2.723466780466586,14
2026-08-24,3M,Trucking,66,1.994377516095644,-3.046321507258857,3
2026-08-24,3M,Agricultural Commodities/Milling,67,1.9065795383141784,-3.1341194850403222,29
2026-08-24,3M,Cable/Satellite TV,68,1.7452790862478629,-3.295419937106638,2
2026-08-24,3M,Food: Major Diversified,69,1.4432018156831845,-3.5974972076713163,5
2026-08-24,3M,Industrial Conglomerates,70,0.9314247718991848,-4.109274251455316,4
2026-08-24,3M,Integrated Oil,71,0.7319903562322613,-4.308708667122239,4
2026-08-24,3M,Other Consumer Services,72,0.7066256727429194,-4.334073350611581,5
2026-08-24,3M,Life/Health Insurance,73,0.520886688604049,-4.519812334750451,8
2026-08-24,3M,Investment Trusts/Mutual Funds,74,0.4373588921978126,-4.603340131156688,4
2026-08-24,3M,Investment Managers,75,0.313113186977844,-4.727585836376656,14
2026-08-24,3M,Multi-Line Insurance,76,-0.1714258944332953,-5.212124917787796,5
2026-08-24,3M,Major Banks,77,-0.3093190413774243,-5.350018064731925,22
2026-08-24,3M,Pulp & Paper,78,-0.6204610952175755,-5.661160118572076,2
2026-08-24,3M,Steel,79,-0.7578283756931825,-5.798527399047683,49
2026-08-24,3M,Coal,80,-1.7288877682758113,-6.769586791630312,4
2026-08-24,3M,Chemicals: Agricultural,81,-1.8750348843029767,-6.9157339076574775,28
2026-08-24,3M,Construction Materials,82,-2.0005889029530985,-7.041287926307599,21
2026-08-24,3M,Other Metals/Minerals,83,-3.0039368796461154,-8.044635903000616,17
2026-08-24,3M,Gas Distributors,84,-3.242615248625991,-8.283314271980492,6
2026-08-24,3M,Apparel/Footwear Retail,85,-3.965799530680007,-9.006498554034508,12
2026-08-24,3M,Oil Refining/Marketing,86,-3.997686393467524,-9.038385416822024,10
2026-08-24,3M,Marine Shipping,87,-5.110936213529461,-10.151635236883962,3
2026-08-24,3M,Publishing: Newspapers,88,-5.513191837488703,-10.553890860843204,2
2026-08-24,3M,Alternative Power Generation,89,-6.040754776119879,-11.08145379947438,10
2026-08-24,3M,Investment Banks/Brokers,90,-6.057691991643897,-11.098391014998398,22
2026-08-24,3M,Financial Publishing/Services,91,-6.098013473226924,-11.138712496581425,2
2026-08-24,3M,Electric Utilities,92,-8.163074734088276,-13.203773757442775,24
2026-08-24,3M,Major Telecommunications,93,-9.50048333709022,-14.54118236044472,6
2026-08-24,3M,Aluminum,94,-10.765002054126269,-15.80570107748077,4
2026-08-24,3M,Specialty Insurance,95,-11.00386932883354,-16.04456835218804,2
2026-08-24,3M,Tobacco,96,-12.540540847471648,-17.58123987082615,3
2026-08-25,3M,Electronics Distributors,1,56.29688804032175,50.97698027365655,4
2026-08-25,3M,Medical Specialties,2,49.20731511652845,43.88740734986325,6
2026-08-25,3M,Biotechnology,3,47.14339040508865,41.82348263842346,4
2026-08-25,3M,Specialty Stores,4,32.55837625881704,27.23846849215185,13
2026-08-25,3M,Electronics/Appliance Stores,5,31.658617287200112,26.33870952053492,2
2026-08-25,3M,Personnel Services,6,28.78144544444651,23.461537677781315,2
2026-08-25,3M,Other Consumer Specialties,7,28.726843182449365,23.40693541578417,17
2026-08-25,3M,Oilfield Services/Equipment,8,28.57261348333921,23.25270571667402,3
2026-08-25,3M,Food: Meat/Fish/Dairy,9,27.963425232197952,22.64351746553276,7
2026-08-25,3M,Internet Retail,10,27.260350562903508,21.94044279623831,4
2026-08-25,3M,Electronic Components,11,26.497090514501203,21.177182747836007,4
2026-08-25,3M,Restaurants,12,26.36357143794431,21.04366367127912,7
2026-08-25,3M,Electronic Production Equipment,13,26.3593036348699,21.039395868204704,10
2026-08-25,3M,Airlines,14,24.243492400036693,18.923584633371497,3
2026-08-25,3M,Wholesale Distributors,15,22.811381254856347,17.49147348819115,17
2026-08-25,3M,Internet Software/Services,16,22.78800411197576,17.468096345310563,12
2026-08-25,3M,Containers/Packaging,17,20.236884213049347,14.916976446384153,11
2026-08-25,3M,Chemicals: Major Diversified,18,19.561661152139244,14.241753385474048,12
2026-08-25,3M,Movies/Entertainment,19,18.20753576602198,12.887627999356784,8
2026-08-25,3M,Auto Parts: OEM,20,17.25922253774338,11.939314771078184,50
2026-08-25,3M,Real Estate Development,21,16.85176250051822,11.531854733853024,33
2026-08-25,3M,Telecommunications Equipment,22,16.18550655253834,10.865598785873145,7
2026-08-25,3M,Beverages: Alcoholic,23,15.91786551850051,10.597957751835311,9
2026-08-25,3M,Oil & Gas Production,24,15.866859887498308,10.546952120833112,3
2026-08-25,3M,Metal Fabrication,25,14.40737040254512,9.087462635879929,28
2026-08-25,3M,Packaged Software,26,13.775284578152396,8.455376811487202,37
2026-08-25,3M,Industrial Machinery,27,12.380842782660642,7.060935015995447,54
2026-08-25,3M,Regional Banks,28,12.313429775717882,6.993522009052687,19
2026-08-25,3M,Electronics/Appliances,29,12.061665154400224,6.741757387735029,8
2026-08-25,3M,Motor Vehicles,30,11.828558522850582,6.508650756185387,16
2026-08-25,3M,Medical/Nursing Services,31,11.325347742547834,6.005439975882639,11
2026-08-25,3M,Homebuilding,32,11.202809684711346,5.882901918046151,4
2026-08-25,3M,Finance/Rental/Leasing,33,10.424334275636122,5.104426508970927,53
2026-08-25,3M,Pharmaceuticals: Major,34,10.057962225238526,4.738054458573331,82
2026-08-25,3M,Electronic Equipment/Instruments,35,9.902039144615294,4.582131377950099,8
2026-08-25,3M,Apparel/Footwear,36,9.380203740068865,4.060295973403668,17
2026-08-25,3M,Data Processing Services,37,9.3032717966878,3.983364030022604,3
2026-08-25,3M,Pharmaceuticals: Other,38,9.18603619102865,3.8661284243634553,7
2026-08-25,3M,Other Transportation,39,8.947102942300617,3.627195175635422,4
2026-08-25,3M,Hotels/Resorts/Cruise lines,40,8.93322961010076,3.613321843435565,14
2026-08-25,3M,Air Freight/Couriers,41,8.211996024092114,2.892088257426919,11
2026-08-25,3M,Textiles,42,7.906811674837835,2.58690390817264,23
2026-08-25,3M,Chemicals: Specialty,43,7.626037418564457,2.306129651899262,52
2026-08-25,3M,Aerospace & Defense,44,7.493763284255981,2.173855517590786,9
2026-08-25,3M,Trucks/Construction/Farm Machinery,45,7.4210207322381105,2.1011129655729155,20
2026-08-25,3M,Home Furnishings,46,7.092147491035609,1.7722397243704142,7
2026-08-25,3M,Investment Trusts/Mutual Funds,47,6.981821106821101,1.6619133401559063,2
2026-08-25,3M,Miscellaneous Commercial Services,48,6.850257261544507,1.530349494879312,32
2026-08-25,3M,Financial Conglomerates,49,6.768685071958783,1.4487773052935884,6
2026-08-25,3M,Broadcasting,50,6.623441065276716,1.3035332986115211,3
2026-08-25,3M,Automotive Aftermarket,51,6.244998978847358,0.9250912121821626,7
2026-08-25,3M,Hospital/Nursing Management,52,5.774577511622273,0.4546697449570782,20
2026-08-25,3M,Wireless Telecommunications,53,5.481053011439048,0.161145244773853,3
2026-08-25,3M,Food: Specialty/Candy,54,5.373098304265136,0.0531905375999404,19
2026-08-25,3M,Information Technology Services,55,5.064967788033451,-0.2549399786317439,31
2026-08-25,3M,Forest Products,56,4.980117749696486,-0.3397900169687089,4
2026-08-25,3M,Industrial Specialties,57,4.680553701941655,-0.6393540647235403,30
2026-08-25,3M,Electrical Products,58,4.653819914129989,-0.6660878525352061,53
2026-08-25,3M,Railroads,59,4.170567303404192,-1.1493404632610034,2
2026-08-25,3M,Office Equipment/Supplies,60,3.899816505990668,-1.4200912606745275,4
2026-08-25,3M,Building Products,61,3.8967182673023824,-1.4231894993628127,12
2026-08-25,3M,Engineering & Construction,62,3.7713317871152574,-1.5485759795499376,53
2026-08-25,3M,Real Estate Investment Trusts,63,3.12741530121676,-2.1924924654484355,8
2026-08-25,3M,Semiconductors,64,2.7851490581744707,-2.5347587084907244,10
2026-08-25,3M,Food: Major Diversified,65,2.5826088434507315,-2.737298923214464,5
2026-08-25,3M,Miscellaneous Manufacturing,66,2.108467650271918,-3.211440116393277,14
2026-08-25,3M,Investment Managers,67,2.0395695114858268,-3.2803382551793683,13
2026-08-25,3M,Trucking,68,1.9853909609375124,-3.3345168057276826,3
2026-08-25,3M,Agricultural Commodities/Milling,69,1.7989193163232613,-3.520988450341933,29
2026-08-25,3M,Household/Personal Care,70,1.3087872514245138,-4.011120515240681,12
2026-08-25,3M,Industrial Conglomerates,71,0.9103577949828588,-4.4095499716823365,4
2026-08-25,3M,Major Banks,72,0.7418498425088731,-4.578057924156322,22
2026-08-25,3M,Multi-Line Insurance,73,0.7303697392872062,-4.589538027377989,5
2026-08-25,3M,Life/Health Insurance,74,0.7066798454208848,-4.61322792124431,8
2026-08-25,3M,Other Consumer Services,75,0.2360816280326718,-5.083826138632523,5
2026-08-25,3M,Chemicals: Agricultural,76,-0.191895448331658,-5.511803214996853,28
2026-08-25,3M,Integrated Oil,77,-0.2015045874787439,-5.521412354143939,4
2026-08-25,3M,Steel,78,-1.5349654931021373,-6.8548732597673325,47
2026-08-25,3M,Construction Materials,79,-1.5554149286568668,-6.875322695322062,21
2026-08-25,3M,Apparel/Footwear Retail,80,-2.9322259512753868,-8.252133717940582,12
2026-08-25,3M,Oil Refining/Marketing,81,-3.6694816390250806,-8.989389405690275,9
2026-08-25,3M,Coal,82,-3.827461791925293,-9.147369558590489,4
2026-08-25,3M,Financial Publishing/Services,83,-4.418114191753613,-9.738021958418807,2
2026-08-25,3M,Gas Distributors,84,-5.446567266914047,-10.766475033579242,6
2026-08-25,3M,Investment Banks/Brokers,85,-6.151357183932077,-11.471264950597272,21
2026-08-25,3M,Other Metals/Minerals,86,-6.355398491399044,-11.67530625806424,17
2026-08-25,3M,Marine Shipping,87,-6.480443497474751,-11.800351264139945,3
2026-08-25,3M,Alternative Power Generation,88,-6.949580033122273,-12.269487799787468,10
2026-08-25,3M,Electric Utilities,89,-9.765031586761223,-15.084939353426416,23
2026-08-25,3M,Major Telecommunications,90,-10.866649613408269,-16.186557380073463,6
2026-08-25,3M,Tobacco,91,-10.918323283833937,-16.23823105049913,3
2026-08-25,3M,Specialty Insurance,92,-12.213795667583955,-17.53370343424915,2
2026-08-25,3M,Aluminum,93,-12.671543107678833,-17.99145087434403,4
2026-08-26,3M,Electronics Distributors,1,56.869620980549065,51.5235526074393,4
2026-08-26,3M,Biotechnology,2,52.39576090076612,47.049692527656354,4
2026-08-26,3M,Medical Specialties,3,51.53196507338945,46.185896700279685,6
2026-08-26,3M,Personnel Services,4,34.97435518372648,29.62828681061671,2
2026-08-26,3M,Electronics/Appliance Stores,5,34.47674743182187,29.1306790587121,2
2026-08-26,3M,Other Consumer Specialties,6,31.39019848300211,26.04413010989234,18
2026-08-26,3M,Food: Meat/Fish/Dairy,7,31.33481500211704,25.98874662900727,7
2026-08-26,3M,Specialty Stores,8,31.032594007725294,25.686525634615524,13
2026-08-26,3M,Oilfield Services/Equipment,9,30.17193880864644,24.825870435536668,3
2026-08-26,3M,Internet Retail,10,29.004786138964803,23.65871776585504,4
2026-08-26,3M,Electronic Production Equipment,11,27.979112461600263,22.633044088490493,10
2026-08-26,3M,Electronic Components,12,25.9443121378093,20.59824376469953,4
2026-08-26,3M,Restaurants,13,24.103202394166647,18.75713402105688,7
2026-08-26,3M,Containers/Packaging,14,23.46277419117935,18.11670581806958,10
2026-08-26,3M,Wholesale Distributors,15,23.046094722020744,17.700026348910974,16
2026-08-26,3M,Internet Software/Services,16,22.8449424651615,17.49887409205173,13
2026-08-26,3M,Hotels/Resorts/Cruise lines,17,21.91214745862668,16.566079085516908,15
2026-08-26,3M,Oil & Gas Production,18,21.09544192446895,15.74937355135918,3
2026-08-26,3M,Airlines,19,20.9374154491342,15.59134707602443,2
2026-08-26,3M,Chemicals: Major Diversified,20,20.2394999072498,14.893431534140024,11
2026-08-26,3M,Movies/Entertainment,21,18.26251242364996,12.91644405054019,8
2026-08-26,3M,Auto Parts: OEM,22,17.108133436614022,11.762065063504252,50
2026-08-26,3M,Telecommunications Equipment,23,16.036359070330995,10.690290697221226,7
2026-08-26,3M,Real Estate Development,24,15.849423869288303,10.503355496178536,36
2026-08-26,3M,Beverages: Alcoholic,25,14.992279324947448,9.64621095183768,9
2026-08-26,3M,Metal Fabrication,26,14.638179756622105,9.292111383512337,28
2026-08-26,3M,Electronics/Appliances,27,13.744760616625246,8.398692243515477,8
2026-08-26,3M,Packaged Software,28,13.598603996538492,8.252535623428724,36
2026-08-26,3M,Regional Banks,29,12.6354144459443,7.289346072834532,20
2026-08-26,3M,Industrial Machinery,30,11.856427499182605,6.510359126072836,56
2026-08-26,3M,Motor Vehicles,31,11.551938767357193,6.205870394247424,16
2026-08-26,3M,Medical/Nursing Services,32,11.0320617076776,5.685993334567832,10
2026-08-26,3M,Pharmaceuticals: Major,33,10.79783982386765,5.451771450757881,82
2026-08-26,3M,Electronic Equipment/Instruments,34,10.551217457824873,5.205149084715104,8
2026-08-26,3M,Trucking,35,10.494559300687362,5.148490927577593,2
2026-08-26,3M,Finance/Rental/Leasing,36,10.475596544233657,5.129528171123886,56
2026-08-26,3M,Homebuilding,37,10.103081647745965,4.757013274636194,4
2026-08-26,3M,Chemicals: Specialty,38,9.319534645870716,3.9734662727609473,52
2026-08-26,3M,Apparel/Footwear,39,9.278299754569485,3.9322313814597134,17
2026-08-26,3M,Trucks/Construction/Farm Machinery,40,8.878857013002722,3.5327886398929538,20
2026-08-26,3M,Pharmaceuticals: Other,41,8.77403333528212,3.427964962172351,7
2026-08-26,3M,Other Transportation,42,8.524939160172071,3.1788707870623023,4
2026-08-26,3M,Air Freight/Couriers,43,8.414604238597809,3.06853586548804,10
2026-08-26,3M,Data Processing Services,44,8.053481291530291,2.7074129184205225,3
2026-08-26,3M,Home Furnishings,45,7.619826638333455,2.2737582652236865,7
2026-08-26,3M,Textiles,46,7.49374016413177,2.1476717910220016,23
2026-08-26,3M,Miscellaneous Commercial Services,47,7.352061568311458,2.0059931952016896,32
2026-08-26,3M,Aerospace & Defense,48,7.177987490241409,1.8319191171316405,9
2026-08-26,3M,Automotive Aftermarket,49,6.830875010351456,1.4848066372416868,7
2026-08-26,3M,Financial Conglomerates,50,6.5927163278299545,1.246647954720186,7
2026-08-26,3M,Broadcasting,51,6.231222487559592,0.885154114449823,3
2026-08-26,3M,Hospital/Nursing Management,52,6.157366550473017,0.8112981773632484,20
2026-08-26,3M,Industrial Specialties,53,5.087471567836939,-0.2585968052728296,28
2026-08-26,3M,Food: Specialty/Candy,54,4.744886998133494,-0.6011813749762744,17
2026-08-26,3M,Investment Trusts/Mutual Funds,55,4.648912711412716,-0.6971556616970531,3
2026-08-26,3M,Railroads,56,4.549868998067488,-0.7961993750422804,2
2026-08-26,3M,Electrical Products,57,4.540381301462628,-0.8056870716471405,51
2026-08-26,3M,Engineering & Construction,58,3.982889343373175,-1.3631790297365938,57
2026-08-26,3M,Information Technology Services,59,3.762348327639112,-1.5837200454706566,31
2026-08-26,3M,Building Products,60,3.7248896676311256,-1.621178705478643,12
2026-08-26,3M,Wireless Telecommunications,61,3.7154761119482735,-1.6305922611614942,3
2026-08-26,3M,Office Equipment/Supplies,62,3.700736838490795,-1.6453315346189736,4
2026-08-26,3M,Food: Major Diversified,63,2.6755914418675326,-2.670476931242236,5
2026-08-26,3M,Real Estate Investment Trusts,64,2.4031864543451835,-2.942881918764585,7
2026-08-26,3M,Miscellaneous Manufacturing,65,2.207333496560753,-3.1387348765490155,14
2026-08-26,3M,Major Banks,66,2.036516359031488,-3.309552014078281,22
2026-08-26,3M,Investment Managers,67,1.7274681802340266,-3.618600192875742,14
2026-08-26,3M,Semiconductors,68,1.6965824752542478,-3.649485897855521,10
2026-08-26,3M,Agricultural Commodities/Milling,69,1.1243346636496645,-4.221733709460104,29
2026-08-26,3M,Multi-Line Insurance,70,0.9661340830228085,-4.37993429008696,5
2026-08-26,3M,Integrated Oil,71,0.908867109066752,-4.437201264043017,4
2026-08-26,3M,Household/Personal Care,72,0.7905342514150422,-4.555534121694727,12
2026-08-26,3M,Life/Health Insurance,73,0.5871968461864348,-4.758871526923334,8
2026-08-26,3M,Other Consumer Services,74,0.5626063203282257,-4.783462052781543,5
2026-08-26,3M,Forest Products,75,0.5247939321169605,-4.821274440992808,5
2026-08-26,3M,Chemicals: Agricultural,76,0.3443829027582401,-5.0016854703515286,27
2026-08-26,3M,Industrial Conglomerates,77,0.1937166029497687,-5.15235177016,4
2026-08-26,3M,Steel,78,0.0162748696897323,-5.329793503420037,49
2026-08-26,3M,Construction Materials,79,-0.3829767577907629,-5.729045130900532,21
2026-08-26,3M,Apparel/Footwear Retail,80,-3.081794252158602,-8.427862625268371,12
2026-08-26,3M,Coal,81,-3.6419411629063134,-8.988009536016083,4
2026-08-26,3M,Other Metals/Minerals,82,-3.728103831048447,-9.074172204158216,16
2026-08-26,3M,Oil Refining/Marketing,83,-4.09897177770505,-9.44504015081482,10
2026-08-26,3M,Marine Shipping,84,-4.869984217171716,-10.216052590281484,3
2026-08-26,3M,Financial Publishing/Services,85,-5.01914981506079,-10.36521818817056,2
2026-08-26,3M,Investment Banks/Brokers,86,-5.321623136358912,-10.66769150946868,22
2026-08-26,3M,Gas Distributors,87,-5.764908241586405,-11.110976614696174,6
2026-08-26,3M,Alternative Power Generation,88,-8.025634798736121,-13.37170317184589,10
2026-08-26,3M,Electric Utilities,89,-10.256017004854687,-15.602085377964457,24
2026-08-26,3M,Tobacco,90,-10.505129562352852,-15.851197935462622,3
2026-08-26,3M,Major Telecommunications,91,-11.022549713227493,-16.36861808633726,6
2026-08-26,3M,Aluminum,92,-11.130964671640138,-16.477033044749906,4
2026-08-26,3M,Specialty Insurance,93,-12.935293965989828,-18.281362339099594,2
2026-08-27,3M,Electronics Distributors,1,59.61726348132348,55.22979622718344,4
2026-08-27,3M,Biotechnology,2,53.22236113336562,48.83489387922559,4
2026-08-27,3M,Medical Specialties,3,50.200165348064296,45.81269809392427,6
2026-08-27,3M,Specialty Stores,4,32.52680460830911,28.13933735416908,13
2026-08-27,3M,Electronics/Appliance Stores,5,32.34008642347503,27.952619169335,2
2026-08-27,3M,Food: Meat/Fish/Dairy,6,31.898385719598643,27.51091846545861,7
2026-08-27,3M,Consumer Sundries,7,31.66535487708168,27.27788762294165,2
2026-08-27,3M,Other Consumer Specialties,8,28.213967654219,23.82650040007897,19
2026-08-27,3M,Personnel Services,9,27.74039461890585,23.35292736476582,2
2026-08-27,3M,Internet Retail,10,27.65150439794219,23.26403714380216,4
2026-08-27,3M,Electronic Production Equipment,11,27.54154497056779,23.15407771642776,9
2026-08-27,3M,Oilfield Services/Equipment,12,26.73010055211595,22.34263329797592,3
2026-08-27,3M,Electronic Components,13,25.69211406355955,21.30464680941952,4
2026-08-27,3M,Airlines,14,23.975996746657287,19.588529492517257,3
2026-08-27,3M,Containers/Packaging,15,23.186690483715072,18.79922322957504,10
2026-08-27,3M,Restaurants,16,23.09483348152364,18.70736622738361,7
2026-08-27,3M,Oil & Gas Production,17,21.764384698691103,17.376917444551072,3
2026-08-27,3M,Internet Software/Services,18,20.857628001138472,16.47016074699844,13
2026-08-27,3M,Chemicals: Major Diversified,19,20.80647456150972,16.419007307369686,11
2026-08-27,3M,Wholesale Distributors,20,20.711243743989147,16.323776489849116,16
2026-08-27,3M,Movies/Entertainment,21,17.8829679753424,13.495500721202369,9
2026-08-27,3M,Beverages: Alcoholic,22,16.076974801699325,11.689507547559296,8
2026-08-27,3M,Metal Fabrication,23,15.21841964651784,10.83095239237781,28
2026-08-27,3M,Real Estate Development,24,15.1371790823704,10.74971182823037,35
2026-08-27,3M,Telecommunications Equipment,25,14.320630422399946,9.933163168259917,7
2026-08-27,3M,Auto Parts: OEM,26,13.55049875082656,9.163031496686528,51
2026-08-27,3M,Electronics/Appliances,27,12.20457785740995,7.817110603269919,8
2026-08-27,3M,Packaged Software,28,11.942472530840176,7.555005276700145,35
2026-08-27,3M,Regional Banks,29,11.926003770557278,7.538536516417247,20
2026-08-27,3M,Pharmaceuticals: Major,30,11.850030741813722,7.462563487673691,80
2026-08-27,3M,Medical/Nursing Services,31,11.505564607209912,7.1180973530698814,10
2026-08-27,3M,Industrial Machinery,32,10.99977415533031,6.61230690119028,54
2026-08-27,3M,Aerospace & Defense,33,10.536460097397487,6.1489928432574565,9
2026-08-27,3M,Motor Vehicles,34,10.069074336138184,5.681607081998154,16
2026-08-27,3M,Finance/Rental/Leasing,35,9.9669616780281,5.579494423888068,55
2026-08-27,3M,Apparel/Footwear,36,9.913228156720162,5.525760902580132,16
2026-08-27,3M,Homebuilding,37,9.472145737713811,5.084678483573782,4
2026-08-27,3M,Chemicals: Specialty,38,9.13985161170058,4.752384357560549,51
2026-08-27,3M,Hotels/Resorts/Cruise lines,39,8.94643965722102,4.55897240308099,15
2026-08-27,3M,Pharmaceuticals: Other,40,8.816004655442814,4.428537401302783,7
2026-08-27,3M,Textiles,41,7.887251189839898,3.499783935699868,23
2026-08-27,3M,Air Freight/Couriers,42,7.517801908041956,3.130334653901925,11
2026-08-27,3M,Miscellaneous Commercial Services,43,7.202181094262679,2.814713840122648,33
2026-08-27,3M,Trucks/Construction/Farm Machinery,44,7.190532891990068,2.803065637850037,20
2026-08-27,3M,Hospital/Nursing Management,45,7.143650398146519,2.756183144006489,17
2026-08-27,3M,Electronic Equipment/Instruments,46,6.636579124864045,2.249111870724014,7
2026-08-27,3M,Automotive Aftermarket,47,6.065437830694004,1.6779705765539727,7
2026-08-27,3M,Food: Major Diversified,48,5.232548668437646,0.8450814142976153,6
2026-08-27,3M,Home Furnishings,49,4.90698051453566,0.5195132603956294,7
2026-08-27,3M,Financial Conglomerates,50,4.887670646415399,0.5002033922753677,5
2026-08-27,3M,Industrial Specialties,51,4.729848126225674,0.3423808720856431,27
2026-08-27,3M,Data Processing Services,52,4.645251684035533,0.2577844298955023,3
2026-08-27,3M,Food: Specialty/Candy,53,4.533261698968438,0.1457944448284074,20
2026-08-27,3M,Office Equipment/Supplies,54,4.341514939869141,-0.0459523142708899,3
2026-08-27,3M,Trucking,55,4.248637045806297,-0.1388302083337338,3
2026-08-27,3M,Other Transportation,56,4.177459907473152,-0.2100073466668792,3
2026-08-27,3M,Investment Trusts/Mutual Funds,57,3.806310946236069,-0.5811563079039619,3
2026-08-27,3M,Building Products,58,2.953090828355715,-1.4343764257843157,11
2026-08-27,3M,Engineering & Construction,59,2.8865004326481136,-1.5009668214919172,58
2026-08-27,3M,Railroads,60,1.9241896494336577,-2.463277604706373,2
2026-08-27,3M,Wireless Telecommunications,61,1.889646210832696,-2.497821043307335,3
2026-08-27,3M,Information Technology Services,62,1.8709795210655769,-2.516487733074454,29
2026-08-27,3M,Real Estate Investment Trusts,63,1.8554908450363656,-2.531976409103665,6
2026-08-27,3M,Major Banks,64,1.8091231314787413,-2.578344122661289,22
2026-08-27,3M,Life/Health Insurance,65,1.5309067668721246,-2.856560487267906,8
2026-08-27,3M,Electrical Products,66,1.3491444802522763,-3.0383227738877547,51
2026-08-27,3M,Multi-Line Insurance,67,1.065803044500947,-3.321664209639084,5
2026-08-27,3M,Miscellaneous Manufacturing,68,0.3580349364175657,-4.029432317722465,13
2026-08-27,3M,Agricultural Commodities/Milling,69,0.2211389670693133,-4.1663282870707175,28
2026-08-27,3M,Other Consumer Services,70,0.1425124633659453,-4.244954790774085,5
2026-08-27,3M,Household/Personal Care,71,-0.0533876883971726,-4.440854942537204,12
2026-08-27,3M,Investment Managers,72,-0.6471308377742472,-5.034598091914278,15
2026-08-27,3M,Broadcasting,73,-0.799034132182312,-5.186501386322343,3
2026-08-27,3M,Integrated Oil,74,-0.8264283188852417,-5.2138955730252725,4
2026-08-27,3M,Forest Products,75,-0.9158007571002555,-5.303268011240286,5
2026-08-27,3M,Chemicals: Agricultural,76,-1.2463668508992658,-5.633834105039297,24
2026-08-27,3M,Industrial Conglomerates,77,-1.2657606652966362,-5.653227919436667,4
2026-08-27,3M,Cable/Satellite TV,78,-1.5607148686143275,-5.948182122754359,2
2026-08-27,3M,Steel,79,-1.586074595349778,-5.973541849489809,48
2026-08-27,3M,Construction Materials,80,-1.750519723401129,-6.13798697754116,22
2026-08-27,3M,Apparel/Footwear Retail,81,-2.775883669788988,-7.163350923929018,12
2026-08-27,3M,Semiconductors,82,-2.8715542306056645,-7.259021484745695,10
2026-08-27,3M,Investment Banks/Brokers,83,-4.367692593425813,-8.755159847565844,21
2026-08-27,3M,Oil Refining/Marketing,84,-4.877337120947202,-9.264804375087234,9
2026-08-27,3M,Marine Shipping,85,-5.396784549175153,-9.784251803315184,3
2026-08-27,3M,Financial Publishing/Services,86,-6.272376235890688,-10.65984349003072,2
2026-08-27,3M,Other Metals/Minerals,87,-7.638896444520167,-12.026363698660198,17
2026-08-27,3M,Alternative Power Generation,88,-9.124202591559127,-13.511669845699158,10
2026-08-27,3M,Coal,89,-9.199139221377006,-13.586606475517035,4
2026-08-27,3M,Gas Distributors,90,-9.28620081364916,-13.67366806778919,6
2026-08-27,3M,Tobacco,91,-10.67840222190208,-15.065869476042112,3
2026-08-27,3M,Major Telecommunications,92,-11.68154823956691,-16.069015493706942,6
2026-08-27,3M,Electric Utilities,93,-11.987818794060605,-16.375286048200635,23
2026-08-27,3M,Specialty Insurance,94,-12.096619754514492,-16.484087008654523,2
2026-08-27,3M,Aluminum,95,-14.187413888138682,-18.57488114227872,4
2026-08-28,3M,Electronics Distributors,1,64.18912195979827,59.545265171773295,4
2026-08-28,3M,Biotechnology,2,53.98415445212824,49.34029766410326,4
2026-08-28,3M,Medical Specialties,3,51.48685049582106,46.84299370779608,6
2026-08-28,3M,Personnel Services,4,32.00231481481481,27.35845802678984,2
2026-08-28,3M,Specialty Stores,5,31.64896487013677,27.0051080821118,13
2026-08-28,3M,Electronics/Appliance Stores,6,31.494523163501142,26.85066637547617,2
2026-08-28,3M,Food: Meat/Fish/Dairy,7,31.163273570686275,26.5194167826613,7
2026-08-28,3M,Consumer Sundries,8,30.372745553415665,25.72888876539069,2
2026-08-28,3M,Electronic Components,9,28.946861758889728,24.30300497086475,4
2026-08-28,3M,Internet Retail,10,28.063013996482177,23.4191572084572,4
2026-08-28,3M,Oilfield Services/Equipment,11,27.49499816866097,22.851141380636,3
2026-08-28,3M,Other Consumer Specialties,12,27.378938532833665,22.73508174480869,18
2026-08-28,3M,Electronic Production Equipment,13,26.65391795363016,22.01006116560518,10
2026-08-28,3M,Airlines,14,26.089661251974377,21.4458044639494,3
2026-08-28,3M,Containers/Packaging,15,23.94937203483506,19.305515246810085,10
2026-08-28,3M,Chemicals: Major Diversified,16,22.44227713742456,17.79842034939958,12
2026-08-28,3M,Wholesale Distributors,17,21.076314110943407,16.43245732291843,16
2026-08-28,3M,Internet Software/Services,18,21.025400135806432,16.381543347781456,13
2026-08-28,3M,Restaurants,19,19.98540361744527,15.341546829420295,7
2026-08-28,3M,Oil & Gas Production,20,18.890472933609225,14.246616145584248,3
2026-08-28,3M,Movies/Entertainment,21,17.70753083021946,13.063674042194483,8
2026-08-28,3M,Telecommunications Equipment,22,17.223579430244666,12.57972264221969,7
2026-08-28,3M,Metal Fabrication,23,16.64451161655931,12.000654828534334,28
2026-08-28,3M,Beverages: Alcoholic,24,16.105278278353065,11.461421490328089,7
2026-08-28,3M,Real Estate Development,25,15.41719153309,10.773334745065023,33
2026-08-28,3M,Packaged Software,26,13.954363853405102,9.310507065380126,37
2026-08-28,3M,Auto Parts: OEM,27,13.592115643762575,8.948258855737603,50
2026-08-28,3M,Pharmaceuticals: Major,28,12.410775449094904,7.766918661069927,80
2026-08-28,3M,Industrial Machinery,29,11.200915215226123,6.557058427201148,52
2026-08-28,3M,Regional Banks,30,11.181174806242554,6.5373180182175785,19
2026-08-28,3M,Medical/Nursing Services,31,11.05173737535572,6.407880587330745,10
2026-08-28,3M,Electronics/Appliances,32,10.66110888467912,6.017252096654144,9
2026-08-28,3M,Motor Vehicles,33,10.256288164747666,5.61243137672269,16
2026-08-28,3M,Apparel/Footwear,34,10.21961069295963,5.575753904934655,17
2026-08-28,3M,Finance/Rental/Leasing,35,9.562212165409784,4.918355377384809,55
2026-08-28,3M,Pharmaceuticals: Other,36,9.515052068607964,4.871195280582989,7
2026-08-28,3M,Hotels/Resorts/Cruise lines,37,9.440067906347725,4.796211118322749,14
2026-08-28,3M,Homebuilding,38,9.423993077582525,4.780136289557549,4
2026-08-28,3M,Aerospace & Defense,39,9.255737089339874,4.611880301314899,9
2026-08-28,3M,Chemicals: Specialty,40,9.206777891394156,4.562921103369182,52
2026-08-28,3M,Air Freight/Couriers,41,8.144188460310291,3.5003316722853155,11
2026-08-28,3M,Textiles,42,8.038249637474252,3.394392849449276,25
2026-08-28,3M,Electronic Equipment/Instruments,43,7.874089939382097,3.2302331513571216,8
2026-08-28,3M,Trucks/Construction/Farm Machinery,44,7.340375725983781,2.696518937958806,20
2026-08-28,3M,Miscellaneous Commercial Services,45,7.214375491757646,2.57051870373267,32
2026-08-28,3M,Hospital/Nursing Management,46,6.600188471436114,1.9563316834111388,18
2026-08-28,3M,Data Processing Services,47,6.569279843327364,1.9254230553023888,3
2026-08-28,3M,Automotive Aftermarket,48,6.076384717448772,1.432527929423797,6
2026-08-28,3M,Other Transportation,49,5.883210931594437,1.2393541435694615,4
2026-08-28,3M,Railroads,50,5.5061602108710215,0.862303422846046,2
2026-08-28,3M,Information Technology Services,51,5.438404514217925,0.7945477261929499,31
2026-08-28,3M,Food: Specialty/Candy,52,4.736208199185574,0.0923514111605987,20
2026-08-28,3M,Office Equipment/Supplies,53,4.586855403743282,-0.0570013842816932,3
2026-08-28,3M,Home Furnishings,54,4.54893793466948,-0.0949188533554954,7
2026-08-28,3M,Building Products,55,4.223073713202107,-0.4207830748228689,10
2026-08-28,3M,Trucking,56,4.096784057255916,-0.5470727307690595,3
2026-08-28,3M,Financial Conglomerates,57,3.99410977892641,-0.6497470090985655,6
2026-08-28,3M,Industrial Specialties,58,3.8557204827104608,-0.7881363053145147,28
2026-08-28,3M,Investment Trusts/Mutual Funds,59,3.758603457401634,-0.8852533306233408,4
2026-08-28,3M,Engineering & Construction,60,3.246503423124834,-1.3973533649001415,55
2026-08-28,3M,Food: Major Diversified,61,2.5214328938531,-2.122423894171876,5
2026-08-28,3M,Major Banks,62,2.1372928589885247,-2.5065639290364508,22
2026-08-28,3M,Real Estate Investment Trusts,63,2.0480350395442484,-2.595821748480727,7
2026-08-28,3M,Life/Health Insurance,64,1.4769806514420711,-3.1668761365829043,8
2026-08-28,3M,Wireless Telecommunications,65,1.441597391180956,-3.20225939684402,3
2026-08-28,3M,Electrical Products,66,1.401899414555526,-3.2419573734694493,52
2026-08-28,3M,Multi-Line Insurance,67,1.1734226117620368,-3.4704341762629385,5
2026-08-28,3M,Miscellaneous Manufacturing,68,0.4805309189989915,-4.163325869025984,13
2026-08-28,3M,Agricultural Commodities/Milling,69,0.4356852894596945,-4.208171498565281,27
2026-08-28,3M,Other Consumer Services,70,-0.1897897955168634,-4.833646583541839,5
2026-08-28,3M,Household/Personal Care,71,-0.2162570806431809,-4.860113868668156,13
2026-08-28,3M,Investment Managers,72,-0.2475286419348488,-4.891385429959824,15
2026-08-28,3M,Steel,73,-0.7967789390343407,-5.440635727059316,48
2026-08-28,3M,Integrated Oil,74,-0.7982175056027196,-5.442074293627695,4
2026-08-28,3M,Industrial Conglomerates,75,-1.061654950674273,-5.705511738699249,4
2026-08-28,3M,Broadcasting,76,-1.305281062996981,-5.949137851021957,3
2026-08-28,3M,Chemicals: Agricultural,77,-1.6624154850567177,-6.306272273081693,25
2026-08-28,3M,Construction Materials,78,-2.045329171553699,-6.6891859595786745,21
2026-08-28,3M,Semiconductors,79,-2.332623261447338,-6.976480049472313,10
2026-08-28,3M,Apparel/Footwear Retail,80,-2.5420437080337748,-7.18590049605875,12
2026-08-28,3M,Forest Products,81,-3.051257699075994,-7.69511448710097,4
2026-08-28,3M,Investment Banks/Brokers,82,-3.5991571277643333,-8.243013915789309,20
2026-08-28,3M,Financial Publishing/Services,83,-4.074813305052087,-8.718670093077062,2
2026-08-28,3M,Oil Refining/Marketing,84,-4.706000937807407,-9.349857725832385,9
2026-08-28,3M,Marine Shipping,85,-4.829567300586625,-9.4734240886116,3
2026-08-28,3M,Other Metals/Minerals,86,-6.718795100871849,-11.362651888896824,17
2026-08-28,3M,Alternative Power Generation,87,-9.26554563909358,-13.909402427118554,10
2026-08-28,3M,Coal,88,-9.45656448122362,-14.100421269248596,4
2026-08-28,3M,Gas Distributors,89,-9.460720383126183,-14.10457717115116,6
2026-08-28,3M,Tobacco,90,-11.173928206265444,-15.81778499429042,3
2026-08-28,3M,Major Telecommunications,91,-11.249231993758688,-15.893088781783664,6
2026-08-28,3M,Specialty Insurance,92,-12.615461316649773,-17.259318104674747,2
2026-08-28,3M,Electric Utilities,93,-12.823859999242194,-17.467716787267168,23
2026-08-28,3M,Aluminum,94,-13.204242192265616,-17.848098980290594,4
2026-08-31,3M,Electronics Distributors,1,61.70177518368865,54.35555617924841,4
2026-08-31,3M,Medical Specialties,2,51.88554562094041,44.53932661650016,7
2026-08-31,3M,Biotechnology,3,45.90326362433566,38.55704461989541,4
2026-08-31,3M,Personnel Services,4,38.813926090031735,31.46770708559149,2
2026-08-31,3M,Electronics/Appliance Stores,5,37.441964595148406,30.09574559070816,2
2026-08-31,3M,Specialty Stores,6,33.3982578058447,26.052038801404453,13
2026-08-31,3M,Consumer Sundries,7,30.961446656110382,23.61522765167014,2
2026-08-31,3M,Internet Retail,8,30.57133366785649,23.22511466341624,4
2026-08-31,3M,Electronic Components,9,29.935629827292445,22.5894108228522,4
2026-08-31,3M,Airlines,10,29.140888316916293,21.79466931247605,3
2026-08-31,3M,Electronic Production Equipment,11,28.76709558794859,21.420876583508345,10
2026-08-31,3M,Food: Meat/Fish/Dairy,12,28.229491368707897,20.88327236426765,7
2026-08-31,3M,Containers/Packaging,13,26.948686838689444,19.6024678342492,10
2026-08-31,3M,Internet Software/Services,14,26.49196348006545,19.145744475625204,13
2026-08-31,3M,Oilfield Services/Equipment,15,26.43402699615546,19.087807991715213,3
2026-08-31,3M,Other Consumer Specialties,16,25.704273224992377,18.35805422055213,18
2026-08-31,3M,Chemicals: Major Diversified,17,24.678585452657813,17.332366448217567,12
2026-08-31,3M,Restaurants,18,22.89737812550928,15.551159121069029,7
2026-08-31,3M,Metal Fabrication,19,19.098175232453592,11.751956228013343,27
2026-08-31,3M,Auto Parts: OEM,20,18.275044180884933,10.928825176444686,53
2026-08-31,3M,Telecommunications Equipment,21,18.270727142884056,10.924508138443809,6
2026-08-31,3M,Real Estate Development,22,18.144522887603188,10.79830388316294,34
2026-08-31,3M,Oil & Gas Production,23,17.45488259149936,10.108663587059112,3
2026-08-31,3M,Beverages: Alcoholic,24,16.782464580242614,9.436245575802367,9
2026-08-31,3M,Wholesale Distributors,25,16.603437330676336,9.257218326236089,16
2026-08-31,3M,Pharmaceuticals: Major,26,16.529380197741077,9.18316119330083,81
2026-08-31,3M,Regional Banks,27,15.734081079790682,8.387862075350435,19
2026-08-31,3M,Packaged Software,28,15.511686826180494,8.165467821740247,37
2026-08-31,3M,Motor Vehicles,29,15.43879879925612,8.092579794815872,16
2026-08-31,3M,Movies/Entertainment,30,15.17544884052262,7.829229836082373,8
2026-08-31,3M,Air Freight/Couriers,31,14.27107036724551,6.924851362805264,10
2026-08-31,3M,Medical/Nursing Services,32,14.149270618985335,6.8030516145450886,10
2026-08-31,3M,Finance/Rental/Leasing,33,13.477174222629223,6.130955218188976,56
2026-08-31,3M,Trucks/Construction/Farm Machinery,34,13.39170587178566,6.045486867345414,20
2026-08-31,3M,Industrial Machinery,35,13.271973365142715,5.92575436070247,56
2026-08-31,3M,Hotels/Resorts/Cruise lines,36,13.033463207911444,5.687244203471197,15
2026-08-31,3M,Aerospace & Defense,37,12.391464889799565,5.045245885359316,9
2026-08-31,3M,Chemicals: Specialty,38,12.283386228944288,4.937167224504041,53
2026-08-31,3M,Apparel/Footwear,39,11.192021165098003,3.845802160657758,17
2026-08-31,3M,Hospital/Nursing Management,40,10.726091467989097,3.3798724635488497,19
2026-08-31,3M,Pharmaceuticals: Other,41,10.688924874822902,3.342705870382656,6
2026-08-31,3M,Financial Conglomerates,42,10.3945332272689,3.0483142228286546,7
2026-08-31,3M,Miscellaneous Commercial Services,43,10.12875077322158,2.7825317687813325,32
2026-08-31,3M,Textiles,44,9.686355688614867,2.3401366841746203,24
2026-08-31,3M,Electronics/Appliances,45,9.527200285163556,2.1809812807233087,8
2026-08-31,3M,Automotive Aftermarket,46,8.695124024353069,1.348905019912822,7
2026-08-31,3M,Electronic Equipment/Instruments,47,7.886173905779113,0.5399549013388665,8
2026-08-31,3M,Home Furnishings,48,7.812902324766019,0.4666833203257736,7
2026-08-31,3M,Electrical Products,49,7.743555100769263,0.397336096329016,52
2026-08-31,3M,Forest Products,50,7.394275660426221,0.0480566559859738,3
2026-08-31,3M,Railroads,51,7.374349783208009,0.0281307787677622,2
2026-08-31,3M,Industrial Specialties,52,7.158970351765062,-0.1872486526751853,27
2026-08-31,3M,Food: Specialty/Candy,53,7.158007341770882,-0.1882116626693646,18
2026-08-31,3M,Other Transportation,54,7.096889159817007,-0.2493298446232401,4
2026-08-31,3M,Homebuilding,55,6.855397626882036,-0.4908213775582108,4
2026-08-31,3M,Pulp & Paper,56,6.506297072743421,-0.8399219316968258,2
2026-08-31,3M,Multi-Line Insurance,57,5.869963642599288,-1.476255361840959,5
2026-08-31,3M,Office Equipment/Supplies,58,5.78624890951531,-1.559970094924937,4
2026-08-31,3M,Building Products,59,5.550492693049687,-1.7957263113905595,11
2026-08-31,3M,Miscellaneous Manufacturing,60,5.440065521937069,-1.9061534825031776,13
2026-08-31,3M,Life/Health Insurance,61,5.3703651000502335,-1.9758539043900127,8
2026-08-31,3M,Major Banks,62,5.0003587074052325,-2.3458602970350144,22
2026-08-31,3M,Food: Major Diversified,63,4.9342647673846,-2.411954237055647,5
2026-08-31,3M,Engineering & Construction,64,4.893563186876023,-2.4526558175642243,56
2026-08-31,3M,Cable/Satellite TV,65,4.592031119351436,-2.754187885088811,2
2026-08-31,3M,Trucking,66,4.007278359992747,-3.3389406444475,3
2026-08-31,3M,Agricultural Commodities/Milling,67,3.923757628715615,-3.422461375724632,28
2026-08-31,3M,Investment Trusts/Mutual Funds,68,3.7940275543430615,-3.5521914500971854,3
2026-08-31,3M,Data Processing Services,69,3.517206888022197,-3.82901211641805,3
2026-08-31,3M,Household/Personal Care,70,2.84409638678142,-4.502122617658827,13
2026-08-31,3M,Information Technology Services,71,2.789097446264013,-4.557121558176234,32
2026-08-31,3M,Financial Publishing/Services,72,2.112358103951508,-5.23386090048874,2
2026-08-31,3M,Real Estate Investment Trusts,73,2.1020759637293205,-5.244143040710926,8
2026-08-31,3M,Wireless Telecommunications,74,1.9295735663172948,-5.416645438122952,3
2026-08-31,3M,Investment Managers,75,1.8091416783995509,-5.537077326040696,14
2026-08-31,3M,Investment Banks/Brokers,76,1.4598263073005162,-5.886392697139731,22
2026-08-31,3M,Integrated Oil,77,1.2329105450972435,-6.113308459343004,4
2026-08-31,3M,Semiconductors,78,1.1438064587060386,-6.202412545734209,10
2026-08-31,3M,Chemicals: Agricultural,79,1.1307214098968734,-6.215497594543374,28
2026-08-31,3M,Apparel/Footwear Retail,80,1.08745487302625,-6.258764131413997,11
2026-08-31,3M,Other Consumer Services,81,0.9455068110706686,-6.4007121933695785,5
2026-08-31,3M,Construction Materials,82,0.9196389821946428,-6.426580022245604,21
2026-08-31,3M,Steel,83,0.5068655600083243,-6.839353444431922,51
2026-08-31,3M,Industrial Conglomerates,84,0.277574642369784,-7.068644362070463,4
2026-08-31,3M,Oil Refining/Marketing,85,-0.5951705138861868,-7.941389518326433,10
2026-08-31,3M,Marine Shipping,86,-1.6691904828835835,-9.015409487323833,3
2026-08-31,3M,Gas Distributors,87,-4.452014822293307,-11.798233826733554,6
2026-08-31,3M,Broadcasting,88,-5.869733294779014,-13.21595229921926,3
2026-08-31,3M,Other Metals/Minerals,89,-5.898392876036722,-13.244611880476969,17
2026-08-31,3M,Alternative Power Generation,90,-7.285118050625929,-14.631337055066176,11
2026-08-31,3M,Specialty Insurance,91,-7.8429666356216625,-15.18918564006191,2
2026-08-31,3M,Coal,92,-7.977225713536906,-15.323444717977154,4
2026-08-31,3M,Major Telecommunications,93,-8.276598123672272,-15.62281712811252,6
2026-08-31,3M,Tobacco,94,-10.261727112038198,-17.607946116478445,3
2026-08-31,3M,Publishing: Newspapers,95,-11.00422368098635,-18.3504426854266,2
2026-08-31,3M,Electric Utilities,96,-11.076434308477245,-18.42265331291749,23
2026-08-31,3M,Aluminum,97,-12.068587758633944,-19.41480676307419,4
2026-09-01,3M,Electronics Distributors,1,56.58522653519488,50.8113062595434,4
2026-09-01,3M,Medical Specialties,2,54.97939014422321,49.205469868571726,6
2026-09-01,3M,Biotechnology,3,41.062301754503565,35.28838147885209,4
2026-09-01,3M,Electronics/Appliance Stores,4,37.41171068450405,31.637790408852563,2
2026-09-01,3M,Personnel Services,5,34.762088999631835,28.988168723980355,2
2026-09-01,3M,Consumer Sundries,6,33.73921460493488,27.9652943292834,2
2026-09-01,3M,Food: Meat/Fish/Dairy,7,28.26703892372592,22.49311864807444,7
2026-09-01,3M,Internet Retail,8,27.961825201929145,22.187904926277664,4
2026-09-01,3M,Specialty Stores,9,27.622547371681307,21.848627096029823,13
2026-09-01,3M,Airlines,10,24.87650385574032,19.10258358008884,3
2026-09-01,3M,Internet Software/Services,11,24.366921857841813,18.59300158219033,14
2026-09-01,3M,Chemicals: Major Diversified,12,23.633403144037075,17.859482868385594,11
2026-09-01,3M,Electronic Production Equipment,13,22.311278630055003,16.537358354403523,9
2026-09-01,3M,Oilfield Services/Equipment,14,22.25320140245353,16.479281126802054,3
2026-09-01,3M,Containers/Packaging,15,22.23747744566948,16.463557170017992,13
2026-09-01,3M,Restaurants,16,20.57454463829257,14.800624362641091,7
2026-09-01,3M,Other Consumer Specialties,17,19.905017969322262,14.131097693670783,18
2026-09-01,3M,Electronic Components,18,19.06351350119271,13.289593225541228,4
2026-09-01,3M,Oil & Gas Production,19,18.98508362827993,13.211163352628455,3
2026-09-01,3M,Metal Fabrication,20,17.390213461819638,11.616293186168155,27
2026-09-01,3M,Auto Parts: OEM,21,15.28330075157493,9.50938047592345,52
2026-09-01,3M,Pharmaceuticals: Major,22,15.17399272317328,9.4000724475218,83
2026-09-01,3M,Real Estate Development,23,14.735904726494796,8.961984450843314,35
2026-09-01,3M,Movies/Entertainment,24,14.506713061578823,8.732792785927343,8
2026-09-01,3M,Beverages: Alcoholic,25,14.485898159065286,8.711977883413805,9
2026-09-01,3M,Regional Banks,26,13.980608622719688,8.206688347068207,19
2026-09-01,3M,Wholesale Distributors,27,13.813069326635665,8.039149050984182,16
2026-09-01,3M,Hotels/Resorts/Cruise lines,28,13.498771796561654,7.724851520910173,13
2026-09-01,3M,Industrial Machinery,29,13.096332758989227,7.322412483337747,53
2026-09-01,3M,Motor Vehicles,30,13.034920354141576,7.261000078490095,16
2026-09-01,3M,Telecommunications Equipment,31,12.19762747228517,6.423707196633689,6
2026-09-01,3M,Packaged Software,32,11.544816367729853,5.770896092078372,37
2026-09-01,3M,Air Freight/Couriers,33,11.367666331683328,5.593746056031847,11
2026-09-01,3M,Chemicals: Specialty,34,11.113483646740386,5.339563371088905,52
2026-09-01,3M,Finance/Rental/Leasing,35,11.079499166663348,5.305578891011868,55
2026-09-01,3M,Pharmaceuticals: Other,36,10.68105487276506,4.907134597113579,6
2026-09-01,3M,Trucks/Construction/Farm Machinery,37,10.608269306401624,4.834349030750143,20
2026-09-01,3M,Medical/Nursing Services,38,10.286786841632772,4.512866565981291,10
2026-09-01,3M,Aerospace & Defense,39,9.50948829327609,3.73556801762461,9
2026-09-01,3M,Miscellaneous Commercial Services,40,8.552786504852685,2.7788662292012045,33
2026-09-01,3M,Automotive Aftermarket,41,8.399893129444665,2.625972853793185,7
2026-09-01,3M,Apparel/Footwear,42,8.382747103741918,2.6088268280904376,18
2026-09-01,3M,Electronics/Appliances,43,8.33588727834297,2.561967002691489,8
2026-09-01,3M,Pulp & Paper,44,7.734982128146225,1.961061852494744,2
2026-09-01,3M,Financial Conglomerates,45,7.545567146269241,1.7716468706177606,7
2026-09-01,3M,Hospital/Nursing Management,46,7.503383020540131,1.72946274488865,18
2026-09-01,3M,Railroads,47,7.318094886925187,1.5441746112737065,2
2026-09-01,3M,Textiles,48,7.183798878847317,1.4098786031958364,26
2026-09-01,3M,Electronic Equipment/Instruments,49,6.76626484263081,0.9923445669793294,9
2026-09-01,3M,Home Furnishings,50,5.613808270135495,-0.1601120055159857,7
2026-09-01,3M,Food: Major Diversified,51,5.536922582478677,-0.2369976931728032,4
2026-09-01,3M,Other Transportation,52,5.487841479851867,-0.2860787957996136,4
2026-09-01,3M,Multi-Line Insurance,53,4.982875291870784,-0.7910449837806972,5
2026-09-01,3M,Homebuilding,54,4.640549905983951,-1.1333703696675297,4
2026-09-01,3M,Industrial Specialties,55,4.548884920209924,-1.2250353554415565,27
2026-09-01,3M,Food: Specialty/Candy,56,4.496802634032449,-1.2771176416190313,19
2026-09-01,3M,Building Products,57,3.76570882867516,-2.008211446976321,12
2026-09-01,3M,Life/Health Insurance,58,3.699644797711442,-2.0742754779400387,8
2026-09-01,3M,Electrical Products,59,3.615067638745357,-2.158852636906124,52
2026-09-01,3M,Major Banks,60,3.565278394220773,-2.208641881430708,22
2026-09-01,3M,Agricultural Commodities/Milling,61,3.329099919965951,-2.44482035568553,26
2026-09-01,3M,Miscellaneous Manufacturing,62,3.3190224740686087,-2.454897801582872,13
2026-09-01,3M,Office Equipment/Supplies,63,3.310312619745977,-2.463607655905504,5
2026-09-01,3M,Engineering & Construction,64,2.992317006256682,-2.7816032693947985,55
2026-09-01,3M,Trucking,65,2.8424960489847155,-2.931424226666765,3
2026-09-01,3M,Household/Personal Care,66,2.773427541644374,-3.0004927340071066,12
2026-09-01,3M,Real Estate Investment Trusts,67,2.111889764961324,-3.662030510690157,7
2026-09-01,3M,Information Technology Services,68,2.0063009634648448,-3.767619312186636,32
2026-09-01,3M,Cable/Satellite TV,69,1.6726194905374898,-4.101300785113991,2
2026-09-01,3M,Investment Trusts/Mutual Funds,70,1.4699844235860418,-4.303935852065439,4
2026-09-01,3M,Wireless Telecommunications,71,1.3038906173949971,-4.470029658256483,3
2026-09-01,3M,Financial Publishing/Services,72,0.9418549863436558,-4.832065289307825,2
2026-09-01,3M,Industrial Conglomerates,73,0.7159013971367479,-5.058018878514733,4
2026-09-01,3M,Other Consumer Services,74,0.5897959900306429,-5.184124285620838,5
2026-09-01,3M,Investment Managers,75,0.1335245884522767,-5.640395687199204,15
2026-09-01,3M,Chemicals: Agricultural,76,-0.0815690953072956,-5.855489370958776,24
2026-09-01,3M,Data Processing Services,77,-0.1869206653335782,-5.960840940985059,3
2026-09-01,3M,Oil Refining/Marketing,78,-0.2441013880622604,-6.018021663713741,10
2026-09-01,3M,Construction Materials,79,-0.2690066170076831,-6.042926892659164,21
2026-09-01,3M,Investment Banks/Brokers,80,-0.3905425070189624,-6.164462782670444,22
2026-09-01,3M,Steel,81,-0.6264244416518026,-6.400344717303283,52
2026-09-01,3M,Apparel/Footwear Retail,82,-1.087126327036401,-6.861046602687882,12
2026-09-01,3M,Integrated Oil,83,-2.1775452433829545,-7.951465519034436,4
2026-09-01,3M,Semiconductors,84,-3.941564785939395,-9.715485061590876,10
2026-09-01,3M,Forest Products,85,-4.887080258549933,-10.661000534201412,4
2026-09-01,3M,Marine Shipping,86,-5.311627914815013,-11.085548190466492,3
2026-09-01,3M,Broadcasting,87,-6.171988383903998,-11.945908659555478,3
2026-09-01,3M,Gas Distributors,88,-6.2060685922153525,-11.979988867866831,6
2026-09-01,3M,Other Metals/Minerals,89,-7.5339660563619955,-13.307886332013476,16
2026-09-01,3M,Specialty Insurance,90,-7.806915075960815,-13.580835351612295,2
2026-09-01,3M,Alternative Power Generation,91,-7.813597107998672,-13.587517383650152,10
2026-09-01,3M,Tobacco,92,-9.552479485973254,-15.326399761624735,3
2026-09-01,3M,Major Telecommunications,93,-9.642621880182588,-15.416542155834067,6
2026-09-01,3M,Coal,94,-10.417513125079024,-16.191433400730503,4
2026-09-01,3M,Electric Utilities,95,-11.467048510606094,-17.240968786257575,24
2026-09-01,3M,Aluminum,96,-13.826519506716703,-19.600439782368184,4
2026-09-02,3M,Electronics Distributors,1,58.26691350433202,52.31479617729706,4
2026-09-02,3M,Medical Specialties,2,57.84783480344149,51.89571747640653,6
2026-09-02,3M,Biotechnology,3,43.709863513202045,37.75774618616708,4
2026-09-02,3M,Electronics/Appliance Stores,4,35.96004654454838,30.00792921751342,2
2026-09-02,3M,Consumer Sundries,5,35.566653205904785,29.614535878869823,2
2026-09-02,3M,Personnel Services,6,35.23918121962057,29.287063892585607,2
2026-09-02,3M,Food: Meat/Fish/Dairy,7,30.477911434567734,24.52579410753277,7
2026-09-02,3M,Specialty Stores,8,28.888956390794505,22.936839063759543,13
2026-09-02,3M,Oilfield Services/Equipment,9,28.79672387977988,22.84460655274492,3
2026-09-02,3M,Internet Retail,10,27.23224677160634,21.28012944457138,4
2026-09-02,3M,Airlines,11,25.916408802843183,19.964291475808224,3
2026-09-02,3M,Internet Software/Services,12,25.777050392265146,19.824933065230184,13
2026-09-02,3M,Containers/Packaging,13,23.574415930134617,17.622298603099658,13
2026-09-02,3M,Electronic Production Equipment,14,23.420878194403493,17.46876086736853,9
2026-09-02,3M,Electronic Components,15,21.547046309134444,15.594928982099484,4
2026-09-02,3M,Chemicals: Major Diversified,16,21.30533080838756,15.353213481352595,12
2026-09-02,3M,Oil & Gas Production,17,20.38411161731208,14.43199429027712,3
2026-09-02,3M,Restaurants,18,19.75594822772092,13.80383090068596,7
2026-09-02,3M,Other Consumer Specialties,19,18.768341451264227,12.816224124229269,19
2026-09-02,3M,Real Estate Development,20,17.237919870107465,11.285802543072505,36
2026-09-02,3M,Metal Fabrication,21,16.409417539143607,10.457300212108647,28
2026-09-02,3M,Wholesale Distributors,22,15.696548983529222,9.744431656494262,16
2026-09-02,3M,Pharmaceuticals: Major,23,14.992150792930724,9.040033465895762,84
2026-09-02,3M,Beverages: Alcoholic,24,14.2751422404354,8.32302491340044,9
2026-09-02,3M,Movies/Entertainment,25,14.026172772694618,8.074055445659658,9
2026-09-02,3M,Packaged Software,26,13.407719225547376,7.455601898512414,38
2026-09-02,3M,Auto Parts: OEM,27,13.38329950505831,7.4311821780233505,52
2026-09-02,3M,Air Freight/Couriers,28,13.267492416320527,7.315375089285569,11
2026-09-02,3M,Regional Banks,29,12.48903372178835,6.536916394753389,19
2026-09-02,3M,Finance/Rental/Leasing,30,11.97123713007904,6.019119803044081,54
2026-09-02,3M,Industrial Machinery,31,11.44691338486061,5.494796057825649,54
2026-09-02,3M,Medical/Nursing Services,32,11.313406041636616,5.361288714601654,10
2026-09-02,3M,Miscellaneous Commercial Services,33,11.190939107902032,5.238821780867072,32
2026-09-02,3M,Hotels/Resorts/Cruise lines,34,11.13243707520043,5.18031974816547,16
2026-09-02,3M,Motor Vehicles,35,10.917439248478676,4.965321921443715,16
2026-09-02,3M,Trucks/Construction/Farm Machinery,36,10.063691304141916,4.111573977106955,19
2026-09-02,3M,Pharmaceuticals: Other,37,9.80949945912978,3.85738213209482,6
2026-09-02,3M,Textiles,38,9.267010956435934,3.3148936294009737,24
2026-09-02,3M,Aerospace & Defense,39,9.035613882684531,3.083496555649573,9
2026-09-02,3M,Chemicals: Specialty,40,9.02860793414226,3.076490607107301,53
2026-09-02,3M,Multi-Line Insurance,41,8.678511480738644,2.7263941537036835,5
2026-09-02,3M,Electronics/Appliances,42,8.613135150364183,2.6610178233292228,8
2026-09-02,3M,Railroads,43,8.41164422057233,2.459526893537369,2
2026-09-02,3M,Pulp & Paper,44,8.350053641958715,2.3979363149237543,2
2026-09-02,3M,Telecommunications Equipment,45,7.565571986904384,1.613454659869424,6
2026-09-02,3M,Automotive Aftermarket,46,7.1198921040913214,1.1677747770563611,7
2026-09-02,3M,Other Transportation,47,6.991422995389092,1.0393056683541315,4
2026-09-02,3M,Apparel/Footwear,48,6.2669882653793545,0.3148709383443941,17
2026-09-02,3M,Home Furnishings,49,6.17560537470646,0.2234880476714993,7
2026-09-02,3M,Financial Conglomerates,50,5.682546977175979,-0.2695703498589816,7
2026-09-02,3M,Information Technology Services,51,5.384122224220503,-0.5679951028144572,31
2026-09-02,3M,Hospital/Nursing Management,52,5.36591295257842,-0.58620437445654,18
2026-09-02,3M,Building Products,53,4.993338050085363,-0.9587792769495972,12
2026-09-02,3M,Industrial Specialties,54,4.372780943088938,-1.5793363839460222,27
2026-09-02,3M,Agricultural Commodities/Milling,55,4.264746143438747,-1.6873711835962135,25
2026-09-02,3M,Investment Trusts/Mutual Funds,56,4.263677623516191,-1.6884397035187693,4
2026-09-02,3M,Life/Health Insurance,57,4.247624237995937,-1.7044930890390235,8
2026-09-02,3M,Electronic Equipment/Instruments,58,4.221934650160074,-1.730182676874886,9
2026-09-02,3M,Food: Specialty/Candy,59,3.910031591586717,-2.042085735448243,16
2026-09-02,3M,Engineering & Construction,60,3.7761123565106,-2.1760049705243603,55
2026-09-02,3M,Trucking,61,3.159171119537497,-2.792946207497464,3
2026-09-02,3M,Homebuilding,62,3.148070337384891,-2.804046989650069,3
2026-09-02,3M,Data Processing Services,63,3.0578658494815523,-2.894251477553408,3
2026-09-02,3M,Integrated Oil,64,3.0118161517248625,-2.940301175310098,4
2026-09-02,3M,Household/Personal Care,65,2.7268220963709826,-3.2252952306639777,12
2026-09-02,3M,Real Estate Investment Trusts,66,2.670308521966837,-3.281808805068123,7
2026-09-02,3M,Major Banks,67,2.643617044493784,-3.308500282541176,22
2026-09-02,3M,Office Equipment/Supplies,68,2.629711379434508,-3.322405947600453,6
2026-09-02,3M,Forest Products,69,2.372148008943915,-3.579969318091045,3
2026-09-02,3M,Electrical Products,70,2.000945039087193,-3.951172287947767,53
2026-09-02,3M,Food: Major Diversified,71,1.9562225234713229,-3.9958948035636377,5
2026-09-02,3M,Other Consumer Services,72,1.6770194097773476,-4.275097917257613,5
2026-09-02,3M,Miscellaneous Manufacturing,73,1.6426423272175614,-4.309474999817399,13
2026-09-02,3M,Wireless Telecommunications,74,1.401193909811965,-4.550923417222995,3
2026-09-02,3M,Investment Managers,75,0.8545787346427303,-5.09753859239223,14
2026-09-02,3M,Construction Materials,76,0.7473688419244704,-5.20474848511049,22
2026-09-02,3M,Chemicals: Agricultural,77,0.2990775466443254,-5.653039780390635,25
2026-09-02,3M,Oil Refining/Marketing,78,0.2430242964559108,-5.70909303057905,10
2026-09-02,3M,Industrial Conglomerates,79,0.0310832509689283,-5.921034076066032,4
2026-09-02,3M,Apparel/Footwear Retail,80,-0.0860897022935309,-6.038207029328492,12
2026-09-02,3M,Steel,81,-0.410535447213616,-6.362652774248576,48
2026-09-02,3M,Financial Publishing/Services,82,-0.4420562961143088,-6.394173623149269,2
2026-09-02,3M,Investment Banks/Brokers,83,-0.5040877948490116,-6.456205121883972,22
2026-09-02,3M,Gas Distributors,84,-5.093019973539133,-11.045137300574094,6
2026-09-02,3M,Marine Shipping,85,-5.717176923831145,-11.669294250866106,3
2026-09-02,3M,Semiconductors,86,-6.053833892617623,-12.005951219652584,10
2026-09-02,3M,Alternative Power Generation,87,-6.214492879754024,-12.166610206788985,11
2026-09-02,3M,Other Metals/Minerals,88,-6.906670507003593,-12.858787834038552,16
2026-09-02,3M,Broadcasting,89,-7.355624726276527,-13.307742053311486,3
2026-09-02,3M,Tobacco,90,-8.712284065530064,-14.664401392565024,3
2026-09-02,3M,Specialty Insurance,91,-8.950217796193725,-14.902335123228683,2
2026-09-02,3M,Coal,92,-9.01020038477137,-14.96231771180633,4
2026-09-02,3M,Electric Utilities,93,-9.028393614347724,-14.980510941382684,24
2026-09-02,3M,Major Telecommunications,94,-10.481326185596524,-16.433443512631484,6
2026-09-02,3M,Aluminum,95,-12.43622046352217,-18.38833779055713,4
2026-09-02,3M,Publishing: Newspapers,96,-13.242879622344608,-19.19499694937957,2
2026-09-03,3M,Medical Specialties,1,58.842546710967305,53.5955879473699,6
2026-09-03,3M,Electronics Distributors,2,53.92012523816367,48.673166474566266,4
2026-09-03,3M,Biotechnology,3,40.67403616051911,35.4270773969217,4
2026-09-03,3M,Electronics/Appliance Stores,4,36.001930812550285,30.75497204895288,2
2026-09-03,3M,Consumer Sundries,5,35.40155737040973,30.15459860681233,2
2026-09-03,3M,Oilfield Services/Equipment,6,32.298558780046086,27.05160001644868,3
2026-09-03,3M,Personnel Services,7,29.436085229489112,24.189126465891707,2
2026-09-03,3M,Specialty Stores,8,26.03310261875659,20.786143855159185,14
2026-09-03,3M,Internet Software/Services,9,24.979141932623133,19.732183169025728,13
2026-09-03,3M,Food: Meat/Fish/Dairy,10,24.37148780930024,19.12452904570283,7
2026-09-03,3M,Containers/Packaging,11,23.927172446335167,18.68021368273776,13
2026-09-03,3M,Internet Retail,12,22.90990605397916,17.662947290381755,4
2026-09-03,3M,Airlines,13,21.532337173188807,16.285378409591402,4
2026-09-03,3M,Chemicals: Major Diversified,14,21.46317342626318,16.216214662665774,12
2026-09-03,3M,Electronic Components,15,20.622896968905103,15.3759382053077,5
2026-09-03,3M,Oil & Gas Production,16,19.418852311298544,14.17189354770114,3
2026-09-03,3M,Electronic Production Equipment,17,18.715765136929424,13.468806373332018,9
2026-09-03,3M,Real Estate Development,18,18.393690837503552,13.146732073906149,34
2026-09-03,3M,Restaurants,19,18.028815054157967,12.781856290560562,7
2026-09-03,3M,Wholesale Distributors,20,16.367949695680664,11.12099093208326,15
2026-09-03,3M,Movies/Entertainment,21,16.35138584062689,11.104427077029484,8
2026-09-03,3M,Metal Fabrication,22,15.716634146672378,10.469675383074971,26
2026-09-03,3M,Other Consumer Specialties,23,15.637252412303775,10.39029364870637,19
2026-09-03,3M,Beverages: Alcoholic,24,14.450190054611909,9.203231291014502,9
2026-09-03,3M,Pharmaceuticals: Major,25,14.046922770930074,8.799964007332669,84
2026-09-03,3M,Air Freight/Couriers,26,13.360192943419598,8.113234179822193,11
2026-09-03,3M,Auto Parts: OEM,27,12.74033080571535,7.4933720421179455,51
2026-09-03,3M,Industrial Machinery,28,12.664807730867585,7.417848967270178,54
2026-09-03,3M,Regional Banks,29,12.49111860481148,7.244159841214076,20
2026-09-03,3M,Finance/Rental/Leasing,30,11.58453518042619,6.337576416828785,52
2026-09-03,3M,Packaged Software,31,11.56386306025152,6.316904296654116,36
2026-09-03,3M,Medical/Nursing Services,32,10.631090215960809,5.384131452363404,10
2026-09-03,3M,Trucks/Construction/Farm Machinery,33,10.20162381080285,4.954665047205445,20
2026-09-03,3M,Chemicals: Specialty,34,10.161186989255365,4.91422822565796,53
2026-09-03,3M,Hotels/Resorts/Cruise lines,35,10.053673968381387,4.806715204783982,14
2026-09-03,3M,Textiles,36,9.82648423434147,4.5795254707440645,25
2026-09-03,3M,Office Equipment/Supplies,37,9.810209366658272,4.563250603060867,4
2026-09-03,3M,Miscellaneous Commercial Services,38,9.029760522683617,3.78280175908621,33
2026-09-03,3M,Motor Vehicles,39,8.996297567203774,3.749338803606369,16
2026-09-03,3M,Pharmaceuticals: Other,40,8.844128397993474,3.597169634396069,6
2026-09-03,3M,Railroads,41,8.665163348040926,3.4182045844435205,2
2026-09-03,3M,Aerospace & Defense,42,8.389289653816704,3.1423308902192986,9
2026-09-03,3M,Other Transportation,43,8.197393868203587,2.950435104606182,4
2026-09-03,3M,Electronics/Appliances,44,7.34949310530119,2.1025343417037847,8
2026-09-03,3M,Home Furnishings,45,6.924135260504975,1.6771764969075695,7
2026-09-03,3M,Pulp & Paper,46,6.332448613427726,1.0854898498303207,4
2026-09-03,3M,Financial Conglomerates,47,6.210835611364274,0.9638768477668692,7
2026-09-03,3M,Multi-Line Insurance,48,6.194295312630351,0.9473365490329462,5
2026-09-03,3M,Industrial Specialties,49,5.159341474596659,-0.0876172890007458,29
2026-09-03,3M,Integrated Oil,50,5.1547274536372365,-0.0922313099601686,5
2026-09-03,3M,Life/Health Insurance,51,5.12155521148819,-0.1254035521092147,8
2026-09-03,3M,Hospital/Nursing Management,52,5.094471551679286,-0.1524872119181193,18
2026-09-03,3M,Agricultural Commodities/Milling,53,4.654437814753585,-0.5925209488438199,26
2026-09-03,3M,Electronic Equipment/Instruments,54,4.599019629790329,-0.6479391338070757,9
2026-09-03,3M,Automotive Aftermarket,55,4.308645304912735,-0.9383134586846698,8
2026-09-03,3M,Homebuilding,56,4.115560034581264,-1.1313987290161407,3
2026-09-03,3M,Building Products,57,4.068878568887279,-1.1780801947101258,12
2026-09-03,3M,Apparel/Footwear,58,3.844705597675638,-1.402253165921767,18
2026-09-03,3M,Food: Specialty/Candy,59,3.837952852844426,-1.4090059107529784,19
2026-09-03,3M,Trucking,60,3.4465570660379043,-1.8004016975595007,3
2026-09-03,3M,Real Estate Investment Trusts,61,3.437070420353262,-1.8098883432441435,7
2026-09-03,3M,Information Technology Services,62,3.334877191105988,-1.912081572491417,31
2026-09-03,3M,Electrical Products,63,2.8795387079598824,-2.3674200556375227,53
2026-09-03,3M,Major Banks,64,2.8357761169832894,-2.411182646614116,22
2026-09-03,3M,Investment Trusts/Mutual Funds,65,2.8135414552265927,-2.4334173083708124,4
2026-09-03,3M,Engineering & Construction,66,2.649548442932673,-2.5974103206647325,56
2026-09-03,3M,Data Processing Services,67,2.1055171434930764,-3.1414416201043287,3
2026-09-03,3M,Food: Major Diversified,68,1.9417192004054489,-3.3052395631919564,5
2026-09-03,3M,Financial Publishing/Services,69,1.0892274236331911,-4.157731339964214,2
2026-09-03,3M,Household/Personal Care,70,0.8486914600321023,-4.398267303565303,12
2026-09-03,3M,Apparel/Footwear Retail,71,0.6814970421315513,-4.565461721465854,12
2026-09-03,3M,Telecommunications Equipment,72,0.5604644085959971,-4.686494355001408,6
2026-09-03,3M,Miscellaneous Manufacturing,73,0.5571227676939251,-4.68983599590348,13
2026-09-03,3M,Construction Materials,74,0.5240316584451264,-4.722927105152278,22
2026-09-03,3M,Industrial Conglomerates,75,0.2925704434835197,-4.954388320113885,4
2026-09-03,3M,Wireless Telecommunications,76,0.1799316817629128,-5.0670270818344925,3
2026-09-03,3M,Investment Managers,77,-0.1950765318202502,-5.442035295417655,14
2026-09-03,3M,Steel,78,-0.2880835774875635,-5.535042341084969,49
2026-09-03,3M,Other Consumer Services,79,-0.3090649385649024,-5.556023702162308,5
2026-09-03,3M,Chemicals: Agricultural,80,-0.8206203106967512,-6.067579074294156,25
2026-09-03,3M,Oil Refining/Marketing,81,-0.8783743483517624,-6.125333111949168,10
2026-09-03,3M,Investment Banks/Brokers,82,-1.0572247761218316,-6.3041835397192365,20
2026-09-03,3M,Marine Shipping,83,-3.769932782065948,-9.016891545663354,3
2026-09-03,3M,Forest Products,84,-6.223653450684257,-11.470612214281662,4
2026-09-03,3M,Other Metals/Minerals,85,-6.968727856464257,-12.215686620061662,16
2026-09-03,3M,Semiconductors,86,-7.005029822445514,-12.25198858604292,10
2026-09-03,3M,Gas Distributors,87,-7.112210245270795,-12.3591690088682,6
2026-09-03,3M,Alternative Power Generation,88,-7.436819709283943,-12.683778472881349,10
2026-09-03,3M,Electric Utilities,89,-9.532204654607607,-14.779163418205012,23
2026-09-03,3M,Tobacco,90,-9.921182587760134,-15.16814135135754,3
2026-09-03,3M,Specialty Insurance,91,-10.337229667549956,-15.58418843114736,2
2026-09-03,3M,Aluminum,92,-10.902649550364622,-16.149608313962027,4
2026-09-03,3M,Coal,93,-10.990736059793855,-16.23769482339126,4
2026-09-03,3M,Broadcasting,94,-11.255570900864168,-16.502529664461573,3
2026-09-03,3M,Major Telecommunications,95,-11.608199801663837,-16.85515856526124,5
2026-09-04,3M,Medical Specialties,1,61.573051223266106,56.23624100518504,6
2026-09-04,3M,Electronics Distributors,2,53.33947924121552,48.00266902313445,4
2026-09-04,3M,Biotechnology,3,39.01169145474989,33.67488123666883,4
2026-09-04,3M,Oilfield Services/Equipment,4,38.82689922835171,33.490089010270644,3
2026-09-04,3M,Electronics/Appliance Stores,5,34.86932717957404,29.53251696149297,2
2026-09-04,3M,Specialty Stores,6,28.864248799103585,23.52743858102252,14
2026-09-04,3M,Personnel Services,7,26.732024316186664,21.3952140981056,2
2026-09-04,3M,Food: Meat/Fish/Dairy,8,26.15849276475188,20.82168254667081,6
2026-09-04,3M,Containers/Packaging,9,25.521687603800988,20.18487738571992,11
2026-09-04,3M,Internet Software/Services,10,24.6137639626132,19.276953744532136,13
2026-09-04,3M,Internet Retail,11,23.83947769622814,18.502667478147075,4
2026-09-04,3M,Electronic Components,12,22.240828630369027,16.90401841228796,4
2026-09-04,3M,Oil & Gas Production,13,21.176671391898047,15.83986117381698,3
2026-09-04,3M,Airlines,14,20.687382691652708,15.350572473571642,4
2026-09-04,3M,Chemicals: Major Diversified,15,19.981133485560903,14.644323267479836,12
2026-09-04,3M,Other Consumer Specialties,16,19.50081209735835,14.164001879277285,20
2026-09-04,3M,Electronic Production Equipment,17,19.062567428932425,13.72575721085136,10
2026-09-04,3M,Restaurants,18,18.010172050084268,12.673361832003202,7
2026-09-04,3M,Movies/Entertainment,19,17.57354213652406,12.236731918442995,9
2026-09-04,3M,Real Estate Development,20,17.51471305823624,12.177902840155172,36
2026-09-04,3M,Wholesale Distributors,21,17.1029943707149,11.766184152633834,15
2026-09-04,3M,Metal Fabrication,22,15.348834709360949,10.012024491279885,26
2026-09-04,3M,Air Freight/Couriers,23,13.51115093155985,8.174340713478784,11
2026-09-04,3M,Beverages: Alcoholic,24,13.371313671718047,8.034503453636983,9
2026-09-04,3M,Pharmaceuticals: Major,25,13.36688592869192,8.030075710610856,85
2026-09-04,3M,Industrial Machinery,26,13.342762661535486,8.005952443454422,53
2026-09-04,3M,Multi-Line Insurance,27,12.840434280082372,7.503624062001308,5
2026-09-04,3M,Finance/Rental/Leasing,28,12.288588274271763,6.951778056190698,55
2026-09-04,3M,Auto Parts: OEM,29,12.181365340974589,6.844555122893522,51
2026-09-04,3M,Textiles,30,12.07325148762977,6.736441269548705,25
2026-09-04,3M,Regional Banks,31,12.03832178175726,6.701511563676195,19
2026-09-04,3M,Packaged Software,32,11.628661526506452,6.291851308425387,35
2026-09-04,3M,Hotels/Resorts/Cruise lines,33,11.136203734191046,5.799393516109981,13
2026-09-04,3M,Trucks/Construction/Farm Machinery,34,10.515472413869988,5.178662195788923,20
2026-09-04,3M,Medical/Nursing Services,35,9.99869715549912,4.661886937418054,9
2026-09-04,3M,Chemicals: Specialty,36,9.84436689135976,4.507556673278695,53
2026-09-04,3M,Miscellaneous Commercial Services,37,9.41633123529343,4.0795210172123655,32
2026-09-04,3M,Pulp & Paper,38,9.208535802029512,3.871725583948448,3
2026-09-04,3M,Pharmaceuticals: Other,39,9.153472614757918,3.816662396676853,6
2026-09-04,3M,Aerospace & Defense,40,8.966081710889942,3.629271492808877,9
2026-09-04,3M,Other Transportation,41,8.903676425218169,3.566866207137104,4
2026-09-04,3M,Motor Vehicles,42,8.729369653587263,3.3925594355061977,16
2026-09-04,3M,Railroads,43,8.609131513671143,3.2723212955900776,2
2026-09-04,3M,Electronics/Appliances,44,7.025436562518435,1.6886263444373704,8
2026-09-04,3M,Financial Conglomerates,45,6.525960324729524,1.1891501066484589,8
2026-09-04,3M,Home Furnishings,46,6.372830171615328,1.036019953534263,7
2026-09-04,3M,Life/Health Insurance,47,5.562107198599249,0.2252969805181841,8
2026-09-04,3M,Industrial Specialties,48,5.122809901799402,-0.2140003162816626,27
2026-09-04,3M,Telecommunications Equipment,49,4.900116583298697,-0.436693634782368,5
2026-09-04,3M,Hospital/Nursing Management,50,4.884708254206275,-0.4521019638747896,19
2026-09-04,3M,Apparel/Footwear,51,4.564315363799989,-0.7724948542810761,17
2026-09-04,3M,Office Equipment/Supplies,52,4.334036864585059,-1.0027733534960062,5
2026-09-04,3M,Automotive Aftermarket,53,4.229900753161532,-1.106909464919533,7
2026-09-04,3M,Electronic Equipment/Instruments,54,4.194189176833889,-1.1426210412471764,9
2026-09-04,3M,Agricultural Commodities/Milling,55,4.0689594598761785,-1.2678507582048866,27
2026-09-04,3M,Integrated Oil,56,4.041142697377475,-1.2956675207035904,5
2026-09-04,3M,Homebuilding,57,3.7571066413066734,-1.5797035767743903,4
2026-09-04,3M,Building Products,58,3.722351740461096,-1.6144584776199689,12
2026-09-04,3M,Food: Specialty/Candy,59,3.663086602533222,-1.6737236155478432,18
2026-09-04,3M,Trucking,60,3.281041480349108,-2.055768737731957,3
2026-09-04,3M,Major Banks,61,3.0990127648188324,-2.2377974532622327,22
2026-09-04,3M,Real Estate Investment Trusts,62,3.080390624100499,-2.2564195939805662,7
2026-09-04,3M,Engineering & Construction,63,3.0366012206223885,-2.300208997458677,55
2026-09-04,3M,Information Technology Services,64,2.9009040879751327,-2.4359061301059324,32
2026-09-04,3M,Food: Major Diversified,65,2.036063946964118,-3.3007462711169464,5
2026-09-04,3M,Financial Publishing/Services,66,1.9669304352474508,-3.369879782833614,2
2026-09-04,3M,Data Processing Services,67,1.90773636009416,-3.429073857986906,3
2026-09-04,3M,Investment Trusts/Mutual Funds,68,1.849221723246076,-3.487588494834989,3
2026-09-04,3M,Electrical Products,69,1.7333509736747277,-3.603459244406338,54
2026-09-04,3M,Other Consumer Services,70,1.2301540734649343,-4.106656144616131,5
2026-09-04,3M,Construction Materials,71,1.1812142889423136,-4.155595929138752,22
2026-09-04,3M,Apparel/Footwear Retail,72,0.9640288018633534,-4.372781416217712,12
2026-09-04,3M,Household/Personal Care,73,0.8073459089030337,-4.529464309178032,13
2026-09-04,3M,Steel,74,0.6982100905236048,-4.63860012755746,50
2026-09-04,3M,Investment Banks/Brokers,75,0.6974781311711624,-4.639332086909903,21
2026-09-04,3M,Wireless Telecommunications,76,0.2233641238196901,-5.113446094261375,3
2026-09-04,3M,Miscellaneous Manufacturing,77,0.1844701516271771,-5.152340066453888,14
2026-09-04,3M,Industrial Conglomerates,78,-0.4071557482282856,-5.743965966309351,4
2026-09-04,3M,Investment Managers,79,-0.9086813534351136,-6.245491571516179,14
2026-09-04,3M,Oil Refining/Marketing,80,-1.030839101271135,-6.3676493193522,9
2026-09-04,3M,Chemicals: Agricultural,81,-1.121532569605434,-6.458342787686499,24
2026-09-04,3M,Marine Shipping,82,-4.019231810918862,-9.356042028999926,3
2026-09-04,3M,Other Metals/Minerals,83,-6.052928314442498,-11.389738532523562,17
2026-09-04,3M,Alternative Power Generation,84,-6.279642827827901,-11.616453045908964,10
2026-09-04,3M,Forest Products,85,-6.625934456244855,-11.96274467432592,3
2026-09-04,3M,Gas Distributors,86,-6.781381759920323,-12.118191978001388,6
2026-09-04,3M,Semiconductors,87,-6.877664794713387,-12.214475012794452,10
2026-09-04,3M,Electric Utilities,88,-9.287838304276304,-14.624648522357369,24
2026-09-04,3M,Tobacco,89,-9.639127389980402,-14.975937608061468,3
2026-09-04,3M,Broadcasting,90,-10.216762413309365,-15.553572631390429,3
2026-09-04,3M,Specialty Insurance,91,-10.377604351316688,-15.714414569397752,2
2026-09-04,3M,Coal,92,-10.88544844214143,-16.222258660222494,4
2026-09-04,3M,Major Telecommunications,93,-10.91310477576292,-16.249914993843984,6
2026-09-04,3M,Aluminum,94,-11.204188583301772,-16.540998801382838,4
2026-09-07,3M,Electronics Distributors,1,54.59967187900382,48.29862008748151,4
2026-09-07,3M,Medical Specialties,2,53.09175205125168,46.79070025972937,6
2026-09-07,3M,Oilfield Services/Equipment,3,45.52471624486312,39.2236644533408,3
2026-09-07,3M,Consumer Sundries,4,43.53800049431536,37.23694870279305,2
2026-09-07,3M,Electronics/Appliance Stores,5,37.28510147366274,30.98404968214043,2
2026-09-07,3M,Biotechnology,6,36.56131439714879,30.26026260562648,4
2026-09-07,3M,Food: Meat/Fish/Dairy,7,30.62084145297033,24.319789661448024,7
2026-09-07,3M,Specialty Stores,8,30.537750802723505,24.2366990112012,14
2026-09-07,3M,Internet Retail,9,28.985299444582388,22.68424765306008,4
2026-09-07,3M,Other Consumer Specialties,10,27.15299056494095,20.85193877341864,20
2026-09-07,3M,Airlines,11,25.933733709215367,19.632681917693056,4
2026-09-07,3M,Containers/Packaging,12,25.604009197361368,19.302957405839056,12
2026-09-07,3M,Internet Software/Services,13,25.15411245534131,18.853060663819,12
2026-09-07,3M,Electronic Production Equipment,14,24.93799993933532,18.63694814781301,10
2026-09-07,3M,Oil & Gas Production,15,20.941275219516648,14.640223427994336,3
2026-09-07,3M,Restaurants,16,20.120728984304545,13.819677192782232,7
2026-09-07,3M,Chemicals: Major Diversified,17,19.955596718230428,13.654544926708116,13
2026-09-07,3M,Wholesale Distributors,18,18.731686904674287,12.430635113151975,16
2026-09-07,3M,Real Estate Development,19,18.67422244920772,12.373170657685408,35
2026-09-07,3M,Personnel Services,20,17.95452636428427,11.653474572761958,2
2026-09-07,3M,Metal Fabrication,21,17.541855641072885,11.240803849550574,26
2026-09-07,3M,Air Freight/Couriers,22,16.46206359943927,10.161011807916957,11
2026-09-07,3M,Industrial Machinery,23,15.159814198128457,8.858762406606143,55
2026-09-07,3M,Auto Parts: OEM,24,15.10792049853848,8.806868707016168,51
2026-09-07,3M,Movies/Entertainment,25,14.850988988269012,8.5499371967467,9
2026-09-07,3M,Pharmaceuticals: Major,26,14.677550457474046,8.376498665951734,85
2026-09-07,3M,Multi-Line Insurance,27,14.67317173888255,8.372119947360238,5
2026-09-07,3M,Textiles,28,14.097165618762457,7.796113827240145,26
2026-09-07,3M,Beverages: Alcoholic,29,13.427677672674855,7.126625881152545,9
2026-09-07,3M,Finance/Rental/Leasing,30,13.220583244932104,6.9195314534097925,55
2026-09-07,3M,Trucks/Construction/Farm Machinery,31,12.664104732004906,6.363052940482595,20
2026-09-07,3M,Pulp & Paper,32,12.658547861736963,6.357496070214653,4
2026-09-07,3M,Hotels/Resorts/Cruise lines,33,12.494841848221864,6.193790056699552,14
2026-09-07,3M,Chemicals: Specialty,34,12.39082075175223,6.089768960229918,52
2026-09-07,3M,Medical/Nursing Services,35,12.20869952377097,5.907647732248659,11
2026-09-07,3M,Pharmaceuticals: Other,36,11.808594191253292,5.507542399730982,6
2026-09-07,3M,Electronic Components,37,11.767673373418292,5.46662158189598,4
2026-09-07,3M,Packaged Software,38,11.731296304506158,5.430244512983846,35
2026-09-07,3M,Regional Banks,39,11.492223230539162,5.19117143901685,20
2026-09-07,3M,Electronics/Appliances,40,10.70649399693091,4.4054422054085975,8
2026-09-07,3M,Miscellaneous Commercial Services,41,9.893362326336266,3.5923105348139543,32
2026-09-07,3M,Motor Vehicles,42,9.84092635823447,3.5398745667121574,16
2026-09-07,3M,Aerospace & Defense,43,8.935643588945783,2.634591797423472,9
2026-09-07,3M,Telecommunications Equipment,44,8.931829863908373,2.630778072386061,5
2026-09-07,3M,Homebuilding,45,8.245672381528951,1.94462059000664,4
2026-09-07,3M,Railroads,46,8.236717853285061,1.935666061762749,2
2026-09-07,3M,Other Transportation,47,8.034177685770668,1.7331258942483565,3
2026-09-07,3M,Home Furnishings,48,7.844339618356285,1.5432878268339731,6
2026-09-07,3M,Electronic Equipment/Instruments,49,7.749042478956974,1.447990687434662,9
2026-09-07,3M,Integrated Oil,50,7.410762994539327,1.1097112030170155,5
2026-09-07,3M,Automotive Aftermarket,51,7.215519265871962,0.9144674743496504,7
2026-09-07,3M,Office Equipment/Supplies,52,6.966720117916727,0.6656683263944148,6
2026-09-07,3M,Financial Conglomerates,53,6.32736363615215,0.0263118446298378,6
2026-09-07,3M,Apparel/Footwear,54,6.214181547377319,-0.0868702441449924,17
2026-09-07,3M,Agricultural Commodities/Milling,55,6.068217616532295,-0.2328341749900166,26
2026-09-07,3M,Industrial Specialties,56,5.616445281693869,-0.6846065098284431,28
2026-09-07,3M,Electrical Products,57,4.528649598684729,-1.7724021928375828,55
2026-09-07,3M,Life/Health Insurance,58,4.5167543419060605,-1.7842974496162514,8
2026-09-07,3M,Building Products,59,4.356312349218107,-1.944739442304205,12
2026-09-07,3M,Engineering & Construction,60,4.342557613411753,-1.9584941781105591,57
2026-09-07,3M,Information Technology Services,61,4.198399800987434,-2.102651990534878,33
2026-09-07,3M,Hospital/Nursing Management,62,3.5940831010249124,-2.7069686904973995,18
2026-09-07,3M,Investment Banks/Brokers,63,3.483890804562172,-2.81716098696014,21
2026-09-07,3M,Real Estate Investment Trusts,64,3.382815712005592,-2.9182360795167206,8
2026-09-07,3M,Miscellaneous Manufacturing,65,3.205483190066015,-3.095568601456297,14
2026-09-07,3M,Wireless Telecommunications,66,3.0662739060963937,-3.234777885425918,3
2026-09-07,3M,Major Banks,67,3.0158387192940923,-3.28521307222822,22
2026-09-07,3M,Food: Specialty/Candy,68,2.9263688354357607,-3.3746829560865512,20
2026-09-07,3M,Industrial Conglomerates,69,2.811967896858671,-3.489083894663641,4
2026-09-07,3M,Construction Materials,70,2.2771091869445343,-4.023942604577778,21
2026-09-07,3M,Steel,71,2.249872552151485,-4.051179239370827,50
2026-09-07,3M,Apparel/Footwear Retail,72,2.2399153396117693,-4.061136451910542,12
2026-09-07,3M,Data Processing Services,73,2.2137665212938886,-4.087285270228423,3
2026-09-07,3M,Financial Publishing/Services,74,1.9714188134088384,-4.329632978113474,2
2026-09-07,3M,Food: Major Diversified,75,1.54925802538718,-4.751793766135132,6
2026-09-07,3M,Investment Managers,76,1.3470196830791077,-4.954032108443204,14
2026-09-07,3M,Trucking,77,1.197048719625914,-5.104003071896398,3
2026-09-07,3M,Oil Refining/Marketing,78,0.3859498777394594,-5.915101913782853,9
2026-09-07,3M,Investment Trusts/Mutual Funds,79,0.1902416041428636,-6.110810187379448,4
2026-09-07,3M,Household/Personal Care,80,-0.433405765513198,-6.73445755703551,13
2026-09-07,3M,Chemicals: Agricultural,81,-0.5310242504859457,-6.832076042008257,27
2026-09-07,3M,Other Consumer Services,82,-0.7257149593418397,-7.026766750864152,5
2026-09-07,3M,Marine Shipping,83,-1.4878709992811072,-7.788922790803419,3
2026-09-07,3M,Other Metals/Minerals,84,-1.6470483090478325,-7.948100100570144,17
2026-09-07,3M,Forest Products,85,-2.236074171005183,-8.537125962527494,5
2026-09-07,3M,Publishing: Newspapers,86,-3.619535753234027,-9.92058754475634,2
2026-09-07,3M,Semiconductors,87,-5.072283608113021,-11.373335399635334,10
2026-09-07,3M,Aluminum,88,-5.767140569823148,-12.06819236134546,4
2026-09-07,3M,Gas Distributors,89,-6.528464434459157,-12.829516225981468,6
2026-09-07,3M,Major Telecommunications,90,-7.657185313544758,-13.95823710506707,6
2026-09-07,3M,Alternative Power Generation,91,-8.49508462828331,-14.796136419805622,10
2026-09-07,3M,Coal,92,-8.652369256136353,-14.953421047658663,4
2026-09-07,3M,Electric Utilities,93,-9.567065863149296,-15.86811765467161,23
2026-09-07,3M,Tobacco,94,-10.095241304568065,-16.396293096090375,3
2026-09-07,3M,Specialty Insurance,95,-11.82954312372727,-18.13059491524958,2
2026-09-07,3M,Broadcasting,96,-15.81707962038444,-22.118131411906752,3
2026-09-08,3M,Medical Specialties,1,53.063333554844846,47.34828540810887,6
2026-09-08,3M,Electronics Distributors,2,49.01721938619754,43.302171239461565,4
2026-09-08,3M,Electronics/Appliance Stores,3,44.03357781880518,38.3185296720692,2
2026-09-08,3M,Consumer Sundries,4,43.53869180500873,37.82364365827276,2
2026-09-08,3M,Oilfield Services/Equipment,5,42.77599995756324,37.06095181082727,3
2026-09-08,3M,Biotechnology,6,38.82338487533472,33.10833672859874,4
2026-09-08,3M,Specialty Stores,7,32.82855468157104,27.113506534835068,15
2026-09-08,3M,Food: Meat/Fish/Dairy,8,31.17895562963479,25.46390748289881,7
2026-09-08,3M,Other Consumer Specialties,9,27.31864804974652,21.603599903010544,19
2026-09-08,3M,Internet Software/Services,10,25.451233547972187,19.736185401236213,12
2026-09-08,3M,Airlines,11,24.90274767493439,19.18769952819841,4
2026-09-08,3M,Containers/Packaging,12,24.89486037388904,19.179812227153068,12
2026-09-08,3M,Internet Retail,13,24.83998683535528,19.124938688619302,4
2026-09-08,3M,Oil & Gas Production,14,24.320009870076014,18.60496172334004,3
2026-09-08,3M,Electronic Production Equipment,15,23.13784452284448,17.422796376108504,10
2026-09-08,3M,Restaurants,16,20.006988952813924,14.29194080607795,7
2026-09-08,3M,Chemicals: Major Diversified,17,19.77261936193249,14.057571215196518,12
2026-09-08,3M,Movies/Entertainment,18,17.794852198355578,12.079804051619604,9
2026-09-08,3M,Real Estate Development,19,16.88994607310073,11.174897926364755,35
2026-09-08,3M,Metal Fabrication,20,16.655430328477728,10.940382181741754,26
2026-09-08,3M,Wholesale Distributors,21,16.588659710169317,10.873611563433345,16
2026-09-08,3M,Personnel Services,22,15.583501156783068,9.868453010047094,2
2026-09-08,3M,Auto Parts: OEM,23,14.392774713815118,8.677726567079144,51
2026-09-08,3M,Pharmaceuticals: Major,24,14.130131950235867,8.415083803499893,85
2026-09-08,3M,Air Freight/Couriers,25,13.99222633880969,8.277178192073716,11
2026-09-08,3M,Industrial Machinery,26,13.905795434618977,8.190747287883003,54
2026-09-08,3M,Pharmaceuticals: Other,27,12.860514302834602,7.145466156098627,6
2026-09-08,3M,Textiles,28,12.833149556608404,7.11810140987243,29
2026-09-08,3M,Medical/Nursing Services,29,12.195494604213936,6.480446457477961,11
2026-09-08,3M,Pulp & Paper,30,12.050634248887578,6.335586102151603,4
2026-09-08,3M,Integrated Oil,31,11.884760709383697,6.16971256264772,5
2026-09-08,3M,Beverages: Alcoholic,32,11.348645620631736,5.633597473895763,9
2026-09-08,3M,Finance/Rental/Leasing,33,11.323807724618009,5.608759577882034,53
2026-09-08,3M,Packaged Software,34,11.210804387017877,5.495756240281902,35
2026-09-08,3M,Trucks/Construction/Farm Machinery,35,11.112263600398473,5.397215453662498,20
2026-09-08,3M,Chemicals: Specialty,36,10.70886983915796,4.993821692421986,54
2026-09-08,3M,Hotels/Resorts/Cruise lines,37,10.337134510307036,4.622086363571062,15
2026-09-08,3M,Motor Vehicles,38,9.816778342649066,4.101730195913091,16
2026-09-08,3M,Multi-Line Insurance,39,9.46796354913618,3.7529154024002063,5
2026-09-08,3M,Aerospace & Defense,40,9.452958323941894,3.73791017720592,9
2026-09-08,3M,Electronic Components,41,9.243654293283194,3.52860614654722,4
2026-09-08,3M,Electronics/Appliances,42,8.964408619953934,3.24936047321796,9
2026-09-08,3M,Other Transportation,43,8.840570071208761,3.1255219244727863,4
2026-09-08,3M,Regional Banks,44,8.756960301901058,3.0419121551650834,19
2026-09-08,3M,Telecommunications Equipment,45,7.548724516447748,1.8336763697117728,6
2026-09-08,3M,Miscellaneous Commercial Services,46,7.367307663284237,1.652259516548262,33
2026-09-08,3M,Homebuilding,47,6.820563529927539,1.1055153831915645,4
2026-09-08,3M,Electronic Equipment/Instruments,48,6.350808985686669,0.6357608389506941,8
2026-09-08,3M,Agricultural Commodities/Milling,49,6.281174544997233,0.5661263982612583,27
2026-09-08,3M,Railroads,50,5.980797469784253,0.2657493230482783,2
2026-09-08,3M,Information Technology Services,51,5.84050860191494,0.1254604551789651,32
2026-09-08,3M,Industrial Specialties,52,5.692577400248172,-0.0224707464878033,28
2026-09-08,3M,Electrical Products,53,5.425586266744239,-0.2894618799917356,55
2026-09-08,3M,Automotive Aftermarket,54,5.326916240809771,-0.3881319059262038,7
2026-09-08,3M,Home Furnishings,55,5.252585254261758,-0.4624628924742167,7
2026-09-08,3M,Apparel/Footwear,56,5.1973401120926725,-0.5177080346433023,17
2026-09-08,3M,Building Products,57,4.759770668630471,-0.9552774781055042,11
2026-09-08,3M,Financial Conglomerates,58,4.735391584789376,-0.9796565619465988,7
2026-09-08,3M,Office Equipment/Supplies,59,4.579662984373541,-1.135385162362434,4
2026-09-08,3M,Wireless Telecommunications,60,4.5783581112192175,-1.1366900355167573,3
2026-09-08,3M,Food: Specialty/Candy,61,3.858942547341451,-1.856105599394524,19
2026-09-08,3M,Real Estate Investment Trusts,62,3.354118780924427,-2.360929365811548,8
2026-09-08,3M,Life/Health Insurance,63,3.1926952318652804,-2.5223529148706945,8
2026-09-08,3M,Investment Trusts/Mutual Funds,64,3.171010085715653,-2.5440380610203217,4
2026-09-08,3M,Hospital/Nursing Management,65,2.7466432860198084,-2.9684048607161664,18
2026-09-08,3M,Miscellaneous Manufacturing,66,2.5783565449522663,-3.1366916017837085,12
2026-09-08,3M,Engineering & Construction,67,2.3553826587414104,-3.3596654879945644,56
2026-09-08,3M,Investment Banks/Brokers,68,2.349212352412337,-3.3658357943236377,20
2026-09-08,3M,Data Processing Services,69,2.20213489266602,-3.512913254069955,3
2026-09-08,3M,Industrial Conglomerates,70,1.7238960696541803,-3.9911520770817934,3
2026-09-08,3M,Steel,71,1.6775412968634655,-4.037506849872509,46
2026-09-08,3M,Construction Materials,72,1.2823395088709062,-4.432708637865069,22
2026-09-08,3M,Apparel/Footwear Retail,73,0.6011533375371447,-5.11389480919883,13
2026-09-08,3M,Investment Managers,74,0.4954145368117933,-5.219633609924181,14
2026-09-08,3M,Major Banks,75,0.3072698579245608,-5.407778288811414,22
2026-09-08,3M,Food: Major Diversified,76,0.2045782615942664,-5.510469885141708,5
2026-09-08,3M,Oil Refining/Marketing,77,-0.0987561918906857,-5.81380433862666,9
2026-09-08,3M,Financial Publishing/Services,78,-0.2895071687297466,-6.004555315465721,2
2026-09-08,3M,Trucking,79,-0.3922754860795985,-6.107323632815573,3
2026-09-08,3M,Other Metals/Minerals,80,-0.4154006643678068,-6.130448811103782,17
2026-09-08,3M,Household/Personal Care,81,-1.0508586409876473,-6.765906787723623,13
2026-09-08,3M,Miscellaneous,82,-1.184406127029562,-6.899454273765537,2
2026-09-08,3M,Marine Shipping,83,-2.134229030637871,-7.849277177373846,3
2026-09-08,3M,Chemicals: Agricultural,84,-2.14115101351426,-7.856199160250235,25
2026-09-08,3M,Semiconductors,85,-4.391875780179876,-10.10692392691585,10
2026-09-08,3M,Aluminum,86,-5.436811986496544,-11.151860133232518,4
2026-09-08,3M,Gas Distributors,87,-6.5243852044389525,-12.239433351174927,6
2026-09-08,3M,Forest Products,88,-7.0068686993120455,-12.72191684604802,3
2026-09-08,3M,Other Consumer Services,89,-7.680638600961585,-13.39568674769756,5
2026-09-08,3M,Electric Utilities,90,-8.32723467960793,-14.042282826343904,24
2026-09-08,3M,Alternative Power Generation,91,-9.10969445915592,-14.824742605891895,10
2026-09-08,3M,Major Telecommunications,92,-9.874304086884406,-15.589352233620382,6
2026-09-08,3M,Coal,93,-10.278342055266728,-15.993390202002704,4
2026-09-08,3M,Tobacco,94,-10.875282083941595,-16.59033023067757,3
2026-09-08,3M,Specialty Insurance,95,-13.379429822424244,-19.094477969160216,2
2026-09-08,3M,Broadcasting,96,-15.75931167085607,-21.474359817592045,3
2026-09-09,3M,Medical Specialties,1,63.411874729333725,56.558437380221896,6
2026-09-09,3M,Consumer Sundries,2,57.62016740709619,50.76673005798436,2
2026-09-09,3M,Electronics Distributors,3,50.708291289755614,43.854853940643785,4
2026-09-09,3M,Electronics/Appliance Stores,4,44.92113794764286,38.06770059853103,2
2026-09-09,3M,Oilfield Services/Equipment,5,44.8495788946466,37.99614154553477,3
2026-09-09,3M,Biotechnology,6,38.687078547582125,31.833641198470296,4
2026-09-09,3M,Specialty Stores,7,36.05595397631958,29.20251662720775,14
2026-09-09,3M,Electronic Components,8,32.355344467621265,25.50190711850944,4
2026-09-09,3M,Food: Meat/Fish/Dairy,9,30.994011922417023,24.140574573305194,7
2026-09-09,3M,Other Consumer Specialties,10,29.93096490895425,23.077527559842423,20
2026-09-09,3M,Airlines,11,29.72312606478948,22.869688715677647,4
2026-09-09,3M,Containers/Packaging,12,26.98448234980466,20.13104500069284,11
2026-09-09,3M,Electronic Production Equipment,13,26.077594673445564,19.22415732433373,10
2026-09-09,3M,Internet Retail,14,25.049464308006613,18.196026958894784,4
2026-09-09,3M,Internet Software/Services,15,25.013163382440567,18.15972603332873,12
2026-09-09,3M,Oil & Gas Production,16,23.53646058381378,16.683023234701952,3
2026-09-09,3M,Wholesale Distributors,17,22.36490343004056,15.511466080928727,17
2026-09-09,3M,Movies/Entertainment,18,21.42166542465639,14.56822807554456,8
2026-09-09,3M,Restaurants,19,20.960387857590405,14.106950508478576,7
2026-09-09,3M,Personnel Services,20,20.45996368015092,13.606526331039092,2
2026-09-09,3M,Chemicals: Major Diversified,21,20.0799801414875,13.226542792375673,12
2026-09-09,3M,Metal Fabrication,22,17.11850038731043,10.2650630381986,26
2026-09-09,3M,Air Freight/Couriers,23,17.03491300596899,10.18147565685716,11
2026-09-09,3M,Real Estate Development,24,16.74161077601613,9.888173426904302,35
2026-09-09,3M,Auto Parts: OEM,25,16.26138551276204,9.407948163650213,51
2026-09-09,3M,Integrated Oil,26,15.813758199129616,8.960320850017787,5
2026-09-09,3M,Textiles,27,15.668782510238913,8.815345161127084,25
2026-09-09,3M,Industrial Machinery,28,15.23247463409716,8.37903728498533,54
2026-09-09,3M,Pharmaceuticals: Major,29,14.70383221871546,7.850394869603631,84
2026-09-09,3M,Trucks/Construction/Farm Machinery,30,13.748402984481276,6.894965635369447,20
2026-09-09,3M,Medical/Nursing Services,31,13.690937239520515,6.837499890408687,10
2026-09-09,3M,Other Transportation,32,13.230742310179126,6.377304961067297,4
2026-09-09,3M,Packaged Software,33,12.512895598972396,5.659458249860569,36
2026-09-09,3M,Finance/Rental/Leasing,34,12.492056786627836,5.638619437516008,55
2026-09-09,3M,Pharmaceuticals: Other,35,11.874427639884916,5.020990290773089,6
2026-09-09,3M,Chemicals: Specialty,36,11.839627839644283,4.986190490532456,54
2026-09-09,3M,Beverages: Alcoholic,37,11.47260416993723,4.6191668208254,9
2026-09-09,3M,Pulp & Paper,38,11.1810804717785,4.32764312266667,4
2026-09-09,3M,Hotels/Resorts/Cruise lines,39,10.983614770921651,4.130177421809824,14
2026-09-09,3M,Aerospace & Defense,40,10.893836946309344,4.040399597197515,9
2026-09-09,3M,Multi-Line Insurance,41,10.478166821703953,3.624729472592122,5
2026-09-09,3M,Motor Vehicles,42,10.167584849510533,3.314147500398704,16
2026-09-09,3M,Railroads,43,9.789812858758506,2.936375509646677,2
2026-09-09,3M,Miscellaneous Commercial Services,44,9.724410107508694,2.8709727583968654,32
2026-09-09,3M,Regional Banks,45,9.193218084735037,2.339780735623208,19
2026-09-09,3M,Electronics/Appliances,46,9.085983463454603,2.2325461143427745,8
2026-09-09,3M,Telecommunications Equipment,47,8.578776432185924,1.7253390830740951,6
2026-09-09,3M,Electrical Products,48,8.243604761402528,1.3901674122906993,55
2026-09-09,3M,Homebuilding,49,7.317708760767665,0.4642714116558366,4
2026-09-09,3M,Agricultural Commodities/Milling,50,6.7454351656424825,-0.1080021834693463,28
2026-09-09,3M,Electronic Equipment/Instruments,51,6.340230226692031,-0.5132071224197974,8
2026-09-09,3M,Wireless Telecommunications,52,6.293051966765605,-0.5603853823462241,3
2026-09-09,3M,Industrial Specialties,53,6.169884565412927,-0.6835527836989019,29
2026-09-09,3M,Automotive Aftermarket,54,5.870425655194184,-0.9830116939176444,8
2026-09-09,3M,Financial Conglomerates,55,5.674974465074674,-1.1784628840371552,7
2026-09-09,3M,Office Equipment/Supplies,56,5.625167400719382,-1.2282699483924464,5
2026-09-09,3M,Apparel/Footwear,57,5.561429736195171,-1.2920076129166578,18
2026-09-09,3M,Information Technology Services,58,5.500551373326335,-1.352885975785494,32
2026-09-09,3M,Investment Banks/Brokers,59,4.804549584717541,-2.048887764394288,20
2026-09-09,3M,Steel,60,4.728606254467039,-2.12483109464479,49
2026-09-09,3M,Hospital/Nursing Management,61,4.664386322306251,-2.1890510268055774,19
2026-09-09,3M,Home Furnishings,62,4.664057991212849,-2.1893793578989795,7
2026-09-09,3M,Data Processing Services,63,4.55469152672416,-2.2987458223876684,3
2026-09-09,3M,Engineering & Construction,64,4.457632515881891,-2.395804833229937,55
2026-09-09,3M,Building Products,65,4.353422720135513,-2.500014628976316,12
2026-09-09,3M,Other Metals/Minerals,66,4.294497574769028,-2.558939774342801,17
2026-09-09,3M,Life/Health Insurance,67,4.244601198879528,-2.6088361502323005,8
2026-09-09,3M,Apparel/Footwear Retail,68,4.10941594266867,-2.744021406443159,13
2026-09-09,3M,Miscellaneous Manufacturing,69,3.740816515876846,-3.112620833234983,14
2026-09-09,3M,Real Estate Investment Trusts,70,3.200455616332201,-3.652981732779628,8
2026-09-09,3M,Investment Trusts/Mutual Funds,71,3.072172833582542,-3.781264515529287,4
2026-09-09,3M,Food: Specialty/Candy,72,2.945402022519357,-3.908035326592472,19
2026-09-09,3M,Oil Refining/Marketing,73,2.7621846876826006,-4.091252661429229,10
2026-09-09,3M,Trucking,74,2.082725276857248,-4.770712072254581,3
2026-09-09,3M,Marine Shipping,75,1.9400373856545885,-4.91339996345724,3
2026-09-09,3M,Construction Materials,76,1.685969666091606,-5.167467683020223,21
2026-09-09,3M,Industrial Conglomerates,77,1.1859884608104097,-5.667448888301419,3
2026-09-09,3M,Investment Managers,78,0.9159903815426558,-5.937446967569173,15
2026-09-09,3M,Forest Products,79,0.2934302466123242,-6.560007102499505,3
2026-09-09,3M,Food: Major Diversified,80,0.2707017561246453,-6.582735592987183,5
2026-09-09,3M,Major Banks,81,0.0532228083323943,-6.800214540779434,21
2026-09-09,3M,Financial Publishing/Services,82,-0.1428033634096714,-6.9962407125215,2
2026-09-09,3M,Chemicals: Agricultural,83,-1.3971763377775468,-8.250613686889375,25
2026-09-09,3M,Semiconductors,84,-2.6917221465078294,-9.545159495619655,10
2026-09-09,3M,Household/Personal Care,85,-2.7310844051277567,-9.584521754239583,13
2026-09-09,3M,Aluminum,86,-2.737895410559899,-9.591332759671728,4
2026-09-09,3M,Electric Utilities,87,-4.390404654587242,-11.243842003699072,24
2026-09-09,3M,Gas Distributors,88,-5.824215291657207,-12.677652640769036,6
2026-09-09,3M,Coal,89,-6.6634666002455525,-13.51690394935738,4
2026-09-09,3M,Major Telecommunications,90,-7.585044203065343,-14.438481552177173,6
2026-09-09,3M,Alternative Power Generation,91,-7.859110034147261,-14.71254738325909,10
2026-09-09,3M,Other Consumer Services,92,-8.731570445146026,-15.585007794257857,5
2026-09-09,3M,Specialty Insurance,93,-11.169881222704229,-18.023318571816056,2
2026-09-09,3M,Tobacco,94,-11.491122890752663,-18.34456023986449,3
2026-09-09,3M,Broadcasting,95,-13.670275067391453,-20.52371241650328,3
2026-09-10,3M,Medical Specialties,1,70.31964263937846,64.577740910871,6
2026-09-10,3M,Consumer Sundries,2,55.1912942316498,49.449392503142334,2
2026-09-10,3M,Electronics Distributors,3,50.877834245576594,45.13593251706913,4
2026-09-10,3M,Electronics/Appliance Stores,4,50.379370549137576,44.63746882063011,2
2026-09-10,3M,Oilfield Services/Equipment,5,40.49191456978585,34.750012841278384,3
2026-09-10,3M,Specialty Stores,6,36.0443225210433,30.30242079253584,15
2026-09-10,3M,Electronic Components,7,31.779246142308825,26.03734441380136,4
2026-09-10,3M,Food: Meat/Fish/Dairy,8,31.30296962243312,25.561067893925653,7
2026-09-10,3M,Biotechnology,9,31.056100089148465,25.314198360641,4
2026-09-10,3M,Airlines,10,28.7790318928045,23.03713016429704,4
2026-09-10,3M,Other Consumer Specialties,11,28.67544232068024,22.933540592172776,21
2026-09-10,3M,Containers/Packaging,12,24.286760860315265,18.5448591318078,13
2026-09-10,3M,Internet Software/Services,13,23.909692096246847,18.167790367739386,12
2026-09-10,3M,Oil & Gas Production,14,23.71319469627737,17.971292967769905,3
2026-09-10,3M,Electronic Production Equipment,15,22.02396732390761,16.282065595400145,10
2026-09-10,3M,Internet Retail,16,21.274589462655165,15.5326877341477,4
2026-09-10,3M,Restaurants,17,20.92741863907054,15.185516910563075,7
2026-09-10,3M,Movies/Entertainment,18,20.51810186957017,14.77620014106271,7
2026-09-10,3M,Chemicals: Major Diversified,19,20.297996488867145,14.556094760359676,11
2026-09-10,3M,Industrial Machinery,20,16.942044539293406,11.20014281078594,56
2026-09-10,3M,Metal Fabrication,21,16.716919533870495,10.97501780536303,26
2026-09-10,3M,Personnel Services,22,16.380451804185807,10.638550075678342,2
2026-09-10,3M,Real Estate Development,23,15.31090402746716,9.569002298959695,33
2026-09-10,3M,Auto Parts: OEM,24,15.032085713133876,9.290183984626411,52
2026-09-10,3M,Integrated Oil,25,14.849883365785985,9.10798163727852,4
2026-09-10,3M,Wholesale Distributors,26,14.447826682048504,8.70592495354104,17
2026-09-10,3M,Air Freight/Couriers,27,13.96021501368636,8.218313285178898,10
2026-09-10,3M,Textiles,28,13.741030706439496,7.999128977932034,26
2026-09-10,3M,Pharmaceuticals: Major,29,12.952564093193738,7.210662364686274,84
2026-09-10,3M,Pulp & Paper,30,12.569019361186896,6.827117632679431,4
2026-09-10,3M,Finance/Rental/Leasing,31,12.47614025781134,6.734238529303876,54
2026-09-10,3M,Medical/Nursing Services,32,12.32488722453498,6.582985496027516,12
2026-09-10,3M,Trucks/Construction/Farm Machinery,33,11.859126174790449,6.117224446282983,19
2026-09-10,3M,Other Transportation,34,11.845636388645886,6.103734660138422,4
2026-09-10,3M,Packaged Software,35,11.572820482350645,5.830918753843181,36
2026-09-10,3M,Hotels/Resorts/Cruise lines,36,11.27404959360693,5.532147865099467,13
2026-09-10,3M,Chemicals: Specialty,37,10.818022564661591,5.076120836154128,55
2026-09-10,3M,Electronics/Appliances,38,10.186951540336754,4.44504981182929,7
2026-09-10,3M,Beverages: Alcoholic,39,10.180322914394363,4.438421185886901,9
2026-09-10,3M,Aerospace & Defense,40,10.079183972773167,4.337282244265704,9
2026-09-10,3M,Multi-Line Insurance,41,9.136301339035567,3.3943996105281053,5
2026-09-10,3M,Pharmaceuticals: Other,42,8.864986483155059,3.1230847546475955,6
2026-09-10,3M,Railroads,43,8.486559929494708,2.744658200987245,2
2026-09-10,3M,Motor Vehicles,44,8.350860725405964,2.6089589968985,16
2026-09-10,3M,Miscellaneous Commercial Services,45,8.082193842047593,2.340292113540129,32
2026-09-10,3M,Regional Banks,46,6.954543328901503,1.212641600394039,18
2026-09-10,3M,Electrical Products,47,6.651505705940488,0.909603977433024,55
2026-09-10,3M,Homebuilding,48,6.490941527420279,0.7490397989128157,4
2026-09-10,3M,Telecommunications Equipment,49,6.222660600558574,0.4807588720511102,6
2026-09-10,3M,Industrial Specialties,50,6.069379596736727,0.3274778682292636,28
2026-09-10,3M,Office Equipment/Supplies,51,6.026743156906411,0.2848414283989475,4
2026-09-10,3M,Apparel/Footwear,52,5.952494150666832,0.210592422159368,17
2026-09-10,3M,Automotive Aftermarket,53,5.929045992286552,0.1871442637790883,8
2026-09-10,3M,Agricultural Commodities/Milling,54,5.138180432932934,-0.6037212955745295,27
2026-09-10,3M,Financial Conglomerates,55,5.093859740115372,-0.6480419883920918,8
2026-09-10,3M,Home Furnishings,56,4.942759555419693,-0.7991421730877706,7
2026-09-10,3M,Engineering & Construction,57,4.742775324476025,-0.9991264040314388,59
2026-09-10,3M,Information Technology Services,58,4.691512867832064,-1.0503888606754002,32
2026-09-10,3M,Life/Health Insurance,59,4.355278883245041,-1.3866228452624227,8
2026-09-10,3M,Electronic Equipment/Instruments,60,4.341106427728702,-1.4007953007787617,8
2026-09-10,3M,Hospital/Nursing Management,61,3.419979088202316,-2.3219226403051474,19
2026-09-10,3M,Miscellaneous Manufacturing,62,3.297355078766397,-2.444546649741066,13
2026-09-10,3M,Wireless Telecommunications,63,3.2689176343710367,-2.472984094136427,3
2026-09-10,3M,Apparel/Footwear Retail,64,3.1568445369047327,-2.585057191602731,13
2026-09-10,3M,Building Products,65,3.016674922756161,-2.7252268057513027,12
2026-09-10,3M,Data Processing Services,66,2.983764381887113,-2.7581373466203507,3
2026-09-10,3M,Real Estate Investment Trusts,67,2.9502913947981133,-2.7916103337093503,8
2026-09-10,3M,Investment Banks/Brokers,68,2.7419149060824264,-2.999986822425037,20
2026-09-10,3M,Oil Refining/Marketing,69,2.681912037137254,-3.05998969137021,9
2026-09-10,3M,Trucking,70,2.6456436241104435,-3.09625810439702,3
2026-09-10,3M,Steel,71,2.6119911731405536,-3.12991055536691,49
2026-09-10,3M,Investment Trusts/Mutual Funds,72,2.233591018482654,-3.508310710024809,2
2026-09-10,3M,Food: Specialty/Candy,73,1.78403643412932,-3.957865294378144,19
2026-09-10,3M,Marine Shipping,74,1.556141629403223,-4.1857600991042405,3
2026-09-10,3M,Forest Products,75,1.5158746782295325,-4.226027050277931,4
2026-09-10,3M,Industrial Conglomerates,76,0.7916856953162033,-4.950216033191261,3
2026-09-10,3M,Construction Materials,77,0.7780054521675608,-4.963896276339903,21
2026-09-10,3M,Other Metals/Minerals,78,0.6602168788517647,-5.081684849655699,17
2026-09-10,3M,Food: Major Diversified,79,0.3728153953018702,-5.369086333205593,3
2026-09-10,3M,Investment Managers,80,0.2214501203478663,-5.520451608159597,15
2026-09-10,3M,Financial Publishing/Services,81,-0.8322408485271362,-6.5741425770346,2
2026-09-10,3M,Major Banks,82,-0.9825762737817266,-6.724478002289191,21
2026-09-10,3M,Chemicals: Agricultural,83,-1.5141878812247265,-7.256089609732189,24
2026-09-10,3M,Semiconductors,84,-2.17495672262963,-7.916858451137093,10
2026-09-10,3M,Publishing: Newspapers,85,-2.800764638862597,-8.54266636737006,2
2026-09-10,3M,Household/Personal Care,86,-2.8794060728665616,-8.621307801374025,12
2026-09-10,3M,Electric Utilities,87,-5.057669365370533,-10.799571093877995,24
2026-09-10,3M,Gas Distributors,88,-5.692941521163434,-11.434843249670898,6
2026-09-10,3M,Aluminum,89,-7.181867069871522,-12.923768798378989,4
2026-09-10,3M,Alternative Power Generation,90,-7.203237561624541,-12.945139290132005,10
2026-09-10,3M,Coal,91,-7.962684041880003,-13.704585770387467,4
2026-09-10,3M,Major Telecommunications,92,-7.966970648677526,-13.708872377184989,6
2026-09-10,3M,Other Consumer Services,93,-9.51818608986246,-15.260087818369922,5
2026-09-10,3M,Specialty Insurance,94,-11.61086964942863,-17.352771377936094,2
2026-09-10,3M,Tobacco,95,-12.328811971091918,-18.07071369959938,3
2026-09-10,3M,Broadcasting,96,-17.51551723652157,-23.25741896502904,3
2026-09-11,3M,Medical Specialties,1,70.28789739701806,64.9678127283475,6
2026-09-11,3M,Consumer Sundries,2,53.3220724318223,48.00198776315175,2
2026-09-11,3M,Electronics Distributors,3,53.26828132198362,47.94819665331306,4
2026-09-11,3M,Electronics/Appliance Stores,4,49.930176809831536,44.610092141160976,2
2026-09-11,3M,Oilfield Services/Equipment,5,39.917197529333976,34.597112860663415,3
2026-09-11,3M,Food: Meat/Fish/Dairy,6,35.70472162812666,30.384636959456103,7
2026-09-11,3M,Specialty Stores,7,35.17855032300413,29.85846565433357,15
2026-09-11,3M,Biotechnology,8,32.294689909721605,26.974605241051048,4
2026-09-11,3M,Airlines,9,32.11643264577094,26.796347977100385,4
2026-09-11,3M,Electronic Components,10,29.087431047354528,23.76734637868397,4
2026-09-11,3M,Other Consumer Specialties,11,28.74375868344172,23.42367401477117,20
2026-09-11,3M,Internet Software/Services,12,23.979220371032632,18.659135702362075,13
2026-09-11,3M,Oil & Gas Production,13,23.77140901653528,18.451324347864723,3
2026-09-11,3M,Containers/Packaging,14,23.152869545887995,17.83278487721744,12
2026-09-11,3M,Internet Retail,15,22.64080922915842,17.320724560487864,4
2026-09-11,3M,Electronic Production Equipment,16,22.3562855019933,17.03620083332274,9
2026-09-11,3M,Chemicals: Major Diversified,17,21.31174334635733,15.991658677686775,11
2026-09-11,3M,Restaurants,18,20.851999629725785,15.531914961055229,7
2026-09-11,3M,Movies/Entertainment,19,19.48430940221333,14.164224733542778,9
2026-09-11,3M,Industrial Machinery,20,16.908364590893584,11.588279922223029,55
2026-09-11,3M,Metal Fabrication,21,16.157171908313217,10.83708723964266,27
2026-09-11,3M,Wholesale Distributors,22,15.22985071224448,9.909766043573924,17
2026-09-11,3M,Integrated Oil,23,15.217353631807516,9.89726896313696,5
2026-09-11,3M,Auto Parts: OEM,24,14.555978951828475,9.235894283157918,51
2026-09-11,3M,Personnel Services,25,14.493133757664776,9.17304908899422,2
2026-09-11,3M,Textiles,26,13.88361672566243,8.563532056991873,26
2026-09-11,3M,Air Freight/Couriers,27,13.385789973809418,8.065705305138861,11
2026-09-11,3M,Pulp & Paper,28,13.147065582601565,7.826980913931008,4
2026-09-11,3M,Pharmaceuticals: Major,29,12.709022874491986,7.388938205821429,86
2026-09-11,3M,Packaged Software,30,12.574455890973654,7.254371222303098,36
2026-09-11,3M,Real Estate Development,31,12.311677515538374,6.9915928468678175,35
2026-09-11,3M,Finance/Rental/Leasing,32,12.120080744515784,6.799996075845227,55
2026-09-11,3M,Hotels/Resorts/Cruise lines,33,11.361787310999334,6.041702642328778,14
2026-09-11,3M,Medical/Nursing Services,34,11.335117461287863,6.015032792617308,10
2026-09-11,3M,Other Transportation,35,10.686807558243734,5.366722889573177,4
2026-09-11,3M,Trucks/Construction/Farm Machinery,36,10.080416086997143,4.760331418326587,20
2026-09-11,3M,Beverages: Alcoholic,37,9.522636207595504,4.202551538924947,9
2026-09-11,3M,Aerospace & Defense,38,9.502895263372316,4.182810594701758,9
2026-09-11,3M,Chemicals: Specialty,39,9.48870811581583,4.168623447145274,53
2026-09-11,3M,Multi-Line Insurance,40,9.42465899065483,4.104574321984273,5
2026-09-11,3M,Pharmaceuticals: Other,41,8.993198242615668,3.673113573945111,6
2026-09-11,3M,Miscellaneous Commercial Services,42,8.450742478237979,3.1306578095674222,33
2026-09-11,3M,Electronics/Appliances,43,8.179232432948154,2.8591477642775978,9
2026-09-11,3M,Railroads,44,7.528422444183314,2.2083377755127573,2
2026-09-11,3M,Motor Vehicles,45,7.433792545977695,2.1137078773071387,16
2026-09-11,3M,Financial Conglomerates,46,7.347086977616088,2.027002308945532,6
2026-09-11,3M,Electrical Products,47,7.137876346961486,1.817791678290929,55
2026-09-11,3M,Regional Banks,48,6.466761062242464,1.1466763935719069,19
2026-09-11,3M,Automotive Aftermarket,49,6.004204984387786,0.6841203157172293,6
2026-09-11,3M,Telecommunications Equipment,50,5.877694632893918,0.557609964223361,6
2026-09-11,3M,Office Equipment/Supplies,51,5.78400019520615,0.463915526535593,5
2026-09-11,3M,Industrial Specialties,52,5.731488818173556,0.4114041495029994,27
2026-09-11,3M,Electronic Equipment/Instruments,53,5.611457007860604,0.2913723391900475,8
2026-09-11,3M,Information Technology Services,54,5.404807487140781,0.0847228184702242,31
2026-09-11,3M,Investment Trusts/Mutual Funds,55,5.157168200692285,-0.1629164679782713,3
2026-09-11,3M,Homebuilding,56,5.092882036761662,-0.2272026319088951,4
2026-09-11,3M,Agricultural Commodities/Milling,57,4.631967107103189,-0.6881175615673678,26
2026-09-11,3M,Engineering & Construction,58,4.535313257003748,-0.7847714116668092,58
2026-09-11,3M,Home Furnishings,59,4.420583272412038,-0.8995013962585183,7
2026-09-11,3M,Life/Health Insurance,60,3.519757070172049,-1.800327598498508,8
2026-09-11,3M,Wireless Telecommunications,61,3.3703170060573497,-1.949767662613207,3
2026-09-11,3M,Apparel/Footwear,62,3.139537312034536,-2.180547356636021,18
2026-09-11,3M,Real Estate Investment Trusts,63,3.0095680072596336,-2.310516661410923,8
2026-09-11,3M,Investment Banks/Brokers,64,2.9748385595568867,-2.34524610911367,21
2026-09-11,3M,Hospital/Nursing Management,65,2.418296943897204,-2.901787724773353,20
2026-09-11,3M,Apparel/Footwear Retail,66,2.3863054745037653,-2.9337791941667914,13
2026-09-11,3M,Trucking,67,2.262030472237628,-3.058054196432929,3
2026-09-11,3M,Marine Shipping,68,1.8490606309314923,-3.471024037739064,3
2026-09-11,3M,Building Products,69,1.809127121947759,-3.510957546722798,12
2026-09-11,3M,Oil Refining/Marketing,70,1.3464925448351837,-3.973592123835373,10
2026-09-11,3M,Data Processing Services,71,1.3007138622366925,-4.019370806433864,3
2026-09-11,3M,Food: Specialty/Candy,72,1.1777878922567997,-4.142296776413757,19
2026-09-11,3M,Miscellaneous Manufacturing,73,1.165436889757343,-4.154647778913214,14
2026-09-11,3M,Steel,74,0.8440627586654555,-4.476021910005101,50
2026-09-11,3M,Forest Products,75,0.3974248729792629,-4.922659795691294,5
2026-09-11,3M,Construction Materials,76,0.0375955060112729,-5.282489162659284,22
2026-09-11,3M,Investment Managers,77,-0.1166266388624791,-5.436711307533036,14
2026-09-11,3M,Major Banks,78,-0.3407834398861363,-5.660868108556693,22
2026-09-11,3M,Industrial Conglomerates,79,-0.3412505077521377,-5.661335176422695,4
2026-09-11,3M,Semiconductors,80,-0.8217048131905264,-6.141789481861083,10
2026-09-11,3M,Food: Major Diversified,81,-1.2558225152980271,-6.575907183968583,5
2026-09-11,3M,Other Metals/Minerals,82,-2.0589260683605755,-7.379010737031132,17
2026-09-11,3M,Financial Publishing/Services,83,-2.1297057941477124,-7.449790462818269,2
2026-09-11,3M,Chemicals: Agricultural,84,-2.6508496387984373,-7.970934307468994,27
2026-09-11,3M,Household/Personal Care,85,-3.364757348871941,-8.684842017542497,12
2026-09-11,3M,Electric Utilities,86,-5.935080265094913,-11.255164933765473,23
2026-09-11,3M,Gas Distributors,87,-6.724238965727846,-12.044323634398404,6
2026-09-11,3M,Alternative Power Generation,88,-7.623872557887661,-12.94395722655822,10
2026-09-11,3M,Major Telecommunications,89,-8.01633158872459,-13.336416257395149,6
2026-09-11,3M,Coal,90,-8.080130852139101,-13.400215520809658,4
2026-09-11,3M,Other Consumer Services,91,-9.374329698845427,-14.694414367515984,5
2026-09-11,3M,Aluminum,92,-9.76778698692262,-15.087871655593178,4
2026-09-11,3M,Specialty Insurance,93,-11.001944605849316,-16.32202927451987,2
2026-09-11,3M,Tobacco,94,-12.97849226028408,-18.29857692895464,3
2026-09-11,3M,Broadcasting,95,-16.696969020036985,-22.01705368870754,3
2026-09-14,3M,Medical Specialties,1,70.77924059716543,65.41093055261798,6
2026-09-14,3M,Consumer Sundries,2,53.3220724318223,47.95376238727485,2
2026-09-14,3M,Electronics Distributors,3,53.268281321983565,47.89997127743612,4
2026-09-14,3M,Electronics/Appliance Stores,4,49.930176809831536,44.561866765284094,2
2026-09-14,3M,Oilfield Services/Equipment,5,39.917197529333976,34.54888748478653,3
2026-09-14,3M,Food: Meat/Fish/Dairy,6,35.8270279858887,30.45871794134125,7
2026-09-14,3M,Specialty Stores,7,35.363845114913886,29.99553507036644,14
2026-09-14,3M,Biotechnology,8,32.29468990972018,26.92637986517273,4
2026-09-14,3M,Airlines,9,32.1164326457705,26.748122601223056,4
2026-09-14,3M,Electronic Components,10,29.08743104735489,23.719121002807444,4
2026-09-14,3M,Other Consumer Specialties,11,28.925817220265674,23.55750717571823,20
2026-09-14,3M,Internet Software/Services,12,23.954365705665456,18.58605566111801,13
2026-09-14,3M,Oil & Gas Production,13,23.77140901653528,18.40309897198784,3
2026-09-14,3M,Containers/Packaging,14,23.184974755677224,17.81666471112978,12
2026-09-14,3M,Internet Retail,15,22.64080922915842,17.272499184610975,4
2026-09-14,3M,Electronic Production Equipment,16,22.27462521946481,16.906315174917363,9
2026-09-14,3M,Chemicals: Major Diversified,17,21.65587668962221,16.287566645074765,11
2026-09-14,3M,Restaurants,18,21.006623908344626,15.638313863797176,7
2026-09-14,3M,Movies/Entertainment,19,19.58033629212067,14.212026247573224,9
2026-09-14,3M,Industrial Machinery,20,16.652320989139476,11.28401094459203,56
2026-09-14,3M,Metal Fabrication,21,16.084692776891302,10.716382732343856,27
2026-09-14,3M,Wholesale Distributors,22,15.295113412873942,9.926803368326496,17
2026-09-14,3M,Integrated Oil,23,15.213148396555118,9.844838352007672,5
2026-09-14,3M,Auto Parts: OEM,24,14.600537351267016,9.23222730671957,51
2026-09-14,3M,Textiles,25,14.574604183613312,9.206294139065866,26
2026-09-14,3M,Personnel Services,26,14.493133757664776,9.12482371311733,2
2026-09-14,3M,Air Freight/Couriers,27,13.548173389926411,8.179863345378966,11
2026-09-14,3M,Pulp & Paper,28,13.147065582601686,7.77875553805424,4
2026-09-14,3M,Packaged Software,29,12.813129526958432,7.444819482410987,36
2026-09-14,3M,Pharmaceuticals: Major,30,12.729057705403209,7.360747660855763,87
2026-09-14,3M,Real Estate Development,31,12.250900162710067,6.8825901181626215,35
2026-09-14,3M,Finance/Rental/Leasing,32,12.193867239120074,6.825557194572628,56
2026-09-14,3M,Hotels/Resorts/Cruise lines,33,11.399689612913749,6.031379568366303,14
2026-09-14,3M,Medical/Nursing Services,34,11.351181717651905,5.982871673104457,10
2026-09-14,3M,Other Transportation,35,10.6868075582437,5.318497513696254,4
2026-09-14,3M,Trucks/Construction/Farm Machinery,36,10.24791350124377,4.879603456696325,20
2026-09-14,3M,Chemicals: Specialty,37,9.54098032047892,4.172670275931473,53
2026-09-14,3M,Beverages: Alcoholic,38,9.480623704529275,4.112313659981831,9
2026-09-14,3M,Aerospace & Defense,39,9.47387297209182,4.105562927544375,9
2026-09-14,3M,Multi-Line Insurance,40,9.392513536930226,4.02420349238278,5
2026-09-14,3M,Pharmaceuticals: Other,41,8.951902581019773,3.583592536472328,6
2026-09-14,3M,Miscellaneous Commercial Services,42,8.643912633504316,3.27560258895687,33
2026-09-14,3M,Electronics/Appliances,43,8.236350396843848,2.8680403522964024,9
2026-09-14,3M,Railroads,44,7.528422444183314,2.160112399635868,2
2026-09-14,3M,Motor Vehicles,45,7.461233624892702,2.092923580345256,16
2026-09-14,3M,Electrical Products,46,7.438910891890314,2.0706008473428685,55
2026-09-14,3M,Financial Conglomerates,47,7.347555975828133,1.979245931280687,6
2026-09-14,3M,Regional Banks,48,6.454974671206928,1.0866646266594824,19
2026-09-14,3M,Automotive Aftermarket,49,5.997952743339619,0.629642698792173,6
2026-09-14,3M,Telecommunications Equipment,50,5.945385233937234,0.5770751893897881,6
2026-09-14,3M,Electronic Equipment/Instruments,51,5.8282641483067055,0.4599541037592596,8
2026-09-14,3M,Office Equipment/Supplies,52,5.785783742136873,0.4174736975894273,5
2026-09-14,3M,Information Technology Services,53,5.598882961715589,0.2305729171681427,31
2026-09-14,3M,Industrial Specialties,54,5.233060947674263,-0.1352490968731832,27
2026-09-14,3M,Investment Trusts/Mutual Funds,55,5.157168200692285,-0.2111418438551604,3
2026-09-14,3M,Homebuilding,56,5.092882036761585,-0.2754280077858606,4
2026-09-14,3M,Engineering & Construction,57,4.840088686286784,-0.5282213582606623,58
2026-09-14,3M,Apparel/Footwear,58,4.714181418015152,-0.6541286265322936,18
2026-09-14,3M,Agricultural Commodities/Milling,59,4.60883214434917,-0.7594779001982754,26
2026-09-14,3M,Home Furnishings,60,4.46066049065093,-0.9076495538965156,7
2026-09-14,3M,Life/Health Insurance,61,3.5093880564375906,-1.8589219881098555,8
2026-09-14,3M,Wireless Telecommunications,62,3.3703170060573493,-1.9979930384900968,3
2026-09-14,3M,Real Estate Investment Trusts,63,3.001699758179804,-2.3666102863676417,8
2026-09-14,3M,Investment Banks/Brokers,64,2.9317359108274643,-2.436574133719981,21
2026-09-14,3M,Hospital/Nursing Management,65,2.4072495206073388,-2.961060523940107,20
2026-09-14,3M,Apparel/Footwear Retail,66,2.394928704263105,-2.973381340284341,13
2026-09-14,3M,Trucking,67,2.2620304722376297,-3.106279572309816,3
2026-09-14,3M,Building Products,68,1.8556424904438025,-3.5126675541036434,12
2026-09-14,3M,Marine Shipping,69,1.8490606309314923,-3.5192494136159533,3
2026-09-14,3M,Food: Specialty/Candy,70,1.3062477870051583,-4.062062257542287,19
2026-09-14,3M,Data Processing Services,71,1.3007138622366925,-4.067596182310753,3
2026-09-14,3M,Oil Refining/Marketing,72,1.295771944037363,-4.072538100510083,10
2026-09-14,3M,Miscellaneous Manufacturing,73,1.2519352099245211,-4.116374834622924,14
2026-09-14,3M,Steel,74,0.8977288319566532,-4.470581212590792,50
2026-09-14,3M,Forest Products,75,0.4674852170604004,-4.900824827487045,5
2026-09-14,3M,Construction Materials,76,0.0409252599010153,-5.327384784646431,22
2026-09-14,3M,Investment Managers,77,-0.0625814635729265,-5.430891508120372,14
2026-09-14,3M,Major Banks,78,-0.3237334368862716,-5.692043481433718,22
2026-09-14,3M,Industrial Conglomerates,79,-0.3412505077521363,-5.709560552299582,4
2026-09-14,3M,Semiconductors,80,-0.8019650632649573,-6.170275107812403,10
2026-09-14,3M,Food: Major Diversified,81,-1.2319605519475996,-6.600270596495045,5
2026-09-14,3M,Other Metals/Minerals,82,-2.0362563875544413,-7.404566432101888,17
2026-09-14,3M,Financial Publishing/Services,83,-2.1297057941477124,-7.498015838695158,2
2026-09-14,3M,Chemicals: Agricultural,84,-2.639334244841089,-8.007644289388535,27
2026-09-14,3M,Household/Personal Care,85,-3.2922813313410626,-8.660591375888508,12
2026-09-14,3M,Electric Utilities,86,-5.927769133981438,-11.296079178528885,23
2026-09-14,3M,Gas Distributors,87,-6.553078171407559,-11.921388215955004,6
2026-09-14,3M,Alternative Power Generation,88,-7.568680022703609,-12.936990067251056,10
2026-09-14,3M,Major Telecommunications,89,-7.873003931016439,-13.241313975563884,6
2026-09-14,3M,Coal,90,-8.080130852139078,-13.448440896686524,4
2026-09-14,3M,Other Consumer Services,91,-9.347495490826564,-14.71580553537401,5
2026-09-14,3M,Aluminum,92,-9.767786986922763,-15.13609703147021,4
2026-09-14,3M,Specialty Insurance,93,-11.001944605849316,-16.37025465039676,2
2026-09-14,3M,Tobacco,94,-12.97849226028408,-18.346802304831527,3
2026-09-14,3M,Broadcasting,95,-16.696969020036985,-22.06527906458443,3
2026-09-15,3M,Medical Specialties,1,59.82000123754756,59.56747014710108,6
2026-09-15,3M,Electronics Distributors,2,42.035962101693215,41.78343101124674,4
2026-09-15,3M,Consumer Sundries,3,40.32553557349534,40.07300448304886,2
2026-09-15,3M,Specialty Stores,4,37.783297208533725,37.53076611808725,13
2026-09-15,3M,Oilfield Services/Equipment,5,37.16601555732521,36.913484466878735,3
2026-09-15,3M,Electronics/Appliance Stores,6,34.325039279671266,34.07250818922479,2
2026-09-15,3M,Biotechnology,7,32.79567610605467,32.5431450156082,4
2026-09-15,3M,Food: Meat/Fish/Dairy,8,30.54668288507666,30.294151794630185,7
2026-09-15,3M,Oil & Gas Production,9,25.02854925577796,24.77601816533149,3
2026-09-15,3M,Electronic Components,10,19.99633602695407,19.7438049365076,4
2026-09-15,3M,Airlines,11,18.74126672156072,18.48873563111424,4
2026-09-15,3M,Other Consumer Specialties,12,17.827697318187102,17.575166227740628,20
2026-09-15,3M,Internet Software/Services,13,15.682459983386746,15.42992889294027,12
2026-09-15,3M,Movies/Entertainment,14,15.59907836341823,15.346547272971751,9
2026-09-15,3M,Containers/Packaging,15,13.33821809159511,13.085687001148631,13
2026-09-15,3M,Restaurants,16,13.145914838636411,12.893383748189937,7
2026-09-15,3M,Personnel Services,17,11.97272803384918,11.720196943402703,2
2026-09-15,3M,Pharmaceuticals: Major,18,11.54505103498725,11.292519944540771,85
2026-09-15,3M,Integrated Oil,19,10.993795115765623,10.741264025319149,4
2026-09-15,3M,Pulp & Paper,20,9.80861123373055,9.556080143284074,4
2026-09-15,3M,Internet Retail,21,9.773685323969318,9.52115423352284,4
2026-09-15,3M,Metal Fabrication,22,9.359095344086974,9.106564253640498,28
2026-09-15,3M,Electronic Production Equipment,23,9.29513565687302,9.042604566426544,10
2026-09-15,3M,Packaged Software,24,9.230411468913182,8.977880378466706,36
2026-09-15,3M,Chemicals: Major Diversified,25,9.050386610378943,8.797855519932467,11
2026-09-15,3M,Industrial Machinery,26,8.346207330364292,8.093676239917816,57
2026-09-15,3M,Auto Parts: OEM,27,8.256740713324296,8.00420962287782,51
2026-09-15,3M,Medical/Nursing Services,28,7.975794386524617,7.723263296078142,10
2026-09-15,3M,Pharmaceuticals: Other,29,7.45735730900411,7.204826218557635,6
2026-09-15,3M,Textiles,30,6.840944579387455,6.588413488940979,25
2026-09-15,3M,Wholesale Distributors,31,6.72267075055758,6.470139660111104,16
2026-09-15,3M,Beverages: Alcoholic,32,5.980870468214398,5.728339377767923,9
2026-09-15,3M,Miscellaneous Commercial Services,33,4.698127441497286,4.445596351050811,32
2026-09-15,3M,Information Technology Services,34,4.340298140422514,4.087767049976039,33
2026-09-15,3M,Electronics/Appliances,35,4.25320298933706,4.000671898890585,9
2026-09-15,3M,Air Freight/Couriers,36,4.147725790514462,3.8951947000679854,10
2026-09-15,3M,Hotels/Resorts/Cruise lines,37,3.781253417166996,3.52872232672052,15
2026-09-15,3M,Real Estate Investment Trusts,38,3.5606753590309506,3.308144268584475,7
2026-09-15,3M,Chemicals: Specialty,39,3.069435286528271,2.816904196081796,54
2026-09-15,3M,Motor Vehicles,40,2.624922737787788,2.3723916473413125,16
2026-09-15,3M,Other Transportation,41,2.514003789535363,2.261472699088888,4
2026-09-15,3M,Investment Trusts/Mutual Funds,42,2.3648977303032948,2.11236663985682,3
2026-09-15,3M,Hospital/Nursing Management,43,2.1095195479144104,1.856988457467935,20
2026-09-15,3M,Office Equipment/Supplies,44,1.9863342302870888,1.7338031398406135,5
2026-09-15,3M,Finance/Rental/Leasing,45,1.6454979731986947,1.3929668827522192,55
2026-09-15,3M,Regional Banks,46,1.0978152521239384,0.8452841616774629,19
2026-09-15,3M,Real Estate Development,47,1.0003367938441492,0.7478057033976737,35
2026-09-15,3M,Wireless Telecommunications,48,0.4232910922669294,0.1707600018204538,3
2026-09-15,3M,Home Furnishings,49,0.4085425306105442,0.1560114401640687,7
2026-09-15,3M,Multi-Line Insurance,50,0.2730125612261767,0.0204814707797011,4
2026-09-15,3M,Telecommunications Equipment,51,0.1327954054778208,-0.1197356849686546,6
2026-09-15,3M,Trucks/Construction/Farm Machinery,52,0.0597261711094933,-0.1928049193369822,20
2026-09-15,3M,Apparel/Footwear,53,0.0059783963159198,-0.2465526941305557,18
2026-09-15,3M,Railroads,54,-0.1305525155175657,-0.3830836059640413,2
2026-09-15,3M,Aerospace & Defense,55,-0.2466795503752301,-0.4992106408217056,9
2026-09-15,3M,Electrical Products,56,-0.504337025251424,-0.7568681156978996,55
2026-09-15,3M,Apparel/Footwear Retail,57,-0.8073664440647594,-1.059897534511235,13
2026-09-15,3M,Homebuilding,58,-0.8957674321230154,-1.1482985225694908,4
2026-09-15,3M,Agricultural Commodities/Milling,59,-1.39074738765306,-1.6432784780995355,26
2026-09-15,3M,Electronic Equipment/Instruments,60,-1.521978320022205,-1.7745094104686805,8
2026-09-15,3M,Data Processing Services,61,-1.642513056712721,-1.8950441471591968,3
2026-09-15,3M,Marine Shipping,62,-1.703058019342888,-1.955589109789364,3
2026-09-15,3M,Industrial Specialties,63,-1.806993641092449,-2.0595247315389247,28
2026-09-15,3M,Financial Conglomerates,64,-1.833486094357554,-2.086017184804029,9
2026-09-15,3M,Food: Major Diversified,65,-2.183255375326397,-2.435786465772872,5
2026-09-15,3M,Food: Specialty/Candy,66,-2.299195080093343,-2.551726170539818,19
2026-09-15,3M,Steel,67,-2.4685462044711937,-2.721077294917669,50
2026-09-15,3M,Trucking,68,-2.675004441756183,-2.9275355322026586,3
2026-09-15,3M,Oil Refining/Marketing,69,-2.8494460464872025,-3.101977136933678,10
2026-09-15,3M,Investment Banks/Brokers,70,-2.997078382053626,-3.249609472500102,21
2026-09-15,3M,Miscellaneous Manufacturing,71,-3.4584066157106856,-3.710937706157161,14
2026-09-15,3M,Life/Health Insurance,72,-3.5786784186700347,-3.83120950911651,9
2026-09-15,3M,Engineering & Construction,73,-3.741894906307798,-3.9944259967542735,59
2026-09-15,3M,Automotive Aftermarket,74,-4.009392241620441,-4.2619233320669165,7
2026-09-15,3M,Investment Managers,75,-4.117877714370161,-4.370408804816637,16
2026-09-15,3M,Building Products,76,-4.5148536103241605,-4.767384700770636,12
2026-09-15,3M,Major Banks,77,-4.562573637738948,-4.815104728185424,22
2026-09-15,3M,Other Metals/Minerals,78,-4.649534745066353,-4.902065835512828,17
2026-09-15,3M,Household/Personal Care,79,-4.956539136608093,-5.209070227054569,13
2026-09-15,3M,Financial Publishing/Services,80,-5.180125189124869,-5.432656279571344,2
2026-09-15,3M,Industrial Conglomerates,81,-5.237396546587892,-5.489927637034367,4
2026-09-15,3M,Construction Materials,82,-5.677887900121966,-5.930418990568442,22
2026-09-15,3M,Semiconductors,83,-6.442093919562021,-6.6946250100084965,10
2026-09-15,3M,Publishing: Newspapers,84,-7.715849155134469,-7.968380245580945,2
2026-09-15,3M,Chemicals: Agricultural,85,-8.073901979223896,-8.326433069670372,25
2026-09-15,3M,Forest Products,86,-8.51038296430386,-8.762914054750336,5
2026-09-15,3M,Alternative Power Generation,87,-8.585819535338738,-8.838350625785214,10
2026-09-15,3M,Electric Utilities,88,-8.713128974085087,-8.965660064531564,24
2026-09-15,3M,Aluminum,89,-10.43808596438113,-10.690617054827609,4
2026-09-15,3M,Coal,90,-11.466331678415916,-11.718862768862394,4
2026-09-15,3M,Specialty Insurance,91,-11.51790193967372,-11.770433030120197,2
2026-09-15,3M,Gas Distributors,92,-12.453311496514733,-12.705842586961207,6
2026-09-15,3M,Major Telecommunications,93,-12.612302603095376,-12.864833693541852,6
2026-09-15,3M,Other Consumer Services,94,-13.093028145406356,-13.345559235852832,5
2026-09-15,3M,Tobacco,95,-14.963527718258348,-15.216058808704824,3
2026-09-15,3M,Broadcasting,96,-21.28910714660097,-21.541638237047444,3
2026-09-16,3M,Medical Specialties,1,53.727478868365054,53.64254078247585,6
2026-09-16,3M,Oilfield Services/Equipment,2,45.06923429733836,44.98429621144916,3
2026-09-16,3M,Consumer Sundries,3,38.32565542904159,38.24071734315238,2
2026-09-16,3M,Electronics Distributors,4,37.31047399273467,37.225535906845465,4
2026-09-16,3M,Specialty Stores,5,35.11801899297249,35.03308090708328,13
2026-09-16,3M,Biotechnology,6,30.491619130102546,30.40668104421333,4
2026-09-16,3M,Food: Meat/Fish/Dairy,7,28.89447470278977,28.80953661690056,7
2026-09-16,3M,Electronics/Appliance Stores,8,26.6597932203948,26.57485513450559,2
2026-09-16,3M,Oil & Gas Production,9,25.194207782525083,25.10926969663588,3
2026-09-16,3M,Engineering & Construction,10,18.92211531368672,18.83717722779751,60
2026-09-16,3M,Other Consumer Specialties,11,17.780894410023205,17.695956324133995,20
2026-09-16,3M,Movies/Entertainment,12,16.880253896695635,16.795315810806425,9
2026-09-16,3M,Airlines,13,16.70849542156899,16.62355733567978,4
2026-09-16,3M,Electronic Components,14,16.67320183884319,16.58826375295398,4
2026-09-16,3M,Integrated Oil,15,16.667416329954662,16.582478244065452,5
2026-09-16,3M,Restaurants,16,13.876780716229002,13.791842630339794,7
2026-09-16,3M,Pulp & Paper,17,13.205561601177388,13.12062351528818,3
2026-09-16,3M,Containers/Packaging,18,12.192302801149593,12.107364715260385,13
2026-09-16,3M,Internet Software/Services,19,11.702533774645364,11.617595688756156,12
2026-09-16,3M,Pharmaceuticals: Major,20,11.404792576710785,11.319854490821577,84
2026-09-16,3M,Chemicals: Major Diversified,21,9.970877625848049,9.88593953995884,11
2026-09-16,3M,Auto Parts: OEM,22,8.711483714065217,8.62654562817601,53
2026-09-16,3M,Medical/Nursing Services,23,8.41209440509694,8.327156319207733,11
2026-09-16,3M,Internet Retail,24,8.316801444436017,8.231863358546809,4
2026-09-16,3M,Air Freight/Couriers,25,7.908273321500094,7.8233352356108865,12
2026-09-16,3M,Metal Fabrication,26,7.754793003587104,7.669854917697896,27
2026-09-16,3M,Packaged Software,27,7.693086057595418,7.60814797170621,36
2026-09-16,3M,Textiles,28,7.128743529642692,7.0438054437534845,27
2026-09-16,3M,Beverages: Alcoholic,29,6.872212498265178,6.78727441237597,9
2026-09-16,3M,Wholesale Distributors,30,6.570332535649348,6.48539444976014,16
2026-09-16,3M,Electronic Production Equipment,31,6.556292041918595,6.471353956029387,10
2026-09-16,3M,Pharmaceuticals: Other,32,5.359477125739899,5.274539039850692,6
2026-09-16,3M,Industrial Machinery,33,5.309972552468885,5.225034466579677,57
2026-09-16,3M,Real Estate Investment Trusts,34,3.871411556008136,3.786473470118928,8
2026-09-16,3M,Electronics/Appliances,35,3.552209102970968,3.46727101708176,8
2026-09-16,3M,Miscellaneous Commercial Services,36,3.5441216190388607,3.4591835331496528,32
2026-09-16,3M,Hotels/Resorts/Cruise lines,37,3.431225631275128,3.34628754538592,15
2026-09-16,3M,Motor Vehicles,38,3.3675839158208207,3.282645829931613,16
2026-09-16,3M,Information Technology Services,39,3.145091267730467,3.060153181841259,32
2026-09-16,3M,Chemicals: Specialty,40,3.0534353302700032,2.968497244380796,55
2026-09-16,3M,Investment Trusts/Mutual Funds,41,2.434484237296641,2.349546151407433,4
2026-09-16,3M,Real Estate Development,42,2.236528391873323,2.151590305984115,37
2026-09-16,3M,Hospital/Nursing Management,43,2.164927575579698,2.0799894896904902,20
2026-09-16,3M,Regional Banks,44,2.0143651401081035,1.929427054218896,18
2026-09-16,3M,Finance/Rental/Leasing,45,1.1736662856933804,1.0887281998041725,56
2026-09-16,3M,Agricultural Commodities/Milling,46,0.4820665961152393,0.3971285102260312,26
2026-09-16,3M,Office Equipment/Supplies,47,-0.0110919468513563,-0.0960300327405644,5
2026-09-16,3M,Railroads,48,-0.0517052179960693,-0.1366433038852773,2
2026-09-16,3M,Home Furnishings,49,-0.1445507120625001,-0.2294887979517081,7
2026-09-16,3M,Food: Major Diversified,50,-0.291167853518963,-0.376105939408171,4
2026-09-16,3M,Other Transportation,51,-0.4417034664941814,-0.5266415523833895,4
2026-09-16,3M,Multi-Line Insurance,52,-0.593515942930406,-0.678454028819614,4
2026-09-16,3M,Homebuilding,53,-0.835916286922691,-0.9208543728118992,4
2026-09-16,3M,Telecommunications Equipment,54,-1.090850878012449,-1.175788963901657,5
2026-09-16,3M,Apparel/Footwear,55,-1.1892781498708516,-1.2742162357600595,18
2026-09-16,3M,Food: Specialty/Candy,56,-1.502758077739536,-1.587696163628744,20
2026-09-16,3M,Wireless Telecommunications,57,-1.702388880106769,-1.7873269659959772,3
2026-09-16,3M,Marine Shipping,58,-1.951450503689407,-2.036388589578615,3
2026-09-16,3M,Electronic Equipment/Instruments,59,-2.3866632395807,-2.471601325469908,8
2026-09-16,3M,Trucks/Construction/Farm Machinery,60,-2.3965117549545467,-2.481449840843754,20
2026-09-16,3M,Apparel/Footwear Retail,61,-2.408796478834718,-2.4937345647239257,13
2026-09-16,3M,Financial Conglomerates,62,-2.448457938998469,-2.533396024887677,9
2026-09-16,3M,Data Processing Services,63,-2.4818891493435,-2.5668272352327075,3
2026-09-16,3M,Industrial Specialties,64,-2.6365896759967624,-2.7215277618859703,27
2026-09-16,3M,Steel,65,-2.952289010119418,-3.037227096008626,49
2026-09-16,3M,Investment Banks/Brokers,66,-3.1178705187382203,-3.202808604627428,20
2026-09-16,3M,Electrical Products,67,-3.4495621735960182,-3.534500259485226,55
2026-09-16,3M,Miscellaneous Manufacturing,68,-3.4570110323891874,-3.541949118278396,12
2026-09-16,3M,Life/Health Insurance,69,-3.543241810354401,-3.628179896243609,9
2026-09-16,3M,Household/Personal Care,70,-3.559385049293466,-3.644323135182674,13
2026-09-16,3M,Oil Refining/Marketing,71,-4.257519371676172,-4.34245745756538,8
2026-09-16,3M,Trucking,72,-4.421106269533213,-4.5060443554224205,3
2026-09-16,3M,Major Banks,73,-4.736612613143761,-4.821550699032969,22
2026-09-16,3M,Automotive Aftermarket,74,-4.804019926120049,-4.888958012009257,6
2026-09-16,3M,Other Metals/Minerals,75,-5.142005910155874,-5.226943996045082,17
2026-09-16,3M,Investment Managers,76,-5.215029441590263,-5.299967527479471,15
2026-09-16,3M,Aerospace & Defense,77,-5.591216327666871,-5.676154413556079,9
2026-09-16,3M,Financial Publishing/Services,78,-5.595605865525556,-5.680543951414764,2
2026-09-16,3M,Building Products,79,-5.844270424276957,-5.929208510166165,11
2026-09-16,3M,Construction Materials,80,-5.966659150155908,-6.051597236045116,22
2026-09-16,3M,Industrial Conglomerates,81,-6.410480798904194,-6.495418884793402,3
2026-09-16,3M,Chemicals: Agricultural,82,-7.432861725454064,-7.517799811343272,25
2026-09-16,3M,Electric Utilities,83,-8.948927669982004,-9.033865755871211,24
2026-09-16,3M,Forest Products,84,-9.201719939767404,-9.286658025656612,4
2026-09-16,3M,Semiconductors,85,-9.503853603067386,-9.588791688956594,10
2026-09-16,3M,Alternative Power Generation,86,-10.38408327039887,-10.469021356288078,8
2026-09-16,3M,Major Telecommunications,87,-11.656498543475694,-11.741436629364902,6
2026-09-16,3M,Gas Distributors,88,-12.16676341723095,-12.251701503120158,6
2026-09-16,3M,Specialty Insurance,89,-12.294745871352085,-12.379683957241292,2
2026-09-16,3M,Aluminum,90,-12.303143409696233,-12.38808149558544,4
2026-09-16,3M,Coal,91,-13.034082709484332,-13.11902079537354,4
2026-09-16,3M,Tobacco,92,-13.762418731099055,-13.847356816988263,3
2026-09-16,3M,Other Consumer Services,93,-14.827452273571016,-14.912390359460224,5
2026-09-16,3M,Broadcasting,94,-20.66818340006887,-20.75312148595808,3
2026-09-17,3M,Medical Specialties,1,49.639987114259945,49.14963883381901,6
2026-09-17,3M,Oilfield Services/Equipment,2,47.68830001484408,47.19795173440314,3
2026-09-17,3M,Electronics Distributors,3,36.67989337360439,36.18954509316345,4
2026-09-17,3M,Specialty Stores,4,33.11408048222258,32.62373220178165,13
2026-09-17,3M,Biotechnology,5,31.14429436014185,30.65394607970092,4
2026-09-17,3M,Electronics/Appliance Stores,6,28.926948928377644,28.436600647936714,2
2026-09-17,3M,Food: Meat/Fish/Dairy,7,27.246800933957623,26.756452653516696,7
2026-09-17,3M,Oil & Gas Production,8,25.671737291322657,25.181389010881727,3
2026-09-17,3M,Electronic Components,9,21.437686091772434,20.947337811331504,4
2026-09-17,3M,Movies/Entertainment,10,19.910774287359963,19.42042600691904,9
2026-09-17,3M,Airlines,11,19.515998465321204,19.02565018488028,4
2026-09-17,3M,Other Consumer Specialties,12,18.65625708126486,18.16590880082393,21
2026-09-17,3M,Restaurants,13,14.088604038131107,13.598255757690175,7
2026-09-17,3M,Personnel Services,14,13.06003543432713,12.569687153886198,2
2026-09-17,3M,Internet Software/Services,15,12.359910779896698,11.869562499455766,12
2026-09-17,3M,Pharmaceuticals: Major,16,12.29351641592916,11.803168135488228,86
2026-09-17,3M,Chemicals: Major Diversified,17,12.079562348863512,11.589214068422582,13
2026-09-17,3M,Containers/Packaging,18,11.917222083424852,11.426873802983922,12
2026-09-17,3M,Pulp & Paper,19,10.826048153292852,10.33569987285192,4
2026-09-17,3M,Packaged Software,20,10.687454726944829,10.197106446503897,37
2026-09-17,3M,Metal Fabrication,21,10.30011949185321,9.809771211412276,25
2026-09-17,3M,Air Freight/Couriers,22,10.288178570068396,9.797830289627464,11
2026-09-17,3M,Medical/Nursing Services,23,10.151294384094376,9.660946103653444,10
2026-09-17,3M,Auto Parts: OEM,24,9.60016214015046,9.109813859709528,51
2026-09-17,3M,Electronic Production Equipment,25,9.13883277647152,8.648484496030587,9
2026-09-17,3M,Integrated Oil,26,8.821580106638011,8.33123182619708,5
2026-09-17,3M,Information Technology Services,27,7.899029465316041,7.408681184875109,32
2026-09-17,3M,Industrial Machinery,28,7.672976937766474,7.182628657325543,54
2026-09-17,3M,Wholesale Distributors,29,7.382198104504716,6.891849824063784,17
2026-09-17,3M,Pharmaceuticals: Other,30,6.900484777614418,6.410136497173486,5
2026-09-17,3M,Internet Retail,31,6.720489636645146,6.230141356204214,4
2026-09-17,3M,Beverages: Alcoholic,32,5.625693133356455,5.135344852915523,8
2026-09-17,3M,Textiles,33,5.4826026081805725,4.992254327739641,26
2026-09-17,3M,Miscellaneous Commercial Services,34,4.554152613195504,4.063804332754572,32
2026-09-17,3M,Motor Vehicles,35,4.519916363128631,4.0295680826877,16
2026-09-17,3M,Real Estate Investment Trusts,36,3.7937510016455698,3.3034027212046384,7
2026-09-17,3M,Hotels/Resorts/Cruise lines,37,3.6270667244360455,3.136718443995114,13
2026-09-17,3M,Trucking,38,3.2735703773777685,2.783222096936837,2
2026-09-17,3M,Finance/Rental/Leasing,39,2.87227485757604,2.3819265771351086,53
2026-09-17,3M,Chemicals: Specialty,40,2.844935696303576,2.3545874158626443,53
2026-09-17,3M,Hospital/Nursing Management,41,2.6192192369742173,2.128870956533286,20
2026-09-17,3M,Real Estate Development,42,2.04421655940023,1.5538682789592988,37
2026-09-17,3M,Investment Trusts/Mutual Funds,43,1.5393833892732522,1.0490351088323209,5
2026-09-17,3M,Regional Banks,44,1.4034415196001548,0.9130932391592234,17
2026-09-17,3M,Other Transportation,45,1.0276063692672128,0.5372580888262813,4
2026-09-17,3M,Data Processing Services,46,0.8589334836956544,0.3685852032547229,3
2026-09-17,3M,Railroads,47,0.6736103302474787,0.1832620498065472,2
2026-09-17,3M,Homebuilding,48,0.5762259849168805,0.085877704475949,4
2026-09-17,3M,Multi-Line Insurance,49,0.2204046670038515,-0.2699436134370799,4
2026-09-17,3M,Electronics/Appliances,50,0.0208175430384707,-0.4695307374024607,7
2026-09-17,3M,Office Equipment/Supplies,51,-0.0859422122376449,-0.5762904926785765,4
2026-09-17,3M,Food: Major Diversified,52,-0.5771602369785206,-1.067508517419452,4
2026-09-17,3M,Trucks/Construction/Farm Machinery,53,-0.6529564984280248,-1.1433047788689563,20
2026-09-17,3M,Home Furnishings,54,-0.9169453535059576,-1.4072936339468889,6
2026-09-17,3M,Wireless Telecommunications,55,-0.937527837736016,-1.4278761181769477,3
2026-09-17,3M,Electronic Equipment/Instruments,56,-0.9655082177867484,-1.4558564982276798,8
2026-09-17,3M,Food: Specialty/Candy,57,-1.0206221161500588,-1.5109703965909902,18
2026-09-17,3M,Investment Banks/Brokers,58,-1.1211628223138477,-1.611511102754779,20
2026-09-17,3M,Agricultural Commodities/Milling,59,-1.1432454710860689,-1.633593751527,25
2026-09-17,3M,Financial Conglomerates,60,-1.3447820014057958,-1.8351302818467272,8
2026-09-17,3M,Marine Shipping,61,-1.363859618218247,-1.8542078986591783,3
2026-09-17,3M,Steel,62,-1.5659718637933178,-2.0563201442342494,47
2026-09-17,3M,Industrial Specialties,63,-1.9840746080165297,-2.474422888457461,29
2026-09-17,3M,Electrical Products,64,-2.2414162536825573,-2.7317645341234886,56
2026-09-17,3M,Miscellaneous Manufacturing,65,-2.292341102583987,-2.7826893830249184,11
2026-09-17,3M,Life/Health Insurance,66,-2.322033304482941,-2.812381584923872,9
2026-09-17,3M,Telecommunications Equipment,67,-2.763463778829484,-3.253812059270415,6
2026-09-17,3M,Oil Refining/Marketing,68,-2.8385743944915567,-3.328922674932488,8
2026-09-17,3M,Automotive Aftermarket,69,-3.610454561589849,-4.100802842030781,7
2026-09-17,3M,Aerospace & Defense,70,-3.6285765528056633,-4.118924833246595,9
2026-09-17,3M,Other Metals/Minerals,71,-3.669204565357189,-4.159552845798121,17
2026-09-17,3M,Apparel/Footwear Retail,72,-3.948459045289088,-4.43880732573002,13
2026-09-17,3M,Household/Personal Care,73,-4.006303654018999,-4.496651934459931,13
2026-09-17,3M,Engineering & Construction,74,-4.534142749809363,-5.024491030250295,58
2026-09-17,3M,Building Products,75,-4.83570437486656,-5.326052655307492,10
2026-09-17,3M,Major Banks,76,-4.884972803876134,-5.375321084317066,22
2026-09-17,3M,Chemicals: Agricultural,77,-5.116115360177046,-5.606463640617978,23
2026-09-17,3M,Construction Materials,78,-5.29027656581738,-5.780624846258312,21
2026-09-17,3M,Industrial Conglomerates,79,-5.563541347735367,-6.053889628176298,3
2026-09-17,3M,Investment Managers,80,-5.646774088111339,-6.137122368552271,15
2026-09-17,3M,Apparel/Footwear,81,-5.959255766889854,-6.449604047330785,18
2026-09-17,3M,Financial Publishing/Services,82,-6.709635574705662,-7.199983855146594,2
2026-09-17,3M,Semiconductors,83,-8.421847478689077,-8.91219575913001,10
2026-09-17,3M,Alternative Power Generation,84,-8.796804396633203,-9.287152677074134,9
2026-09-17,3M,Aluminum,85,-9.411945717866931,-9.902293998307863,4
2026-09-17,3M,Electric Utilities,86,-9.79283482715421,-10.28318310759514,24
2026-09-17,3M,Forest Products,87,-9.82850540273816,-10.318853683179093,4
2026-09-17,3M,Major Telecommunications,88,-10.234804927008833,-10.725153207449765,6
2026-09-17,3M,Coal,89,-12.286229619205322,-12.776577899646254,4
2026-09-17,3M,Specialty Insurance,90,-12.309321831902812,-12.799670112343744,2
2026-09-17,3M,Gas Distributors,91,-12.62176244100039,-13.112110721441322,6
2026-09-17,3M,Tobacco,92,-12.962081028944482,-13.452429309385414,3
2026-09-17,3M,Other Consumer Services,93,-14.62942523102858,-15.119773511469512,5
2026-09-17,3M,Broadcasting,94,-21.156946644107727,-21.647294924548657,3
2026-09-18,3M,Medical Specialties,1,50.896442158608025,49.3580584157764,6
2026-09-18,3M,Oilfield Services/Equipment,2,47.47962180991684,45.941238067085216,3
2026-09-18,3M,Electronics Distributors,3,36.91522945018066,35.376845707349034,4
2026-09-18,3M,Specialty Stores,4,36.74059092591023,35.202207183078606,13
2026-09-18,3M,Electronics/Appliance Stores,5,33.94495150569724,32.40656776286561,2
2026-09-18,3M,Biotechnology,6,32.03134572213922,30.492961979307594,4
2026-09-18,3M,Food: Meat/Fish/Dairy,7,27.480358467411406,25.94197472457978,7
2026-09-18,3M,Oil & Gas Production,8,27.1384227384568,25.60003899562517,3
2026-09-18,3M,Electronic Components,9,24.492815607782862,22.954431864951232,4
2026-09-18,3M,Movies/Entertainment,10,23.02124992120536,21.48286617837373,9
2026-09-18,3M,Airlines,11,22.636886085483884,21.098502342652253,4
2026-09-18,3M,Other Consumer Specialties,12,21.240260408131583,19.70187666529996,21
2026-09-18,3M,Restaurants,13,16.12877646138618,14.590392718554552,7
2026-09-18,3M,Pulp & Paper,14,15.31301963556702,13.774635892735391,3
2026-09-18,3M,Containers/Packaging,15,14.098529853867063,12.560146111035436,13
2026-09-18,3M,Metal Fabrication,16,13.498310454156211,11.959926711324584,27
2026-09-18,3M,Pharmaceuticals: Major,17,13.197580965831344,11.659197222999715,85
2026-09-18,3M,Chemicals: Major Diversified,18,12.685294860692954,11.146911117861324,13
2026-09-18,3M,Personnel Services,19,12.524418770083155,10.986035027251528,2
2026-09-18,3M,Electronic Production Equipment,20,12.194166200478808,10.65578245764718,9
2026-09-18,3M,Internet Software/Services,21,11.70923893159448,10.17085518876285,11
2026-09-18,3M,Packaged Software,22,11.627553182888928,10.0891694400573,37
2026-09-18,3M,Auto Parts: OEM,23,11.346126144056075,9.807742401224449,51
2026-09-18,3M,Air Freight/Couriers,24,11.216851416144015,9.678467673312388,11
2026-09-18,3M,Industrial Machinery,25,11.115508340946407,9.57712459811478,54
2026-09-18,3M,Medical/Nursing Services,26,10.976015594162178,9.437631851330549,9
2026-09-18,3M,Wholesale Distributors,27,10.10065869900695,8.56227495617532,16
2026-09-18,3M,Pharmaceuticals: Other,28,8.423186700525074,6.884802957693445,5
2026-09-18,3M,Beverages: Alcoholic,29,7.234392549676031,5.696008806844403,9
2026-09-18,3M,Integrated Oil,30,6.870417726438372,5.332033983606744,7
2026-09-18,3M,Textiles,31,6.864451055410157,5.3260673125785285,27
2026-09-18,3M,Miscellaneous Commercial Services,32,6.641783658402458,5.103399915570829,34
2026-09-18,3M,Information Technology Services,33,6.4358636107045735,4.897479867872945,33
2026-09-18,3M,Internet Retail,34,6.162760409116881,4.624376666285253,4
2026-09-18,3M,Hotels/Resorts/Cruise lines,35,5.648216877710134,4.109833134878505,16
2026-09-18,3M,Finance/Rental/Leasing,36,5.243133021063307,3.704749278231678,54
2026-09-18,3M,Chemicals: Specialty,37,5.162682295264613,3.624298552432984,55
2026-09-18,3M,Motor Vehicles,38,4.4758333459153725,2.937449603083744,16
2026-09-18,3M,Hospital/Nursing Management,39,4.43785782424763,2.8994740814160016,20
2026-09-18,3M,Other Transportation,40,4.341597424532942,2.8032136817013136,4
2026-09-18,3M,Real Estate Investment Trusts,41,3.68816539946892,2.149781656637291,7
2026-09-18,3M,Railroads,42,3.366297734380593,1.8279139915489648,2
2026-09-18,3M,Real Estate Development,43,2.908789351272033,1.3704056084404042,39
2026-09-18,3M,Electronic Equipment/Instruments,44,2.7554889107389755,1.2171051679073468,8
2026-09-18,3M,Trucks/Construction/Farm Machinery,45,2.056728248428256,0.5183445055966271,20
2026-09-18,3M,Regional Banks,46,1.798044762102628,0.2596610192709991,17
2026-09-18,3M,Office Equipment/Supplies,47,1.7708295951530977,0.2324458523214687,4
2026-09-18,3M,Investment Trusts/Mutual Funds,48,1.5243062943584786,-0.01407744847315,4
2026-09-18,3M,Homebuilding,49,1.284199890842692,-0.2541838519889365,4
2026-09-18,3M,Wireless Telecommunications,50,1.2457586650719703,-0.2926250777596584,3
2026-09-18,3M,Financial Conglomerates,51,0.5887277732478553,-0.9496559695837734,10
2026-09-18,3M,Data Processing Services,52,0.4088839269400601,-1.1294998158915686,3
2026-09-18,3M,Food: Major Diversified,53,0.1589972344223036,-1.379386508409325,4
2026-09-18,3M,Home Furnishings,54,0.0270570131075003,-1.5113267297241284,7
2026-09-18,3M,Miscellaneous Manufacturing,55,-0.0801429682638564,-1.618526711095485,11
2026-09-18,3M,Electronics/Appliances,56,-0.2452109180332415,-1.7835946608648705,9
2026-09-18,3M,Electrical Products,57,-0.3015626903205479,-1.8399464331521769,56
2026-09-18,3M,Agricultural Commodities/Milling,58,-0.3066680135867496,-1.8450517564183784,22
2026-09-18,3M,Investment Banks/Brokers,59,-0.322351229162603,-1.860734971994232,21
2026-09-18,3M,Steel,60,-0.5629402306738658,-2.1013239735054947,50
2026-09-18,3M,Multi-Line Insurance,61,-0.7881340233096047,-2.326517766141233,4
2026-09-18,3M,Food: Specialty/Candy,62,-1.2798302691681054,-2.818214011999734,17
2026-09-18,3M,Industrial Specialties,63,-1.3953105293044417,-2.93369427213607,29
2026-09-18,3M,Marine Shipping,64,-1.6218933175591517,-3.16027706039078,3
2026-09-18,3M,Oil Refining/Marketing,65,-1.841184094872061,-3.3795678377036897,8
2026-09-18,3M,Engineering & Construction,66,-2.097679408049496,-3.636063150881125,59
2026-09-18,3M,Trucking,67,-2.1018244224651514,-3.64020816529678,3
2026-09-18,3M,Telecommunications Equipment,68,-2.131889014337253,-3.6702727571688816,6
2026-09-18,3M,Automotive Aftermarket,69,-2.382323451967701,-3.92070719479933,7
2026-09-18,3M,Other Metals/Minerals,70,-2.437042686930327,-3.975426429761956,17
2026-09-18,3M,Apparel/Footwear Retail,71,-2.4811144253209845,-4.019498168152613,13
2026-09-18,3M,Life/Health Insurance,72,-2.533729978287921,-4.07211372111955,9
2026-09-18,3M,Aerospace & Defense,73,-2.610114536540289,-4.148498279371918,9
2026-09-18,3M,Investment Managers,74,-3.249827391986853,-4.788211134818481,15
2026-09-18,3M,Industrial Conglomerates,75,-3.365095120510473,-4.903478863342102,4
2026-09-18,3M,Construction Materials,76,-3.5140965156718185,-5.052480258503447,21
2026-09-18,3M,Major Banks,77,-3.9774525410296,-5.515836283861229,21
2026-09-18,3M,Apparel/Footwear,78,-4.311203165830193,-5.849586908661822,17
2026-09-18,3M,Household/Personal Care,79,-4.46790443441144,-6.006288177243069,13
2026-09-18,3M,Building Products,80,-4.801784345869485,-6.340168088701113,12
2026-09-18,3M,Chemicals: Agricultural,81,-5.329885869902372,-6.868269612734001,26
2026-09-18,3M,Semiconductors,82,-5.700081151738657,-7.238464894570286,11
2026-09-18,3M,Financial Publishing/Services,83,-6.331923625439984,-7.870307368271613,2
2026-09-18,3M,Alternative Power Generation,84,-7.0807897428343365,-8.619173485665964,10
2026-09-18,3M,Aluminum,85,-7.798754179707898,-9.337137922539526,4
2026-09-18,3M,Gas Distributors,86,-8.891269245699032,-10.42965298853066,6
2026-09-18,3M,Electric Utilities,87,-8.958959034246908,-10.497342777078536,25
2026-09-18,3M,Major Telecommunications,88,-9.821585333537216,-11.359969076368843,6
2026-09-18,3M,Forest Products,89,-10.552729661878942,-12.09111340471057,4
2026-09-18,3M,Specialty Insurance,90,-11.52214954624414,-13.060533289075767,2
2026-09-18,3M,Tobacco,91,-12.343753169397406,-13.882136912229036,3
2026-09-18,3M,Coal,92,-12.65212192272898,-14.190505665560607,4
2026-09-18,3M,Other Consumer Services,93,-12.653565268111024,-14.191949010942652,5
2026-09-18,3M,Broadcasting,94,-21.85129949439764,-23.389683237229264,3
2026-09-21,3M,Oilfield Services/Equipment,1,46.01968252960217,45.49527495053871,3
2026-09-21,3M,Medical Specialties,2,39.153193194180965,38.6287856151175,6
2026-09-21,3M,Specialty Stores,3,36.47485033648123,35.95044275741777,14
2026-09-21,3M,Electronics Distributors,4,33.19532349426147,32.67091591519801,4
2026-09-21,3M,Food: Meat/Fish/Dairy,5,29.46202611070516,28.937618531641693,7
2026-09-21,3M,Biotechnology,6,28.57417110162818,28.04976352256472,4
2026-09-21,3M,Electronics/Appliance Stores,7,27.603639682694325,27.07923210363086,2
2026-09-21,3M,Airlines,8,26.508159443906656,25.983751864843192,4
2026-09-21,3M,Electronic Components,9,25.89578714311245,25.371379564048983,4
2026-09-21,3M,Movies/Entertainment,10,24.541486203208148,24.017078624144684,8
2026-09-21,3M,Other Consumer Specialties,11,21.097504920208564,20.5730973411451,21
2026-09-21,3M,Commercial Printing/Forms,12,16.09291560445459,15.568508025391123,2
2026-09-21,3M,Oil & Gas Production,13,15.372558163060424,14.84815058399696,3
2026-09-21,3M,Containers/Packaging,14,14.82210528416387,14.297697705100406,12
2026-09-21,3M,Electronic Production Equipment,15,13.422737339239468,12.898329760176004,10
2026-09-21,3M,Pharmaceuticals: Major,16,12.385455993269126,11.861048414205662,83
2026-09-21,3M,Restaurants,17,11.759706819604151,11.235299240540687,6
2026-09-21,3M,Industrial Machinery,18,11.670270864030694,11.14586328496723,51
2026-09-21,3M,Pulp & Paper,19,11.34494257987933,10.820535000815866,4
2026-09-21,3M,Internet Software/Services,20,11.230206300733023,10.70579872166956,12
2026-09-21,3M,Air Freight/Couriers,21,10.398632255046136,9.874224675982672,11
2026-09-21,3M,Metal Fabrication,22,10.234642028620216,9.710234449556753,27
2026-09-21,3M,Chemicals: Major Diversified,23,10.088660323037203,9.56425274397374,12
2026-09-21,3M,Auto Parts: OEM,24,8.940000227580452,8.415592648516988,51
2026-09-21,3M,Medical/Nursing Services,25,8.722449014956943,8.19804143589348,10
2026-09-21,3M,Textiles,26,8.617074177889954,8.09266659882649,28
2026-09-21,3M,Wholesale Distributors,27,7.829174617403701,7.304767038340236,15
2026-09-21,3M,Packaged Software,28,6.814421782416757,6.290014203353293,37
2026-09-21,3M,Beverages: Alcoholic,29,6.8135147463389085,6.289107167275445,9
2026-09-21,3M,Internet Retail,30,5.973565077828047,5.449157498764583,4
2026-09-21,3M,Information Technology Services,31,5.947668240238786,5.423260661175322,31
2026-09-21,3M,Pharmaceuticals: Other,32,5.444653281057714,4.920245701994249,7
2026-09-21,3M,Integrated Oil,33,4.825953848399126,4.301546269335661,7
2026-09-21,3M,Miscellaneous Commercial Services,34,4.79770527059708,4.273297691533616,33
2026-09-21,3M,Motor Vehicles,35,4.347881310911895,3.82347373184843,16
2026-09-21,3M,Real Estate Development,36,3.9830321597930367,3.4586245807295724,38
2026-09-21,3M,Real Estate Investment Trusts,37,3.853231378536015,3.3288237994725507,8
2026-09-21,3M,Chemicals: Specialty,38,3.527673855178524,3.00326627611506,56
2026-09-21,3M,Hospital/Nursing Management,39,3.485104791435542,2.960697212372078,20
2026-09-21,3M,Office Equipment/Supplies,40,3.0417301993972075,2.517322620333743,5
2026-09-21,3M,Other Transportation,41,2.837933464129838,2.313525885066374,4
2026-09-21,3M,Finance/Rental/Leasing,42,2.3828598114640616,1.8584522324005968,54
2026-09-21,3M,Agricultural Commodities/Milling,43,1.2482978005486134,0.723890221485149,25
2026-09-21,3M,Financial Conglomerates,44,0.946896039994788,0.4224884609313237,9
2026-09-21,3M,Regional Banks,45,0.6774627894111319,0.1530552103476675,18
2026-09-21,3M,Trucks/Construction/Farm Machinery,46,0.6576627598140938,0.1332551807506294,21
2026-09-21,3M,Hotels/Resorts/Cruise lines,47,0.4809068987742086,-0.0435006802892556,16
2026-09-21,3M,Data Processing Services,48,0.4587705759965801,-0.0656370030668842,3
2026-09-21,3M,Investment Trusts/Mutual Funds,49,0.3054315758969266,-0.2189760031665377,3
2026-09-21,3M,Electronic Equipment/Instruments,50,0.1545188597319442,-0.3698887193315201,8
2026-09-21,3M,Electronics/Appliances,51,-0.5859372218104808,-1.1103448008739452,9
2026-09-21,3M,Steel,52,-0.9370402923779432,-1.4614478714414076,50
2026-09-21,3M,Oil Refining/Marketing,53,-1.0208545441836474,-1.5452621232471118,7
2026-09-21,3M,Industrial Specialties,54,-1.132049483564733,-1.6564570626281974,29
2026-09-21,3M,Homebuilding,55,-1.2183335348990525,-1.7427411139625169,4
2026-09-21,3M,Food: Specialty/Candy,56,-1.759736312877345,-2.284143891940809,19
2026-09-21,3M,Railroads,57,-2.097824994976893,-2.6222325740403574,2
2026-09-21,3M,Marine Shipping,58,-2.4757735597815667,-3.000181138845031,3
2026-09-21,3M,Other Metals/Minerals,59,-2.52100547004096,-3.045413049104424,17
2026-09-21,3M,Electrical Products,60,-2.9393935939228664,-3.4638011729863307,56
2026-09-21,3M,Industrial Conglomerates,61,-2.968318254748241,-3.492725833811705,3
2026-09-21,3M,Apparel/Footwear Retail,62,-3.311002257093042,-3.835409836156507,13
2026-09-21,3M,Wireless Telecommunications,63,-3.392274608081552,-3.916682187145016,3
2026-09-21,3M,Investment Banks/Brokers,64,-3.404549365208987,-3.9289569442724512,22
2026-09-21,3M,Trucking,65,-3.572351112286647,-4.096758691350111,3
2026-09-21,3M,Major Banks,66,-3.630234228726932,-4.154641807790396,21
2026-09-21,3M,Home Furnishings,67,-3.6561331818358784,-4.180540760899342,7
2026-09-21,3M,Life/Health Insurance,68,-3.766809789422191,-4.291217368485655,9
2026-09-21,3M,Construction Materials,69,-4.129745929516858,-4.654153508580322,22
2026-09-21,3M,Engineering & Construction,70,-4.243411095255152,-4.767818674318617,58
2026-09-21,3M,Miscellaneous Manufacturing,71,-4.247177959813483,-4.771585538876947,10
2026-09-21,3M,Telecommunications Equipment,72,-4.350193087465275,-4.874600666528739,6
2026-09-21,3M,Investment Managers,73,-4.656320622578336,-5.1807282016418,15
2026-09-21,3M,Automotive Aftermarket,74,-4.73379742929116,-5.258205008354624,7
2026-09-21,3M,Apparel/Footwear,75,-4.857669373510823,-5.382076952574288,17
2026-09-21,3M,Chemicals: Agricultural,76,-4.985822956214082,-5.510230535277547,27
2026-09-21,3M,Household/Personal Care,77,-5.068384258355327,-5.59279183741879,12
2026-09-21,3M,Semiconductors,78,-5.1783540146204174,-5.702761593683881,11
2026-09-21,3M,Food: Major Diversified,79,-5.341239894599702,-5.865647473663167,4
2026-09-21,3M,Aerospace & Defense,80,-6.539139897373554,-7.063547476437018,9
2026-09-21,3M,Building Products,81,-6.87856209047628,-7.402969669539745,11
2026-09-21,3M,Miscellaneous,82,-8.341915940818042,-8.866323519881506,2
2026-09-21,3M,Aluminum,83,-9.223088202686306,-9.74749578174977,4
2026-09-21,3M,Financial Publishing/Services,84,-9.689678292146349,-10.21408587120981,2
2026-09-21,3M,Multi-Line Insurance,85,-9.75033598507992,-10.274743564143384,4
2026-09-21,3M,Alternative Power Generation,86,-9.950188445956,-10.474596025019464,9
2026-09-21,3M,Forest Products,87,-10.00032490383519,-10.524732482898656,3
2026-09-21,3M,Gas Distributors,88,-10.41513813773123,-10.939545716794694,6
2026-09-21,3M,Electric Utilities,89,-10.736338657701536,-11.260746236765,23
2026-09-21,3M,Major Telecommunications,90,-11.93732361794222,-12.461731197005683,6
2026-09-21,3M,Coal,91,-12.21113843996708,-12.735546019030544,4
2026-09-21,3M,Specialty Insurance,92,-12.444343370767225,-12.968750949830689,2
2026-09-21,3M,Other Consumer Services,93,-13.880536718470635,-14.4049442975341,5
2026-09-21,3M,Broadcasting,94,-22.694303794788013,-23.21871137385148,3
2026-09-21,3M,Tobacco,95,-28.51062177286247,-29.03502935192593,4
2026-09-22,3M,Oilfield Services/Equipment,1,53.380216938818606,51.7678350590208,3
2026-09-22,3M,Electronics Distributors,2,43.44045821850709,41.82807633870929,4
2026-09-22,3M,Medical Specialties,3,41.108581400209694,39.49619952041189,6
2026-09-22,3M,Specialty Stores,4,40.92161605032472,39.30923417052691,14
2026-09-22,3M,Food: Meat/Fish/Dairy,5,34.192513116312284,32.58013123651448,7
2026-09-22,3M,Electronic Components,6,30.275565962015914,28.66318408221812,3
2026-09-22,3M,Electronics/Appliance Stores,7,29.766166197397723,28.153784317599925,2
2026-09-22,3M,Movies/Entertainment,8,29.21789087394699,27.60550899414919,8
2026-09-22,3M,Other Consumer Specialties,9,25.9104587091434,24.2980768293456,21
2026-09-22,3M,Oil & Gas Production,10,24.19368447341665,22.581302593618847,3
2026-09-22,3M,Biotechnology,11,24.00291253387904,22.39053065408124,4
2026-09-22,3M,Commercial Printing/Forms,12,16.826872381307528,15.21449050150973,2
2026-09-22,3M,Containers/Packaging,13,14.37955983259116,12.76717795279336,14
2026-09-22,3M,Restaurants,14,14.106439732791854,12.494057852994056,7
2026-09-22,3M,Industrial Machinery,15,14.01915243484136,12.406770555043565,53
2026-09-22,3M,Electronic Production Equipment,16,13.972269280102406,12.359887400304608,10
2026-09-22,3M,Air Freight/Couriers,17,13.706780079390228,12.09439819959243,10
2026-09-22,3M,Personnel Services,18,12.904546849195578,11.29216496939778,2
2026-09-22,3M,Pulp & Paper,19,12.737553197461532,11.125171317663735,3
2026-09-22,3M,Internet Software/Services,20,11.801790854849052,10.189408975051254,11
2026-09-22,3M,Pharmaceuticals: Major,21,11.036918993547545,9.424537113749746,84
2026-09-22,3M,Chemicals: Major Diversified,22,10.94130519486612,9.32892331506832,13
2026-09-22,3M,Metal Fabrication,23,10.501892033753307,8.88951015395551,27
2026-09-22,3M,Auto Parts: OEM,24,10.024371097357552,8.411989217559753,51
2026-09-22,3M,Airlines,25,10.005027828096136,8.392645948298338,3
2026-09-22,3M,Textiles,26,9.802709551517976,8.190327671720176,27
2026-09-22,3M,Internet Retail,27,9.113496360404127,7.501114480606329,4
2026-09-22,3M,Medical/Nursing Services,28,9.017240296824616,7.4048584170268175,11
2026-09-22,3M,Wholesale Distributors,29,8.631671934089843,7.0192900542920444,16
2026-09-22,3M,Packaged Software,30,8.104834957423957,6.492453077626159,38
2026-09-22,3M,Information Technology Services,31,7.448488373491226,5.836106493693427,31
2026-09-22,3M,Beverages: Alcoholic,32,7.396565470996808,5.78418359119901,9
2026-09-22,3M,Real Estate Development,33,6.59058607136938,4.978204191571582,39
2026-09-22,3M,Integrated Oil,34,6.574332725575772,4.961950845777974,7
2026-09-22,3M,Other Transportation,35,5.544434961817235,3.932053082019436,4
2026-09-22,3M,Miscellaneous Commercial Services,36,5.352672815130567,3.740290935332768,33
2026-09-22,3M,Motor Vehicles,37,4.681015933792946,3.068634053995147,16
2026-09-22,3M,Chemicals: Specialty,38,4.582517750750282,2.970135870952483,55
2026-09-22,3M,Pharmaceuticals: Other,39,4.122665557472116,2.5102836776743174,6
2026-09-22,3M,Real Estate Investment Trusts,40,4.058862637918743,2.4464807581209445,8
2026-09-22,3M,Hospital/Nursing Management,41,3.3281747476005026,1.715792867802704,18
2026-09-22,3M,Finance/Rental/Leasing,42,3.176223268546852,1.5638413887490534,52
2026-09-22,3M,Office Equipment/Supplies,43,2.9859174066880736,1.373535526890275,6
2026-09-22,3M,Telecommunications Equipment,44,2.6381910978604832,1.0258092180626843,6
2026-09-22,3M,Financial Conglomerates,45,2.02863081834638,0.416248938548581,8
2026-09-22,3M,Agricultural Commodities/Milling,46,1.969511948691984,0.3571300688941852,24
2026-09-22,3M,Regional Banks,47,1.855172133580567,0.2427902537827684,18
2026-09-22,3M,Electronics/Appliances,48,1.7639318223155869,0.1515499425177879,9
2026-09-22,3M,Trucks/Construction/Farm Machinery,49,1.7209128037279011,0.1085309239301026,21
2026-09-22,3M,Hotels/Resorts/Cruise lines,50,1.6781183040143086,0.0657364242165099,14
2026-09-22,3M,Steel,51,1.6294091728455424,0.0170272930477437,52
2026-09-22,3M,Investment Trusts/Mutual Funds,52,1.5601632745295906,-0.052218605268208,6
2026-09-22,3M,Homebuilding,53,1.338274455457897,-0.2741074243399017,4
2026-09-22,3M,Other Metals/Minerals,54,0.6545399866817742,-0.9578418931160244,18
2026-09-22,3M,Industrial Specialties,55,0.4402365901139179,-1.1721452896838809,29
2026-09-22,3M,Data Processing Services,56,-0.2729431059376068,-1.8853249857354053,3
2026-09-22,3M,Oil Refining/Marketing,57,-0.3314714932124433,-1.943853373010242,7
2026-09-22,3M,Investment Banks/Brokers,58,-0.5878019986739611,-2.20018387847176,21
2026-09-22,3M,Electrical Products,59,-1.4830059764807717,-3.0953878562785704,56
2026-09-22,3M,Wireless Telecommunications,60,-1.5673194806880906,-3.179701360485889,3
2026-09-22,3M,Apparel/Footwear Retail,61,-1.6381956680274157,-3.2505775478252144,13
2026-09-22,3M,Electronic Equipment/Instruments,62,-1.8052205143700784,-3.417602394167877,9
2026-09-22,3M,Food: Specialty/Candy,63,-1.8791259004276968,-3.4915077802254952,18
2026-09-22,3M,Trucking,64,-2.004091731292176,-3.616473611089975,3
2026-09-22,3M,Home Furnishings,65,-2.0250552201873275,-3.637437099985126,7
2026-09-22,3M,Major Banks,66,-2.680591878645725,-4.292973758443523,21
2026-09-22,3M,Engineering & Construction,67,-2.6888659636873697,-4.301247843485168,59
2026-09-22,3M,Life/Health Insurance,68,-2.9100414961731844,-4.522423375970983,9
2026-09-22,3M,Apparel/Footwear,69,-3.356534889572396,-4.968916769370194,16
2026-09-22,3M,Miscellaneous Manufacturing,70,-3.512356710898824,-5.124738590696623,12
2026-09-22,3M,Aluminum,71,-3.929550547473422,-5.54193242727122,4
2026-09-22,3M,Semiconductors,72,-3.943440744489029,-5.555822624286828,11
2026-09-22,3M,Automotive Aftermarket,73,-3.9692159545209,-5.581597834318698,6
2026-09-22,3M,Construction Materials,74,-4.01626058489815,-5.6286424646959485,21
2026-09-22,3M,Investment Managers,75,-4.036099454127187,-5.648481333924986,15
2026-09-22,3M,Chemicals: Agricultural,76,-4.052727366038915,-5.665109245836714,26
2026-09-22,3M,Aerospace & Defense,77,-4.1661639212907975,-5.778545801088596,9
2026-09-22,3M,Food: Major Diversified,78,-4.474273356797575,-6.086655236595373,4
2026-09-22,3M,Industrial Conglomerates,79,-5.0756038004968325,-6.687985680294631,4
2026-09-22,3M,Household/Personal Care,80,-5.1410540784110585,-6.753435958208858,12
2026-09-22,3M,Railroads,81,-5.313381045326391,-6.9257629251241895,2
2026-09-22,3M,Marine Shipping,82,-5.3540213738624,-6.966403253660198,3
2026-09-22,3M,Building Products,83,-5.451315490988029,-7.063697370785828,11
2026-09-22,3M,Alternative Power Generation,84,-7.224086893848167,-8.836468773645965,9
2026-09-22,3M,Miscellaneous,85,-7.226849293217946,-8.839231173015744,2
2026-09-22,3M,Multi-Line Insurance,86,-7.722981570067658,-9.335363449865456,4
2026-09-22,3M,Forest Products,87,-8.489361254156217,-10.101743133954017,3
2026-09-22,3M,Financial Publishing/Services,88,-8.761530921741201,-10.373912801539,2
2026-09-22,3M,Electric Utilities,89,-9.588404565885153,-11.200786445682953,24
2026-09-22,3M,Gas Distributors,90,-10.11991353185363,-11.732295411651428,6
2026-09-22,3M,Major Telecommunications,91,-10.198913187778793,-11.81129506757659,6
2026-09-22,3M,Coal,92,-10.234815008995971,-11.84719688879377,4
2026-09-22,3M,Other Consumer Services,93,-10.383623684156747,-11.996005563954546,4
2026-09-22,3M,Specialty Insurance,94,-13.39110037719786,-15.003482256995657,2
2026-09-22,3M,Broadcasting,95,-18.881028964583223,-20.49341084438102,3
2026-09-22,3M,Tobacco,96,-27.8139122437177,-29.426294123515497,4
2026-09-23,3M,Oilfield Services/Equipment,1,52.92168339573238,51.315248196838446,3
2026-09-23,3M,Electronics Distributors,2,42.91342176429134,41.30698656539741,3
2026-09-23,3M,Specialty Stores,3,40.91759294692808,39.31115774803414,14
2026-09-23,3M,Medical Specialties,4,39.68684454209339,38.080409343199456,6
2026-09-23,3M,Food: Meat/Fish/Dairy,5,36.02600130441496,34.41956610552103,7
2026-09-23,3M,Other Consumer Specialties,6,28.42996140828008,26.82352620938615,21
2026-09-23,3M,Electronics/Appliance Stores,7,26.440605296343,24.834170097449064,2
2026-09-23,3M,Movies/Entertainment,8,25.49761140216591,23.89117620327197,8
2026-09-23,3M,Airlines,9,24.65950874130585,23.053073542411912,4
2026-09-23,3M,Commercial Printing/Forms,10,24.191786553773827,22.585351354879894,2
2026-09-23,3M,Biotechnology,11,23.990276318404565,22.38384111951063,4
2026-09-23,3M,Oil & Gas Production,12,22.129480278111348,20.52304507921741,3
2026-09-23,3M,Electronic Components,13,20.48741734384508,18.880982144951144,5
2026-09-23,3M,Pulp & Paper,14,18.269068700348736,16.662633501454803,2
2026-09-23,3M,Industrial Machinery,15,16.353141647943016,14.746706449049082,53
2026-09-23,3M,Containers/Packaging,16,16.022243752115944,14.41580855322201,13
2026-09-23,3M,Air Freight/Couriers,17,14.388869952206443,12.782434753312508,11
2026-09-23,3M,Electronic Production Equipment,18,13.644266147787985,12.037830948894047,10
2026-09-23,3M,Internet Software/Services,19,13.297408277537356,11.690973078643424,11
2026-09-23,3M,Restaurants,20,13.266541410330486,11.660106211436553,6
2026-09-23,3M,Pharmaceuticals: Major,21,12.349027515882332,10.742592316988397,82
2026-09-23,3M,Metal Fabrication,22,10.80512042008528,9.198685221191344,27
2026-09-23,3M,Auto Parts: OEM,23,10.175157665843976,8.568722466950042,51
2026-09-23,3M,Textiles,24,9.919715023862608,8.313279824968674,27
2026-09-23,3M,Chemicals: Major Diversified,25,9.259686792908298,7.653251594014363,12
2026-09-23,3M,Beverages: Alcoholic,26,9.190795568386717,7.584360369492781,9
2026-09-23,3M,Medical/Nursing Services,27,8.938042114987097,7.331606916093162,11
2026-09-23,3M,Internet Retail,28,8.72518105389845,7.118745855004515,4
2026-09-23,3M,Integrated Oil,29,8.156354859912257,6.549919661018323,6
2026-09-23,3M,Wholesale Distributors,30,7.463083561581015,5.85664836268708,15
2026-09-23,3M,Electronics/Appliances,31,6.842151793975056,5.235716595081121,8
2026-09-23,3M,Miscellaneous Commercial Services,32,6.082666055637484,4.476230856743549,33
2026-09-23,3M,Real Estate Development,33,5.136942300804858,3.5305071019109238,39
2026-09-23,3M,Packaged Software,34,5.066594245207692,3.4601590463137573,37
2026-09-23,3M,Steel,35,4.858431035640376,3.251995836746442,52
2026-09-23,3M,Chemicals: Specialty,36,4.759745585241255,3.1533103863473206,57
2026-09-23,3M,Motor Vehicles,37,4.72650925154009,3.120074052646156,16
2026-09-23,3M,Office Equipment/Supplies,38,4.3853466679905,2.778911469096566,5
2026-09-23,3M,Pharmaceuticals: Other,39,4.272871458341445,2.6664362594475106,6
2026-09-23,3M,Information Technology Services,40,4.192452652133792,2.586017453239857,32
2026-09-23,3M,Hospital/Nursing Management,41,4.091902271886792,2.485467072992857,20
2026-09-23,3M,Real Estate Investment Trusts,42,3.940710778516253,2.334275579622318,8
2026-09-23,3M,Other Transportation,43,3.800841058122112,2.194405859228177,4
2026-09-23,3M,Financial Conglomerates,44,3.5913322652791377,1.9848970663852032,9
2026-09-23,3M,Homebuilding,45,3.2883215530299,1.6818863541359654,3
2026-09-23,3M,Other Metals/Minerals,46,3.217398439549462,1.6109632406555274,18
2026-09-23,3M,Telecommunications Equipment,47,3.024676785671052,1.4182415867771172,6
2026-09-23,3M,Agricultural Commodities/Milling,48,2.9315911628016824,1.325155963907748,27
2026-09-23,3M,Hotels/Resorts/Cruise lines,49,2.757666516426397,1.1512313175324629,14
2026-09-23,3M,Finance/Rental/Leasing,50,1.790605862446928,0.1841706635529936,55
2026-09-23,3M,Trucks/Construction/Farm Machinery,51,1.6902688138684785,0.083833614974544,21
2026-09-23,3M,Investment Banks/Brokers,52,1.0289135945052272,-0.5775216043887073,20
2026-09-23,3M,Investment Trusts/Mutual Funds,53,0.9918987642952836,-0.614536434598651,6
2026-09-23,3M,Regional Banks,54,0.8175529879112693,-0.7888822109826652,18
2026-09-23,3M,Industrial Specialties,55,0.5632620326833281,-1.0431731662106063,29
2026-09-23,3M,Wireless Telecommunications,56,0.4497673748846863,-1.156667824009248,3
2026-09-23,3M,Trucking,57,-0.1240545675710436,-1.730489766464978,3
2026-09-23,3M,Electrical Products,58,-0.1364504119375365,-1.742885610831471,56
2026-09-23,3M,Aluminum,59,-0.1814357882807827,-1.7878709871747172,4
2026-09-23,3M,Home Furnishings,60,-1.2892894596468412,-2.895724658540776,7
2026-09-23,3M,Life/Health Insurance,61,-1.5162141107698532,-3.122649309663788,9
2026-09-23,3M,Marine Shipping,62,-1.549421789787642,-3.1558569886815766,3
2026-09-23,3M,Electronic Equipment/Instruments,63,-1.8845544978420936,-3.4909896967360283,9
2026-09-23,3M,Food: Specialty/Candy,64,-1.9285782849574955,-3.5350134838514298,18
2026-09-23,3M,Data Processing Services,65,-1.9370513284487456,-3.5434865273426803,3
2026-09-23,3M,Aerospace & Defense,66,-2.349864658062164,-3.9562998569560985,9
2026-09-23,3M,Investment Managers,67,-2.4418405180404767,-4.048275716934411,15
2026-09-23,3M,Miscellaneous Manufacturing,68,-2.687262938346804,-4.293698137240739,11
2026-09-23,3M,Oil Refining/Marketing,69,-2.7617388348481318,-4.368174033742066,7
2026-09-23,3M,Engineering & Construction,70,-2.8883250918016548,-4.49476029069559,60
2026-09-23,3M,Apparel/Footwear Retail,71,-3.363737008584542,-4.970172207478477,13
2026-09-23,3M,Industrial Conglomerates,72,-3.672815120939088,-5.279250319833022,3
2026-09-23,3M,Household/Personal Care,73,-3.9676354994580434,-5.574070698351978,12
2026-09-23,3M,Automotive Aftermarket,74,-4.091642775845934,-5.698077974739869,7
2026-09-23,3M,Semiconductors,75,-4.106741334280325,-5.713176533174259,11
2026-09-23,3M,Major Banks,76,-4.122633395828682,-5.729068594722617,22
2026-09-23,3M,Construction Materials,77,-4.300661905378476,-5.9070971042724105,23
2026-09-23,3M,Chemicals: Agricultural,78,-5.086637831347079,-6.693073030241013,23
2026-09-23,3M,Alternative Power Generation,79,-5.18821789063019,-6.794653089524124,9
2026-09-23,3M,Food: Major Diversified,80,-5.452101669457195,-7.05853686835113,4
2026-09-23,3M,Apparel/Footwear,81,-5.5317695015272585,-7.138204700421193,17
2026-09-23,3M,Railroads,82,-5.535892854836513,-7.142328053730448,2
2026-09-23,3M,Building Products,83,-6.256043615358408,-7.862478814252342,12
2026-09-23,3M,Publishing: Newspapers,84,-6.858160816081611,-8.464596014975545,2
2026-09-23,3M,Multi-Line Insurance,85,-7.635938270856215,-9.242373469750149,4
2026-09-23,3M,Major Telecommunications,86,-8.011421828684563,-9.617857027578498,6
2026-09-23,3M,Financial Publishing/Services,87,-8.289735285834977,-9.896170484728913,2
2026-09-23,3M,Electric Utilities,88,-9.303498243033337,-10.909933441927269,24
2026-09-23,3M,Gas Distributors,89,-9.612568242754469,-11.2190034416484,6
2026-09-23,3M,Forest Products,90,-10.2206795989103,-11.827114797804237,3
2026-09-23,3M,Coal,91,-10.382956547009938,-11.989391745903871,4
2026-09-23,3M,Other Consumer Services,92,-11.273360675923309,-12.87979587481724,5
2026-09-23,3M,Specialty Insurance,93,-11.967881004815055,-13.574316203708989,2
2026-09-23,3M,Broadcasting,94,-15.616927176548735,-17.22336237544267,3
2026-09-23,3M,Tobacco,95,-26.59758166879205,-28.20401686768598,4
2026-09-24,3M,Oilfield Services/Equipment,1,49.25240438570483,49.22354298316211,3
2026-09-24,3M,Electronics Distributors,2,42.83515732779859,42.806295925255874,4
2026-09-24,3M,Specialty Stores,3,39.30626674571035,39.277405343167636,14
2026-09-24,3M,Medical Specialties,4,36.26125490232455,36.232393499781836,6
2026-09-24,3M,Food: Meat/Fish/Dairy,5,32.915630331672375,32.88676892912966,7
2026-09-24,3M,Electronic Components,6,28.859453165169644,28.830591762626927,4
2026-09-24,3M,Other Consumer Specialties,7,27.333505173444586,27.30464377090187,20
2026-09-24,3M,Electronics/Appliance Stores,8,27.25613703236654,27.227275629823822,3
2026-09-24,3M,Biotechnology,9,24.074736774198325,24.045875371655608,4
2026-09-24,3M,Commercial Printing/Forms,10,23.219346230683712,23.190484828140995,2
2026-09-24,3M,Airlines,11,22.001888159102478,21.97302675655976,4
2026-09-24,3M,Movies/Entertainment,12,21.133362095095798,21.10450069255308,9
2026-09-24,3M,Oil & Gas Production,13,17.754162378815824,17.725300976273108,3
2026-09-24,3M,Industrial Machinery,14,15.736698950960632,15.707837548417915,55
2026-09-24,3M,Containers/Packaging,15,13.920906798499287,13.89204539595657,12
2026-09-24,3M,Pulp & Paper,16,13.876164113136806,13.84730271059409,3
2026-09-24,3M,Electronic Production Equipment,17,12.563158750130414,12.534297347587698,9
2026-09-24,3M,Personnel Services,18,11.843230562774867,11.81436916023215,2
2026-09-24,3M,Pharmaceuticals: Major,19,11.497399457942304,11.468538055399588,83
2026-09-24,3M,Air Freight/Couriers,20,11.35084116494156,11.321979762398843,10
2026-09-24,3M,Restaurants,21,10.611074010802094,10.582212608259377,7
2026-09-24,3M,Textiles,22,9.890507934179729,9.861646531637012,27
2026-09-24,3M,Metal Fabrication,23,9.845517759289839,9.816656356747123,28
2026-09-24,3M,Auto Parts: OEM,24,9.59158436968638,9.562722967143664,52
2026-09-24,3M,Beverages: Alcoholic,25,9.404460110296872,9.375598707754156,9
2026-09-24,3M,Chemicals: Major Diversified,26,8.679620086823462,8.650758684280746,13
2026-09-24,3M,Medical/Nursing Services,27,8.366486229341808,8.337624826799091,11
2026-09-24,3M,Integrated Oil,28,7.30016168106746,7.271300278524744,7
2026-09-24,3M,Internet Retail,29,7.132718716403401,7.103857313860685,4
2026-09-24,3M,Electronics/Appliances,30,5.658418722617208,5.6295573200744915,8
2026-09-24,3M,Wholesale Distributors,31,4.905423858667084,4.8765624561243675,15
2026-09-24,3M,Telecommunications Equipment,32,4.229697723065995,4.200836320523279,5
2026-09-24,3M,Packaged Software,33,4.216019850283307,4.1871584477405905,37
2026-09-24,3M,Real Estate Development,34,4.184933710037522,4.156072307494806,40
2026-09-24,3M,Miscellaneous Commercial Services,35,4.085762113649645,4.056900711106929,33
2026-09-24,3M,Real Estate Investment Trusts,36,4.002658575918911,3.973797173376194,7
2026-09-24,3M,Information Technology Services,37,3.715888944828734,3.687027542286017,31
2026-09-24,3M,Chemicals: Specialty,38,3.680558251039896,3.651696848497179,57
2026-09-24,3M,Pharmaceuticals: Other,39,3.618370440632949,3.589509038090232,7
2026-09-24,3M,Other Transportation,40,3.115464287139443,3.086602884596726,4
2026-09-24,3M,Steel,41,3.053936998343131,3.025075595800414,51
2026-09-24,3M,Motor Vehicles,42,2.906016976697268,2.877155574154551,16
2026-09-24,3M,Hospital/Nursing Management,43,2.8265531984314722,2.7976917958887553,20
2026-09-24,3M,Office Equipment/Supplies,44,2.76471811926575,2.735856716723033,5
2026-09-24,3M,Agricultural Commodities/Milling,45,1.906399441462484,1.8775380389197673,27
2026-09-24,3M,Hotels/Resorts/Cruise lines,46,1.4172522017865197,1.388390799243803,13
2026-09-24,3M,Financial Conglomerates,47,1.1691367725092188,1.140275369966502,9
2026-09-24,3M,Other Metals/Minerals,48,1.0997559208926604,1.0708945183499436,18
2026-09-24,3M,Industrial Conglomerates,49,0.969038580437827,0.9401771778951102,5
2026-09-24,3M,Internet Software/Services,50,0.6843534792610284,0.6554920767183117,11
2026-09-24,3M,Homebuilding,51,0.5522532334265396,0.5233918308838228,4
2026-09-24,3M,Trucks/Construction/Farm Machinery,52,0.17873365770586824,0.14987225516315145,21
2026-09-24,3M,Investment Banks/Brokers,53,-0.012424033473073049,-0.04128543601578984,22
2026-09-24,3M,Trucking,54,-0.3520053812444832,-0.3808667837872,3
2026-09-24,3M,Investment Trusts/Mutual Funds,55,-0.6634594831699558,-0.6923208857126726,5
2026-09-24,3M,Forest Products,56,-0.8515093242342742,-0.8803707267769909,5
2026-09-24,3M,Regional Banks,57,-1.3890075454095148,-1.4178689479522315,19
2026-09-24,3M,Home Furnishings,58,-1.4369111797534109,-1.4657725822961276,7
2026-09-24,3M,Wireless Telecommunications,59,-1.4468369553505105,-1.4756983578932272,3
2026-09-24,3M,Industrial Specialties,60,-1.5132594191392168,-1.5421208216819335,30
2026-09-24,3M,Electrical Products,61,-1.5663811955739821,-1.5952425981166989,55
2026-09-24,3M,Aluminum,62,-1.7885758744069364,-1.8174372769496532,4
2026-09-24,3M,Finance/Rental/Leasing,63,-1.853758249068001,-1.8826196516107176,55
2026-09-24,3M,Electronic Equipment/Instruments,64,-2.4079298247199192,-2.436791227262636,8
2026-09-24,3M,Food: Specialty/Candy,65,-3.09653463879116,-3.125396041333877,18
2026-09-24,3M,Data Processing Services,66,-3.5761581976274055,-3.6050196001701225,3
2026-09-24,3M,Aerospace & Defense,67,-3.5802193352059026,-3.6090807377486196,9
2026-09-24,3M,Miscellaneous Manufacturing,68,-3.815009533479531,-3.843870936022248,12
2026-09-24,3M,Investment Managers,69,-3.956770959542793,-3.98563236208551,15
2026-09-24,3M,Life/Health Insurance,70,-4.440073440617986,-4.468934843160702,9
2026-09-24,3M,Marine Shipping,71,-4.463709201385997,-4.492570603928714,3
2026-09-24,3M,Engineering & Construction,72,-4.531860221243415,-4.560721623786131,59
2026-09-24,3M,Oil Refining/Marketing,73,-4.578804225035308,-4.607665627578024,6
2026-09-24,3M,Household/Personal Care,74,-4.704305187456571,-4.733166589999287,12
2026-09-24,3M,Apparel/Footwear Retail,75,-4.96675374177571,-4.9956151443184265,13
2026-09-24,3M,Construction Materials,76,-5.240971559316663,-5.26983296185938,22
2026-09-24,3M,Railroads,77,-5.3968933280328795,-5.425754730575596,2
2026-09-24,3M,Automotive Aftermarket,78,-5.502921837100961,-5.531783239643677,6
2026-09-24,3M,Semiconductors,79,-5.809442225372873,-5.8383036279155895,11
2026-09-24,3M,Major Banks,80,-5.882336209295729,-5.911197611838445,22
2026-09-24,3M,Food: Major Diversified,81,-6.296758282440297,-6.325619684983013,5
2026-09-24,3M,Apparel/Footwear,82,-6.385011523418357,-6.413872925961074,17
2026-09-24,3M,Chemicals: Agricultural,83,-6.510193008586966,-6.539054411129682,26
2026-09-24,3M,Building Products,84,-7.13253918400569,-7.161400586548407,12
2026-09-24,3M,Alternative Power Generation,85,-7.200106235624061,-7.228967638166777,9
2026-09-24,3M,Major Telecommunications,86,-8.873078712272168,-8.901940114814884,6
2026-09-24,3M,Financial Publishing/Services,87,-9.825049281892428,-9.853910684435144,2
2026-09-24,3M,Gas Distributors,88,-10.12258869989337,-10.151450102436087,6
2026-09-24,3M,Multi-Line Insurance,89,-10.443843977544695,-10.472705380087412,4
2026-09-24,3M,Specialty Insurance,90,-10.55737001231757,-10.586231414860286,2
2026-09-24,3M,Electric Utilities,91,-10.69006738861149,-10.718928791154207,24
2026-09-24,3M,Coal,92,-10.980183531943522,-11.009044934486239,4
2026-09-24,3M,Other Consumer Services,93,-12.286242712686795,-12.315104115229511,5
2026-09-24,3M,Broadcasting,94,-13.377831043714103,-13.40669244625682,3
2026-09-24,3M,Tobacco,95,-26.9346070498462,-26.963468452388916,4
